/* This file has been generated by psl-make-dafsa. DO NOT EDIT!

The byte array encodes effective tld names. See psl-make-dafsa source for documentation.*/

static const unsigned char tilefinch_psl_dafsa[53471] = {
  0x40, 0x40, 0x41, 0x00, 0x42, 0x9c, 0x50, 0x92, 0x44, 0x5a, 0x43, 0x6e,
  0x43, 0x6c, 0x4a, 0x9b, 0x52, 0x4e, 0x45, 0x44, 0x40, 0xb1, 0x47, 0x5f,
  0x47, 0x8b, 0x49, 0x82, 0x4c, 0x95, 0x46, 0x2e, 0x4a, 0xb9, 0x42, 0x3d,
  0x4a, 0x3f, 0x47, 0xce, 0x46, 0xfd, 0x47, 0x71, 0x47, 0x6b, 0x46, 0x92,
  0x4d, 0x7c, 0x48, 0x1b, 0x50, 0x8b, 0x0e, 0x03, 0x03, 0x0f, 0x0a, 0x15,
  0x11, 0x1e, 0xc0, 0xdb, 0xfa, 0x13, 0x0e, 0x04, 0x10, 0x13, 0x04, 0x06,
  0x12, 0x15, 0x20, 0x53, 0x4c, 0x60, 0x86, 0xf4, 0x60, 0x33, 0x03, 0xa8,
  0xf5, 0x02, 0x85, 0x73, 0xe8, 0xe0, 0xc1, 0x92, 0x65, 0x72, 0xe9, 0xe0,
  0xb8, 0x7a, 0xf4, 0xe0, 0xb2, 0x39, 0xf0, 0x02, 0x86, 0x69, 0x73, 0xe4,
  0xe0, 0x36, 0xa4, 0xae, 0x60, 0x8d, 0xd0, 0xe0, 0x24, 0x5d, 0xef, 0x02,
  0x8a, 0x6e, 0xe5, 0x04, 0xe0, 0xd0, 0x5f, 0xae, 0xe0, 0xa2, 0x07, 0x6d,
  0x62, 0xe9, 0xe0, 0xbe, 0x0c, 0xec, 0xe0, 0xae, 0x33, 0xe9, 0x41, 0xdd,
  0xe0, 0xcc, 0x8e, 0xe8, 0x02, 0x86, 0x79, 0x74, 0x6f, 0x6d, 0xf9, 0x86,
  0x69, 0x74, 0x6f, 0x6d, 0x69, 0xf2, 0xe0, 0xb1, 0xfa, 0xe7, 0x02, 0x8c,
  0x6f, 0xf2, 0x04, 0xe0, 0xbd, 0xed, 0x7a, 0x65, 0xec, 0xe0, 0xb8, 0x7e,
  0x69, 0x65, 0xf2, 0xe0, 0x68, 0xc5, 0xe5, 0x03, 0x0f, 0x87, 0x72, 0xef,
  0x04, 0xe0, 0xd0, 0x1a, 0x70, 0x73, 0xae, 0x60, 0x20, 0xff, 0xe0, 0x9a,
  0x2f, 0x6e, 0x74, 0x73, 0xf5, 0xe0, 0x75, 0x93, 0x61, 0x62, 0xf5, 0xe0,
  0x9d, 0x8f, 0xe1, 0x0b, 0x06, 0x1c, 0x08, 0x12, 0x05, 0x0a, 0x04, 0xe0,
  0x28, 0xb2, 0xf2, 0x60, 0xc0, 0xca, 0xcd, 0x3e, 0xf0, 0x06, 0x05, 0x04,
  0xe0, 0xc5, 0x52, 0x74, 0xef, 0xe0, 0xcc, 0xa9, 0xf0, 0xe0, 0xaa, 0xc6,
  0x6f, 0x72, 0x69, 0x7a, 0x68, 0x7a, 0xe8, 0x59, 0x22, 0xe0, 0x24, 0x10,
  0x6d, 0xe1, 0x60, 0x8c, 0x28, 0xe0, 0x3e, 0x08, 0xeb, 0x02, 0x87, 0x6f,
  0x70, 0x61, 0xee, 0xe0, 0x90, 0x4a, 0x61, 0x72, 0x70, 0x61, 0x74, 0xf4,
  0xd9, 0x05, 0x67, 0xe1, 0xe0, 0xba, 0xe1, 0x63, 0x68, 0x70, 0x6f, 0x6d,
  0x6f, 0xf2, 0xe0, 0xca, 0x15, 0xe2, 0xe0, 0xcb, 0xcd, 0xae, 0x60, 0x8c,
  0x45, 0x60, 0x40, 0x24, 0x42, 0x2b, 0xc0, 0xbd, 0xf9, 0x0f, 0x40, 0x4d,
  0x40, 0xc0, 0x09, 0x04, 0x04, 0x0a, 0x60, 0x98, 0xa2, 0xe0, 0x33, 0xbc,
  0xf5, 0x0d, 0x07, 0x0b, 0x0d, 0x0d, 0x0a, 0x04, 0x60, 0x85, 0x96, 0xe0,
  0x48, 0x3b, 0x7a, 0xe1, 0x60, 0x7a, 0x3e, 0xd8, 0xeb, 0x73, 0xf5, 0x04,
  0xe0, 0xc6, 0x71, 0x68, 0xe1, 0xe0, 0x58, 0xbd, 0xf2, 0x04, 0xe0, 0xc2,
  0xa5, 0x69, 0x68, 0x6f, 0x6e, 0xea, 0xe0, 0x93, 0xa2, 0xeb, 0x04, 0xe0,
  0xb0, 0xae, 0x75, 0x68, 0x61, 0x73, 0xe8, 0xe0, 0x80, 0xc2, 0x67, 0x61,
  0x77, 0xe1, 0x60, 0x7b, 0x3a, 0xe0, 0x4d, 0x04, 0xe6, 0xe0, 0xba, 0x16,
  0x61, 0xf3, 0xe0, 0xc2, 0x80, 0xef, 0x0d, 0x0f, 0x0a, 0x22, 0x09, 0x16,
  0x06, 0x05, 0x3d, 0x09, 0xe0, 0x7d, 0x72, 0xf5, 0x05, 0x05, 0xe0, 0xcf,
  0x28, 0x74, 0xf5, 0xe0, 0x6a, 0x82, 0xb2, 0xe0, 0xba, 0x48, 0x74, 0x73,
  0x75, 0x6b, 0x61, 0x69, 0xe4, 0xe0, 0xcc, 0xe0, 0x73, 0x68, 0xe9, 0x08,
  0x0b, 0x04, 0x60, 0x75, 0x47, 0xdd, 0xfa, 0x6e, 0xef, 0x04, 0xe0, 0xc5,
  0x02, 0x67, 0xe1, 0xe0, 0x81, 0x17, 0xeb, 0xe0, 0x4d, 0x9b, 0x64, 0x61,
  0x2e, 0xf3, 0x60, 0xc2, 0x86, 0x88, 0xf2, 0x04, 0xe0, 0x8e, 0xa7, 0xe9,
  0xe0, 0x79, 0x3d, 0xee, 0x05, 0x04, 0xe0, 0x93, 0x35, 0xe5, 0xe0, 0x4f,
  0x3f, 0xe1, 0x04, 0xe0, 0x8a, 0x63, 0xe7, 0x60, 0x38, 0x39, 0xe0, 0x91,
  0x41, 0x6d, 0x69, 0xf4, 0xe0, 0x90, 0x05, 0x6c, 0xe1, 0xe0, 0x67, 0xe3,
  0xeb, 0x03, 0x21, 0x88, 0xef, 0x06, 0x04, 0x10, 0xe0, 0x4e, 0x8c, 0xfa,
  0xe0, 0x73, 0x84, 0xf3, 0x04, 0xe0, 0x85, 0xe1, 0x68, 0x69, 0x62, 0x61,
  0x68, 0x69, 0x6b, 0xe1, 0xe0, 0x73, 0x3d, 0x68, 0x61, 0xed, 0xe0, 0x58,
  0x39, 0x6b, 0x61, 0x69, 0x63, 0xe8, 0xe0, 0x70, 0x79, 0xe1, 0x07, 0x60,
  0x80, 0x1d, 0xe0, 0x48, 0xc2, 0x69, 0x63, 0x68, 0x69, 0xe2, 0xe0, 0x89,
  0x57, 0xe9, 0x04, 0xe0, 0x71, 0xdd, 0xf4, 0xe0, 0x79, 0x4c, 0x64, 0x6f,
  0x62, 0xe1, 0xe0, 0x5e, 0xa8, 0xee, 0x04, 0xe0, 0xb7, 0xd3, 0xe8, 0xe0,
  0xcd, 0xbc, 0xeb, 0xe0, 0xb9, 0xd9, 0x69, 0xe3, 0xd7, 0xee, 0xe5, 0x04,
  0xe0, 0xce, 0x6b, 0x6e, 0xe2, 0xe0, 0xa2, 0x33, 0xe1, 0x12, 0x0e, 0x17,
  0x20, 0x0c, 0x07, 0x12, 0x40, 0x92, 0x0b, 0x10, 0x09, 0x0f, 0x04, 0x16,
  0xe0, 0xad, 0xe1, 0x77, 0xe1, 0x04, 0xe0, 0x73, 0x09, 0x74, 0xe1, 0x60,
  0x53, 0x7b, 0xe0, 0x69, 0x5b, 0xf4, 0x02, 0x8f, 0x73, 0xf5, 0x02, 0x87,
  0x73, 0x68, 0x69, 0xf2, 0xe0, 0xc1, 0xb4, 0xeb, 0xe0, 0x89, 0x46, 0x6f,
  0xed, 0xe0, 0xc7, 0x48, 0xf3, 0x05, 0x10, 0xe0, 0x80, 0x84, 0xf5, 0x07,
  0x04, 0x60, 0xc6, 0xbe, 0xc0, 0x6d, 0xef, 0xe0, 0x80, 0x8c, 0xe4, 0xe0,
  0x5b, 0xd8, 0x68, 0xe9, 0x04, 0xe0, 0x92, 0x62, 0xf2, 0xe0, 0xc6, 0x39,
  0x72, 0x72, 0x6f, 0x77, 0x2d, 0x70, 0x6f, 0x69, 0xee, 0xe0, 0x71, 0x26,
  0xef, 0x60, 0x73, 0x00, 0xe0, 0x58, 0xe2, 0xee, 0x02, 0x89, 0x64, 0x65,
  0xf8, 0x60, 0xa7, 0x53, 0xe0, 0x26, 0xa2, 0xe1, 0x60, 0x37, 0x86, 0xdb,
  0x2d, 0xed, 0x04, 0xe0, 0x6b, 0xcf, 0xe1, 0x09, 0x05, 0x04, 0x25, 0x07,
  0x1f, 0x06, 0x06, 0x98, 0x7a, 0xef, 0xe0, 0x5d, 0xf6, 0xf8, 0xe0, 0xa5,
  0x8c, 0xf4, 0x02, 0x85, 0x73, 0xf5, 0xe0, 0x6d, 0x88, 0xef, 0x03, 0x07,
  0x87, 0x74, 0x61, 0x6b, 0xe1, 0xe0, 0x47, 0x92, 0x6b, 0x6f, 0x72, 0xe9,
  0xe0, 0x73, 0xe5, 0xae, 0x04, 0xe0, 0xc6, 0xa1, 0xeb, 0x60, 0xc4, 0xb8,
  0xc3, 0x57, 0x73, 0x68, 0x69, 0xee, 0xe0, 0x91, 0xa5, 0xee, 0x02, 0x8b,
  0xef, 0x02, 0x84, 0xf5, 0xe0, 0x30, 0x6f, 0xe2, 0xe0, 0x85, 0x95, 0xe1,
  0x02, 0x89, 0x73, 0x68, 0x69, 0xae, 0x60, 0xae, 0x09, 0xdd, 0x92, 0x6b,
  0xe1, 0xe0, 0x91, 0xee, 0x6d, 0x6f, 0xf4, 0xe0, 0x26, 0x8c, 0x6b, 0x69,
  0xf4, 0xe0, 0xc7, 0xd8, 0xe7, 0x04, 0xe0, 0xcb, 0x04, 0xe1, 0x04, 0xe0,
  0xc4, 0x75, 0x74, 0x61, 0xae, 0x60, 0xc0, 0x10, 0x42, 0xdf, 0x41, 0x38,
  0x45, 0xc3, 0xc1, 0x8e, 0x64, 0x61, 0xae, 0x60, 0x91, 0xf6, 0x60, 0x2d,
  0xa7, 0xc0, 0x6b, 0xec, 0x02, 0x84, 0xf4, 0xe0, 0xa6, 0xf3, 0xe9, 0xe0,
  0xb1, 0xa0, 0xeb, 0x02, 0x89, 0x75, 0x6d, 0x6f, 0xae, 0x60, 0xc5, 0xea,
  0xc5, 0x5d, 0x61, 0xe7, 0xd4, 0xb4, 0xe9, 0x04, 0xe0, 0x70, 0xf5, 0xf4,
  0xe0, 0xbf, 0x7c, 0xe8, 0x05, 0x04, 0xe0, 0x24, 0x55, 0xe9, 0xe0, 0x58,
  0x4a, 0x61, 0xe2, 0xe0, 0x5c, 0xb9, 0x65, 0xf3, 0xda, 0x35, 0x63, 0xe8,
  0x04, 0xe0, 0xc1, 0x90, 0xe9, 0x02, 0x88, 0x79, 0x6f, 0xae, 0x60, 0xc3,
  0xce, 0xc7, 0x0b, 0x6d, 0xe1, 0xe0, 0x55, 0x2f, 0x62, 0xf5, 0x60, 0x77,
  0x1a, 0xe0, 0x50, 0x34, 0xf8, 0x11, 0x07, 0x0d, 0x0a, 0x08, 0x50, 0x09,
  0x09, 0x04, 0x0c, 0x1c, 0x05, 0x08, 0x07, 0xe0, 0x78, 0x75, 0x79, 0xfa,
  0x60, 0xcb, 0x58, 0xc1, 0x96, 0xf8, 0x02, 0x86, 0xf8, 0x60, 0xca, 0xb0,
  0xc2, 0x35, 0xae, 0xe0, 0xc8, 0xaf, 0x74, 0x6f, 0x6f, 0x6c, 0x64, 0x65,
  0xf6, 0xe0, 0x9f, 0x24, 0x73, 0x34, 0x61, 0x6c, 0xec, 0xe0, 0xc1, 0x1a,
  0x6e, 0x2d, 0xad, 0x39, 0x16, 0x40, 0x43, 0x21, 0x2e, 0x40, 0xd6, 0x3a,
  0x40, 0xab, 0x41, 0x05, 0x40, 0xcc, 0x26, 0x31, 0x40, 0x48, 0x40, 0x91,
  0x41, 0xaf, 0x40, 0x9c, 0x40, 0xdd, 0x40, 0x48, 0x2e, 0x40, 0xe0, 0x40,
  0x91, 0x40, 0xb7, 0x3e, 0x40, 0x50, 0x40, 0x8d, 0x40, 0xff, 0x39, 0x3a,
  0x40, 0x5e, 0x09, 0x25, 0x40, 0x6b, 0x40, 0x67, 0x3a, 0x13, 0xc0, 0x5f,
  0xfa, 0x02, 0x8d, 0xe6, 0x02, 0x84, 0x72, 0xb1, 0xca, 0xfe, 0x30, 0x61,
  0x76, 0xf8, 0xcb, 0xe0, 0x62, 0x78, 0x30, 0xb2, 0xce, 0x60, 0xf9, 0x05,
  0x11, 0x14, 0x0a, 0x87, 0x73, 0x74, 0x72, 0x65, 0x2d, 0x73, 0x6c, 0x69,
  0x64, 0x72, 0x65, 0x2d, 0x75, 0xea, 0xe0, 0x34, 0xe9, 0xe7, 0x02, 0x88,
  0x62, 0x69, 0x32, 0x61, 0xed, 0xe0, 0x8c, 0x3d, 0x61, 0x72, 0x64, 0x65,
  0x6e, 0x2d, 0xf0, 0xc9, 0x0c, 0x66, 0x72, 0x6f, 0x34, 0x69, 0x36, 0xb7,
  0xe0, 0xca, 0x77, 0x65, 0x72, 0x2d, 0xfa, 0xe0, 0xbf, 0x59, 0x39, 0x61,
  0x33, 0xe1, 0xe0, 0xa8, 0x40, 0xf8, 0x02, 0x98, 0x6b, 0x63, 0xb2, 0x02,
  0x8b, 0x64, 0x6c, 0x33, 0x61, 0x35, 0x65, 0x65, 0xb0, 0xe0, 0xc9, 0x26,
  0x61, 0x6c, 0x33, 0x68, 0x79, 0xe5, 0xcd, 0x2a, 0x68, 0x71, 0x35, 0xb2,
  0xcf, 0x12, 0xf7, 0x03, 0x0a, 0x88, 0x67, 0xe2, 0x02, 0x83, 0xec, 0xc4,
  0x5f, 0xe8, 0xce, 0x6a, 0x63, 0x76, 0x73, 0x32, 0x32, 0xe4, 0xc9, 0x89,
  0x34, 0xf2, 0x02, 0x86, 0x73, 0x34, 0xb0, 0xe0, 0xc9, 0x39, 0x38, 0x35,
  0x65, 0x6c, 0x38, 0x66, 0x68, 0x75, 0x35, 0x64, 0xee, 0xe0, 0xb0, 0xfe,
  0xf6, 0x07, 0x06, 0x19, 0x19, 0x06, 0x1f, 0xb9, 0x75, 0x71, 0x38, 0xb6,
  0xce, 0xd6, 0xf2, 0x04, 0x09, 0xc4, 0x4e, 0x67, 0x67, 0x74, 0x2d, 0x78,
  0xf1, 0xe0, 0x93, 0xdf, 0x65, 0x2d, 0x65, 0x69, 0x6b, 0x65, 0x72, 0x2d,
  0xeb, 0xc7, 0x38, 0x6c, 0x65, 0x72, 0x2d, 0x71, 0x6f, 0x61, 0xae, 0x03,
  0xd6, 0xc3, 0x78, 0x6e, 0x2d, 0x2d, 0x73, 0x74, 0x66, 0x6f, 0x6c, 0x64,
  0x2d, 0xb9, 0xcc, 0x0d, 0x68, 0x71, 0xf5, 0xe0, 0xc7, 0x45, 0xe7, 0x04,
  0x06, 0x09, 0x86, 0x75, 0x34, 0x30, 0xb2, 0xcd, 0x75, 0x73, 0x79, 0x2d,
  0x71, 0x6f, 0x61, 0xb0, 0xc6, 0xef, 0x61, 0x6e, 0x2d, 0xf1, 0xcb, 0x66,
  0x2d, 0x79, 0xe9, 0xcb, 0x9e, 0xe5, 0x03, 0x0d, 0x9e, 0x73, 0x74, 0x76,
  0x67, 0x79, 0x2d, 0x69, 0x78, 0x61, 0xb6, 0xe0, 0xc1, 0x7b, 0x72, 0x6d,
  0x67, 0x65, 0x6e, 0x73, 0x62, 0x65, 0x72, 0x61, 0xf4, 0x02, 0x89, 0x75,
  0x6e, 0x67, 0x2d, 0x70, 0xf7, 0xe0, 0xbe, 0xf6, 0x65, 0x72, 0x2d, 0x63,
  0xf4, 0xe0, 0xbe, 0xee, 0x67, 0x72, 0x73, 0x68, 0x65, 0x69, 0x2d, 0xe3,
  0xc9, 0x07, 0xe1, 0x03, 0x04, 0xac, 0x72, 0xe4, 0xc9, 0x8d, 0x6c, 0x6c,
  0xe5, 0x03, 0x02, 0x8b, 0xe4, 0x9b, 0x61, 0x6f, 0x73, 0x74, 0x65, 0x2d,
  0x65, 0xb7, 0xe0, 0xc2, 0xfb, 0xad, 0x02, 0x8c, 0x64, 0x2d, 0x61, 0x6f,
  0x73, 0x74, 0x65, 0x2d, 0x65, 0xe8, 0xd5, 0xc1, 0x61, 0x6f, 0x73, 0x74,
  0x65, 0x2d, 0x65, 0xe2, 0xd5, 0xb7, 0x64, 0xf3, 0xc9, 0x5d, 0xf5, 0x04,
  0x08, 0x12, 0x8d, 0x75, 0x77, 0x75, 0x35, 0xb8, 0xe0, 0xc8, 0xec, 0xee,
  0x02, 0x86, 0x75, 0x70, 0xb4, 0xe0, 0xc8, 0x57, 0x6a, 0x72, 0x67, 0x61,
  0x2d, 0xf2, 0xe0, 0xc3, 0x25, 0x69, 0xf3, 0x02, 0x84, 0x7a, 0xb3, 0xc3,
  0x63, 0x74, 0x32, 0xb2, 0xcd, 0x9c, 0x63, 0x30, 0xe1, 0x02, 0x85, 0x79,
  0x34, 0xe1, 0xca, 0x3c, 0x74, 0xf6, 0xc8, 0x61, 0xf4, 0x09, 0x09, 0x40,
  0x66, 0x08, 0x0f, 0x05, 0x0a, 0x86, 0x79, 0x73, 0x76, 0x72, 0x2d, 0xf6,
  0xe0, 0xbb, 0x84, 0xf2, 0x07, 0x07, 0x09, 0x40, 0x4b, 0xc8, 0x73, 0x6f,
  0x6d, 0x73, 0x2d, 0xfa, 0xcb, 0x78, 0x67, 0x73, 0x74, 0x61, 0x64, 0x2d,
  0xf2, 0xc7, 0x6a, 0x65, 0x6e, 0x74, 0x69, 0xee, 0x03, 0x0e, 0x9b, 0x73,
  0xe4, 0x03, 0xcb, 0x37, 0x2d, 0x74, 0x69, 0x72, 0x6f, 0x6c, 0x2d, 0xb6,
  0xa8, 0xef, 0x02, 0x99, 0x2d, 0x73, 0xe4, 0x02, 0x88, 0x74, 0x69, 0x72,
  0x6f, 0x6c, 0x2d, 0xf3, 0xa3, 0x2d, 0x74, 0x69, 0x72, 0x6f, 0x6c, 0x2d,
  0x63, 0xb3, 0xd5, 0x1d, 0x2d, 0x73, 0xe4, 0x02, 0x8a, 0x74, 0x69, 0x72,
  0x6f, 0x6c, 0x2d, 0x37, 0xf6, 0xd5, 0x0e, 0x2d, 0x74, 0x69, 0x72, 0x6f,
  0x6c, 0x2d, 0x72, 0xfa, 0xd5, 0x03, 0xe1, 0xc8, 0xe4, 0x6f, 0x72, 0x31,
  0x33, 0xb1, 0xe0, 0xc8, 0x61, 0xee, 0x02, 0x87, 0x73, 0x62, 0x65, 0x72,
  0xe7, 0xc7, 0x08, 0x30, 0x61, 0xe7, 0xc9, 0xa8, 0x6a, 0x6d, 0xe5, 0xc8,
  0x51, 0x69, 0x71, 0x34, 0x39, 0x78, 0x71, 0xf9, 0xe0, 0xc7, 0x88, 0x63,
  0x6b, 0xf7, 0xe0, 0xc8, 0x85, 0x36, 0x30, 0x62, 0xb5, 0xc2, 0x81, 0xf3,
  0x0d, 0x26, 0x3c, 0x25, 0x07, 0x08, 0x2b, 0x04, 0x0f, 0x0c, 0x13, 0xc4,
  0x47, 0xf4, 0x02, 0x8c, 0x72, 0x65, 0x2d, 0x74, 0x6f, 0x74, 0x65, 0x6e,
  0x2d, 0xfa, 0xc0, 0x6e, 0x6a, 0x72, 0x64, 0x61, 0xec, 0x02, 0x8c, 0x73,
  0x68, 0x61, 0x6c, 0x73, 0x65, 0x6e, 0x2d, 0xf3, 0xe0, 0x32, 0x82, 0x2d,
  0xf3, 0xc6, 0xb6, 0xf2, 0x04, 0x04, 0x07, 0x86, 0x75, 0xed, 0xca, 0x01,
  0x72, 0x65, 0x69, 0x73, 0xe1, 0xc6, 0xa4, 0x66, 0x6f, 0x6c, 0xe4, 0xc6,
  0x00, 0xad, 0x04, 0x0c, 0x06, 0x85, 0x76, 0x61, 0x72, 0x61, 0x6e, 0x67,
  0x65, 0x72, 0x2d, 0xe7, 0xc0, 0xa4, 0x6f, 0x64, 0x61, 0xec, 0xc6, 0x87,
  0x66, 0x72, 0xef, 0xc4, 0xc3, 0x61, 0x75, 0x72, 0x64, 0x61, 0x6c, 0x2d,
  0xec, 0xc5, 0x34, 0xee, 0x04, 0x06, 0x04, 0x8e, 0x73, 0x61, 0x2d, 0xf2,
  0xc9, 0x90, 0x65, 0xf3, 0xc1, 0x4d, 0x64, 0x72, 0x65, 0x2d, 0x6c, 0x61,
  0x6e, 0x64, 0x2d, 0x30, 0xe3, 0xe0, 0x32, 0x26, 0x61, 0x73, 0x65, 0x2d,
  0xee, 0xe0, 0xba, 0x57, 0xed, 0x03, 0xc8, 0x81, 0xec, 0xc7, 0x9e, 0xec,
  0x03, 0xc9, 0xa2, 0x61, 0xf4, 0xc0, 0xd5, 0xeb, 0x03, 0x11, 0x8d, 0xee,
  0x02, 0x88, 0x6c, 0x61, 0x6e, 0x64, 0x2d, 0xe6, 0xc9, 0xdf, 0x69, 0x74,
  0x2d, 0xf9, 0xc9, 0xa5, 0xea, 0x02, 0x85, 0x6b, 0x2d, 0xf3, 0xc9, 0x4a,
  0x65, 0x72, 0xf6, 0xc0, 0xef, 0x69, 0x65, 0x72, 0x76, 0x2d, 0xf5, 0xe0,
  0xc1, 0x90, 0x67, 0xee, 0xc7, 0x74, 0xe5, 0x02, 0x87, 0x73, 0x35, 0x35,
  0xb4, 0xe0, 0xc9, 0x50, 0x72, 0x61, 0xec, 0xc7, 0xac, 0x64, 0x74, 0x69,
  0x72, 0x6f, 0x6c, 0x2d, 0x6e, 0xb2, 0xe0, 0xc1, 0x0b, 0x61, 0x6e, 0xe4,
  0x03, 0xc9, 0xf6, 0x6e, 0x65, 0x73, 0x73, 0x6a, 0x65, 0x6e, 0x2d, 0x6f,
  0xe7, 0xe0, 0x31, 0xb2, 0x39, 0xe2, 0xcb, 0xee, 0xf2, 0x0d, 0x10, 0x0b,
  0x16, 0x05, 0x08, 0x06, 0x07, 0x11, 0x0d, 0x32, 0x0a, 0x96, 0xf9, 0x02,
  0x86, 0x72, 0x76, 0x69, 0xeb, 0xc5, 0x2e, 0x6b, 0x65, 0x6e, 0x2d, 0xf6,
  0xc9, 0xcc, 0x76, 0x63, 0x31, 0x65, 0x30, 0x61, 0x6d, 0xb3, 0xe0, 0xc7,
  0x51, 0xf3, 0x02, 0x8e, 0xf4, 0x02, 0x86, 0x61, 0x2d, 0xe6, 0xe0, 0xb9,
  0xb2, 0x2d, 0xb0, 0xe0, 0xbc, 0x09, 0x6b, 0x6f, 0xe7, 0xc4, 0x35, 0x72,
  0x6f, 0xf3, 0xc8, 0xf5, 0x6f, 0x76, 0x75, 0x38, 0xb8, 0xe0, 0xbc, 0x76,
  0x6e, 0x79, 0x33, 0xb1, 0xcb, 0x8c, 0x6d, 0x73, 0x6b, 0x6f, 0xe7, 0xc4,
  0xec, 0xec, 0x02, 0x89, 0x69, 0x6e, 0x67, 0x65, 0x6e, 0x2d, 0xed, 0xc9,
  0x28, 0x61, 0x6e, 0xe4, 0xc4, 0x0a, 0x69, 0xf3, 0x02, 0x83, 0xf2, 0xc9,
  0xa3, 0x61, 0x2d, 0xb5, 0xe0, 0xbb, 0xcc, 0xe8, 0x04, 0x12, 0x07, 0x88,
  0xf4, 0x03, 0x05, 0x83, 0x36, 0xb1, 0xe0, 0xc2, 0xf9, 0xb3, 0xcb, 0x89,
  0x32, 0x37, 0xfa, 0xe0, 0xc6, 0xa5, 0x71, 0x76, 0x39, 0xb6, 0xe0, 0xc8,
  0x93, 0x6f, 0x6c, 0x74, 0x2d, 0xed, 0xe0, 0xb9, 0x4a, 0x6b, 0x6b, 0x65,
  0x72, 0x76, 0x6a, 0x75, 0x2d, 0x30, 0xb1, 0xc1, 0x7f, 0x65, 0x6e, 0x6e,
  0x65, 0x73, 0x79, 0x2d, 0xf6, 0xc5, 0x32, 0xe4, 0x03, 0x06, 0x86, 0x79,
  0x2d, 0x30, 0xee, 0xc8, 0x86, 0x65, 0x2d, 0xf5, 0xe0, 0x42, 0x1e, 0x61,
  0x6c, 0x2d, 0xf0, 0xc8, 0x3d, 0xe1, 0xc9, 0x46, 0xf1, 0x05, 0x07, 0x07,
  0x07, 0x86, 0x78, 0xe1, 0x40, 0xa6, 0xe0, 0xc4, 0xeb, 0x71, 0x71, 0x74,
  0x31, 0xb1, 0xc7, 0xe3, 0x63, 0x6b, 0x61, 0x31, 0xf0, 0xdd, 0x63, 0x39,
  0x6a, 0x79, 0xe2, 0xc8, 0xc8, 0x37, 0x63, 0xe5, 0xc0, 0x8a, 0xf0, 0x04,
  0x0e, 0x0e, 0x88, 0x73, 0xf3, 0x02, 0x83, 0xf9, 0xc9, 0x31, 0x75, 0x33,
  0x33, 0xec, 0xe0, 0xc6, 0x2e, 0x6f, 0x72, 0x73, 0x67, 0x75, 0x2d, 0x73,
  0x74, 0x61, 0x32, 0xb6, 0xe0, 0x84, 0xed, 0x67, 0x62, 0x73, 0x30, 0xe4,
  0xe0, 0xc5, 0x0f, 0x31, 0xe1, 0x60, 0x27, 0x7c, 0xe0, 0x9e, 0x13, 0xef,
  0x07, 0x08, 0x0b, 0x0a, 0x05, 0x0e, 0x8a, 0x74, 0x75, 0x37, 0x39, 0xb6,
  0xe0, 0xc5, 0x60, 0xf3, 0x02, 0x85, 0x79, 0x72, 0xef, 0xc6, 0xd7, 0xf4,
  0xc4, 0x47, 0x70, 0x70, 0x65, 0x67, 0x72, 0x64, 0x2d, 0xe9, 0xc8, 0x45,
  0x67, 0x62, 0xf0, 0xc1, 0x75, 0x64, 0x30, 0xe1, 0x02, 0x85, 0x71, 0x33,
  0xe2, 0xc7, 0x31, 0x6c, 0xe7, 0xc9, 0xc9, 0x33, 0xe3, 0x03, 0xca, 0xec,
  0x79, 0x78, 0xb2, 0xca, 0xd0, 0x31, 0x61, 0xe3, 0x48, 0xdd, 0xb5, 0xee,
  0x0a, 0x08, 0x0c, 0x1f, 0x0a, 0x0f, 0x04, 0x08, 0x12, 0x87, 0x79, 0x71,
  0x79, 0x32, 0xb6, 0xe0, 0xc5, 0xbc, 0x76, 0x75, 0x6f, 0x74, 0x6e, 0x61,
  0x2d, 0x68, 0xf7, 0xe0, 0xbf, 0xd1, 0xf4, 0x02, 0x8b, 0x74, 0x65, 0x72,
  0x79, 0x2d, 0x62, 0x79, 0xe1, 0xe0, 0xc5, 0xb3, 0xf3, 0x02, 0x87, 0x71,
  0x31, 0x37, 0xe7, 0xe0, 0xc5, 0x91, 0x6f, 0x30, 0x69, 0x71, 0xf8, 0xc6,
  0x17, 0x72, 0x79, 0x2d, 0x79, 0x6c, 0x61, 0xb5, 0xe0, 0xbe, 0xea, 0x71,
  0x76, 0x37, 0xe6, 0x04, 0xe0, 0xc7, 0x6b, 0x73, 0x30, 0x30, 0xe5, 0xe0,
  0x3b, 0x46, 0xef, 0xe0, 0x83, 0xdc, 0x6e, 0x78, 0x33, 0x38, 0xb8, 0xe0,
  0xc5, 0x6c, 0x6d, 0x65, 0x73, 0x6a, 0x65, 0x76, 0x75, 0x65, 0x6d, 0x69,
  0x65, 0x2d, 0x74, 0x63, 0xe2, 0xe0, 0xbf, 0x7b, 0x69, 0x74, 0x32, 0x32,
  0xb5, 0xc9, 0x77, 0x67, 0xe2, 0x03, 0x04, 0x85, 0xf2, 0xe0, 0xbe, 0x02,
  0x65, 0x39, 0xe5, 0xc8, 0x33, 0x63, 0x35, 0x61, 0xfa, 0xe0, 0xc4, 0x97,
  0xed, 0x0d, 0x0a, 0x05, 0x11, 0x0a, 0x21, 0x1a, 0x16, 0x0b, 0x10, 0x40,
  0xf5, 0x8e, 0x78, 0x74, 0x71, 0x31, 0xed, 0x44, 0xa0, 0xe0, 0xc2, 0x77,
  0x75, 0x6f, 0xf3, 0xc7, 0x3d, 0x74, 0x74, 0x61, 0x2d, 0x76, 0x72, 0x6a,
  0x6a, 0x61, 0x74, 0x2d, 0x6b, 0x37, 0xe1, 0xe0, 0x83, 0xd6, 0x73, 0x79,
  0x2d, 0x75, 0x6c, 0x61, 0xb0, 0xe0, 0x83, 0xf3, 0xef, 0x03, 0x02, 0x89,
  0xf4, 0xa7, 0x73, 0x6a, 0x65, 0x6e, 0x2d, 0xe5, 0xe0, 0x8b, 0xcc, 0xf2,
  0x02, 0x88, 0x69, 0x2d, 0x71, 0x73, 0xe1, 0xe0, 0x88, 0xea, 0x65, 0x6b,
  0x65, 0x2d, 0xea, 0xc7, 0x95, 0xec, 0x03, 0x06, 0x86, 0x73, 0x65, 0x6c,
  0xf6, 0xc2, 0x9f, 0x69, 0x2d, 0xf4, 0xe0, 0x40, 0x7c, 0x61, 0x74, 0x76,
  0x75, 0x6f, 0x70, 0x6d, 0xe9, 0xc7, 0x11, 0xeb, 0x03, 0x07, 0x86, 0x72,
  0x75, 0x34, 0xb5, 0xe0, 0xc4, 0x41, 0x31, 0x62, 0x75, 0xb4, 0xc7, 0x35,
  0x30, 0x61, 0xf8, 0xc4, 0x35, 0x6a, 0x6e, 0x64, 0x61, 0x6c, 0x65, 0x6e,
  0x2d, 0xb6, 0xc7, 0x0b, 0x69, 0xf8, 0x02, 0x86, 0x38, 0x39, 0xb1, 0xe0,
  0xb9, 0x81, 0x30, 0x38, 0xb2, 0xe0, 0xb9, 0x7b, 0x67, 0xe2, 0x0d, 0x08,
  0x15, 0x14, 0x06, 0x09, 0x05, 0x10, 0x1c, 0x0b, 0x40, 0x5d, 0x87, 0x78,
  0x34, 0x63, 0x64, 0xb0, 0xe0, 0x35, 0x7e, 0xf4, 0x03, 0x05, 0x86, 0x78,
  0xb2, 0xe0, 0xba, 0x02, 0x66, 0x38, 0xe6, 0xe0, 0xc3, 0xa5, 0x33, 0x64,
  0xe8, 0xe0, 0xc3, 0xc7, 0x71, 0x6c, 0x79, 0x37, 0xe3, 0x02, 0x85, 0x76,
  0xe1, 0xe0, 0xb8, 0x35, 0x30, 0x61, 0x36, 0x37, 0xe6, 0xe0, 0x7a, 0xdc,
  0x70, 0x6c, 0xb2, 0xe0, 0x69, 0x42, 0x69, 0x34, 0x65, 0x63, 0x65, 0xf8,
  0xe0, 0xc4, 0x55, 0x67, 0x75, 0xb8, 0xc7, 0x42, 0x65, 0x72, 0x70, 0x34,
  0x61, 0x35, 0x64, 0x34, 0xe1, 0x04, 0xe0, 0xc4, 0x91, 0xb8, 0xc5, 0xc6,
  0xe3, 0x03, 0x08, 0x87, 0x70, 0x71, 0x36, 0x67, 0x70, 0xe1, 0xc7, 0x8d,
  0x61, 0x37, 0x64, 0xfa, 0xe0, 0xc3, 0xb9, 0x30, 0x61, 0x39, 0x61, 0x7a,
  0xe3, 0xe0, 0xc6, 0x08, 0x62, 0x68, 0x31, 0xe1, 0x04, 0xe0, 0xc5, 0xfe,
  0xb7, 0xc4, 0x42, 0xe1, 0x07, 0x07, 0x16, 0x0a, 0x05, 0x06, 0x88, 0x79,
  0x68, 0x37, 0xe7, 0xe0, 0xc3, 0x9a, 0x69, 0x39, 0xe1, 0x02, 0x88, 0x7a,
  0x67, 0x71, 0x70, 0xb6, 0xe0, 0xc3, 0x30, 0x35, 0x65, 0x76, 0x61, 0x30,
  0xb0, 0xe0, 0xb9, 0x72, 0x68, 0x31, 0x61, 0x33, 0x68, 0x6a, 0xeb, 0xe0,
  0xb2, 0xa5, 0x62, 0xb2, 0xe0, 0xc0, 0x50, 0x61, 0x6d, 0x37, 0xe1, 0xc4,
  0x87, 0x37, 0x63, 0x30, 0x62, 0x62, 0xee, 0xc6, 0xbb, 0x33, 0xe1, 0x02,
  0x91, 0x34, 0xe6, 0x02, 0x82, 0xf2, 0x83, 0x31, 0x36, 0xe1, 0x04, 0xe0,
  0xc5, 0xa8, 0xae, 0xe0, 0x78, 0xda, 0x33, 0x65, 0xea, 0xe0, 0xc3, 0x99,
  0x39, 0x61, 0x77, 0xe2, 0xe0, 0xb8, 0x8c, 0x32, 0x64, 0xe4, 0xe0, 0xb7,
  0x5c, 0xe5, 0x02, 0x88, 0x72, 0x6b, 0x65, 0x72, 0x2d, 0xeb, 0xc6, 0x4a,
  0xec, 0xc6, 0x70, 0x33, 0x63, 0x68, 0x30, 0x6a, 0xb3, 0xc8, 0x8a, 0xec,
  0x0d, 0x03, 0x0c, 0x13, 0x05, 0x09, 0x06, 0x15, 0x19, 0x08, 0x08, 0x12,
  0x84, 0xf5, 0xc4, 0x4f, 0xf4, 0x02, 0x84, 0x65, 0xee, 0xc5, 0x76, 0x2d,
  0x6c, 0xe9, 0xc5, 0x9a, 0xf2, 0x02, 0x88, 0x65, 0x6e, 0x73, 0x6b, 0x6f,
  0xe7, 0xc1, 0xe3, 0x64, 0x61, 0x6c, 0x2d, 0xf3, 0xe0, 0xb6, 0x0c, 0x6f,
  0x61, 0xe2, 0xc5, 0x76, 0x69, 0x6e, 0x64, 0x73, 0x2d, 0xf0, 0xe0, 0xb5,
  0xfe, 0x68, 0x70, 0x70, 0xe9, 0xc2, 0x4e, 0xe7, 0x02, 0x87, 0x72, 0x64,
  0x2d, 0x70, 0xef, 0xc5, 0x69, 0x62, 0x62, 0x61, 0x74, 0x31, 0x61, 0x64,
  0xb8, 0xe0, 0xc2, 0x73, 0xe5, 0x02, 0x88, 0x73, 0x75, 0x6e, 0x64, 0x2d,
  0xe8, 0xc5, 0xdb, 0x61, 0x67, 0x61, 0x76, 0x69, 0x69, 0x6b, 0x61, 0x2d,
  0x35, 0xb2, 0xe0, 0x2d, 0x91, 0x64, 0x69, 0x6e, 0x67, 0x65, 0xee, 0xc1,
  0xbe, 0x63, 0x76, 0x72, 0x33, 0x32, 0xe4, 0xc4, 0x5b, 0xe1, 0x02, 0x84,
  0x6e, 0xe7, 0xc5, 0x54, 0x68, 0x65, 0x61, 0x64, 0x6a, 0x75, 0x2d, 0xb7,
  0xe0, 0x89, 0xd0, 0x31, 0xe1, 0xc7, 0x01, 0x2d, 0xb1, 0xc2, 0x31, 0xeb,
  0x0b, 0x1b, 0x08, 0x3f, 0x16, 0x0e, 0x1e, 0x09, 0x0c, 0x07, 0x8b, 0xf6,
  0x03, 0x0a, 0x84, 0x6e, 0x61, 0x6e, 0x67, 0x65, 0x6e, 0x2d, 0xeb, 0xc2,
  0x84, 0x69, 0xf4, 0xc0, 0xb8, 0x66, 0x6a, 0x6f, 0x72, 0x64, 0x2d, 0xee,
  0xc5, 0x1f, 0x73, 0x6e, 0x65, 0x73, 0x2d, 0xf5, 0xc5, 0x74, 0xf2, 0x04,
  0x10, 0x09, 0x8d, 0x6a, 0x6f, 0x68, 0x6b, 0x61, 0x2d, 0x68, 0x77, 0x61,
  0x62, 0x34, 0x39, 0xea, 0xe0, 0xc2, 0xc1, 0x65, 0x68, 0x61, 0x6d, 0x6e,
  0x2d, 0xe4, 0xc4, 0xf9, 0x64, 0x73, 0x68, 0x65, 0x72, 0x61, 0x64, 0x2d,
  0x6d, 0xb8, 0xe0, 0xbc, 0xba, 0xe1, 0x02, 0x89, 0x6e, 0x67, 0x68, 0x6b,
  0x65, 0x2d, 0xe2, 0xc2, 0x38, 0x67, 0x65, 0x72, 0x2d, 0xe7, 0xe0, 0x89,
  0x5a, 0xf0, 0x02, 0x86, 0x75, 0x74, 0xb3, 0xe0, 0xc1, 0xf1, 0xf2, 0x02,
  0x86, 0x79, 0x35, 0xb7, 0xe0, 0xc1, 0xcc, 0x77, 0xb1, 0xc7, 0x8c, 0x6f,
  0x6c, 0x75, 0x6f, 0x6b, 0x74, 0x61, 0x2d, 0x37, 0x79, 0x61, 0xb5, 0xc2,
  0x1c, 0xec, 0x02, 0x97, 0xf4, 0x04, 0x06, 0x05, 0x82, 0x79, 0x35, 0xf8,
  0xe0, 0xc2, 0x4c, 0x78, 0xb9, 0xe0, 0xc2, 0x23, 0xf0, 0x83, 0x37, 0x38,
  0xb7, 0xc7, 0x1e, 0x62, 0xf5, 0xc2, 0x46, 0x66, 0x6a, 0x6f, 0x72, 0x64,
  0x2d, 0xe9, 0xc4, 0xea, 0x63, 0x72, 0x78, 0x37, 0x37, 0x64, 0x31, 0x78,
  0xb4, 0xe0, 0xc2, 0x2e, 0x62, 0x72, 0x71, 0xb7, 0xe0, 0xc2, 0x1f, 0x61,
  0xf2, 0x02, 0x83, 0xed, 0xc4, 0xcd, 0x6c, 0xf3, 0xc1, 0x27, 0x37, 0x79,
  0x6e, 0xb9, 0xc6, 0xd4, 0xea, 0x06, 0x08, 0x09, 0x15, 0xc5, 0xde, 0x76,
  0x72, 0x31, 0x38, 0xb9, 0xe0, 0xc1, 0x35, 0x72, 0x70, 0x65, 0x6c, 0x61,
  0x6e, 0xe4, 0xc0, 0x7a, 0xec, 0x02, 0x89, 0x73, 0x74, 0x65, 0x72, 0x2d,
  0xe2, 0xe0, 0x88, 0xc7, 0x71, 0x34, 0x38, 0x30, 0x6e, 0xb2, 0xe0, 0xac,
  0xb7, 0x31, 0xe1, 0x03, 0x04, 0x8e, 0xed, 0xe0, 0xc0, 0xd0, 0xe5, 0x02,
  0x85, 0x6c, 0x38, 0xe2, 0xc6, 0x41, 0xe6, 0x46, 0x3e, 0xe0, 0xbd, 0x85,
  0x64, 0xf0, 0xc6, 0x37, 0xe9, 0x04, 0x10, 0x05, 0x88, 0x6f, 0x30, 0x61,
  0x37, 0xe9, 0x04, 0xe0, 0xc3, 0xac, 0xae, 0x60, 0x82, 0x4a, 0xe0, 0x3b,
  0xef, 0x6e, 0x64, 0xe5, 0xc0, 0xbe, 0x6d, 0x72, 0x35, 0x31, 0xb3, 0xe0,
  0xc2, 0x26, 0x31, 0x62, 0x36, 0x62, 0x31, 0x61, 0x36, 0x61, 0xb2, 0xe0,
  0xc1, 0xe0, 0xe8, 0x10, 0x13, 0x08, 0x05, 0x10, 0x0c, 0x0e, 0x0d, 0x0e,
  0x17, 0x10, 0x08, 0x0a, 0x0a, 0x14, 0x8d, 0xf9, 0x02, 0x8a, 0x6c, 0x61,
  0x6e, 0x64, 0x65, 0x74, 0x2d, 0xb5, 0xc3, 0xe3, 0x61, 0x6e, 0x67, 0x65,
  0xf2, 0xa4, 0x78, 0x74, 0x38, 0x31, 0xb4, 0xe0, 0xc1, 0xb4, 0x70, 0x6d,
  0xe9, 0xc0, 0x71, 0xef, 0x02, 0x89, 0x6c, 0x74, 0x6c, 0x65, 0x6e, 0x2d,
  0xe8, 0xc3, 0xb6, 0x62, 0xec, 0xc4, 0x39, 0x6e, 0x65, 0x66, 0x6f, 0x73,
  0x73, 0x2d, 0x71, 0xb1, 0xe0, 0xbb, 0x74, 0x6d, 0x6d, 0x72, 0x66, 0x65,
  0x61, 0x73, 0x74, 0x61, 0x2d, 0x73, 0xb4, 0xc3, 0x6d, 0x6b, 0x6b, 0x69,
  0x6e, 0x65, 0x6e, 0x2d, 0x35, 0x77, 0xe1, 0xe0, 0xc2, 0x98, 0x67, 0x65,
  0x62, 0x6f, 0x73, 0x74, 0x61, 0x64, 0x2d, 0x67, 0xb3, 0xe0, 0xbb, 0x4b,
  0xe5, 0x02, 0x8d, 0x72, 0x79, 0x2d, 0x69, 0x72, 0x61, 0xae, 0x60, 0x2b,
  0x7c, 0xe0, 0x80, 0x1b, 0x62, 0x64, 0x61, 0x38, 0xe2, 0xc5, 0x50, 0x63,
  0x65, 0x73, 0x75, 0x6f, 0x6c, 0x6f, 0x2d, 0x37, 0x79, 0x61, 0x33, 0xb5,
  0xe0, 0x2b, 0x77, 0x62, 0x6d, 0x65, 0x72, 0x2d, 0xf8, 0xc3, 0x1a, 0x61,
  0x6d, 0x61, 0x72, 0x79, 0x2d, 0xe6, 0xe0, 0x87, 0xc6, 0x33, 0x63, 0x75,
  0x7a, 0x6b, 0x31, 0x64, 0xe9, 0xc5, 0xf3, 0x32, 0x62, 0xf2, 0x02, 0x88,
  0x6a, 0x39, 0xe3, 0x40, 0xac, 0xe0, 0xc2, 0x1f, 0x65, 0x67, 0x33, 0xe5,
  0xe0, 0xb5, 0xb0, 0x31, 0xe1, 0x02, 0x85, 0x6c, 0x69, 0xfa, 0xc5, 0x33,
  0x68, 0xee, 0xc5, 0x2f, 0x2d, 0x32, 0xe6, 0xe0, 0xba, 0xe1, 0xe7, 0x0a,
  0x23, 0x13, 0x07, 0x06, 0x05, 0x1a, 0x10, 0x03, 0x89, 0x6e, 0x73, 0x74,
  0x69, 0xe7, 0x02, 0x8d, 0x6c, 0x69, 0x65, 0x66, 0x65, 0x72, 0x6e, 0x2d,
  0x77, 0xef, 0xe0, 0x74, 0x6a, 0x62, 0x65, 0x73, 0x74, 0x65, 0x6c, 0x6c,
  0x65, 0x6e, 0x2d, 0x7a, 0xf6, 0xe0, 0x74, 0x5b, 0x6d, 0xf1, 0x02, 0x89,
  0x77, 0x35, 0x61, 0xae, 0x44, 0x7a, 0xe0, 0x7c, 0x9b, 0x30, 0x35, 0x30,
  0xe9, 0xc1, 0xcd, 0x6c, 0x73, 0x2d, 0x65, 0xec, 0xc2, 0xa0, 0x6b, 0x33,
  0x61, 0xf4, 0xc0, 0xa5, 0x6a, 0x76, 0xe9, 0xc1, 0x44, 0xe9, 0x02, 0x8b,
  0x76, 0x75, 0x6f, 0x74, 0x6e, 0x61, 0x2d, 0xb8, 0xe0, 0x87, 0x34, 0x6c,
  0x64, 0x65, 0x73, 0x6b, 0x6c, 0x2d, 0x67, 0xb0, 0xe0, 0xba, 0x74, 0x67,
  0x61, 0x76, 0x69, 0x69, 0x6b, 0x61, 0x2d, 0x38, 0x79, 0x61, 0x34, 0xb7,
  0xe0, 0x7f, 0x30, 0xe5, 0xc4, 0xf3, 0x63, 0x6b, 0x72, 0x33, 0x66, 0xb0,
  0xe0, 0xb5, 0x18, 0x32, 0x78, 0x78, 0x34, 0xb8, 0xe0, 0xbf, 0xeb, 0xe6,
  0x0a, 0x18, 0x15, 0x07, 0x1a, 0x18, 0x10, 0x22, 0x04, 0x88, 0xfa, 0x02,
  0x8c, 0x79, 0x73, 0x38, 0x64, 0x36, 0x39, 0x75, 0x76, 0xe7, 0xe0, 0xbf,
  0x43, 0x63, 0x32, 0x63, 0x39, 0x65, 0xb2, 0xe0, 0xbf, 0xc8, 0xf2, 0x03,
  0x07, 0x86, 0x79, 0x61, 0x2d, 0xe8, 0xe0, 0xb2, 0xae, 0x6e, 0x61, 0x2d,
  0xf7, 0xc1, 0xc7, 0x64, 0xe5, 0xc1, 0xf6, 0x70, 0x63, 0x72, 0x6a, 0xb9,
  0xc5, 0x0c, 0x6f, 0x72, 0xec, 0x02, 0x8a, 0x63, 0x65, 0x73, 0x65, 0x6e,
  0x61, 0x2d, 0xe3, 0xc1, 0x46, 0x2d, 0x63, 0x65, 0x73, 0x65, 0x6e, 0x61,
  0x2d, 0xe6, 0xc1, 0x46, 0xec, 0x03, 0x07, 0x87, 0x77, 0x33, 0x35, 0xb1,
  0xe0, 0xc0, 0x0b, 0x6f, 0x72, 0x2d, 0xea, 0xe0, 0xb2, 0x71, 0x2d, 0x7a,
  0xe9, 0xe0, 0xb9, 0xdf, 0xea, 0x02, 0x85, 0x71, 0x37, 0xb2, 0xc2, 0xa4,
  0x6f, 0x72, 0x64, 0x2d, 0xec, 0xe0, 0xb2, 0x5b, 0xe9, 0x02, 0x9b, 0xf1,
  0x04, 0x05, 0x05, 0x83, 0x7a, 0xb9, 0xe0, 0xbe, 0xb8, 0x73, 0xb8, 0xe0,
  0xbe, 0xb3, 0xb6, 0xc0, 0xcc, 0x32, 0x32, 0x38, 0x63, 0x35, 0xe8, 0xe0,
  0xbe, 0xa7, 0x6e, 0xee, 0xc2, 0x39, 0x68, 0xe2, 0xda, 0x56, 0x63, 0x74,
  0x34, 0x32, 0xb9, 0xe0, 0xbe, 0x9a, 0x36, 0x71, 0x78, 0x35, 0xb3, 0xe0,
  0xbf, 0x4d, 0xe5, 0x06, 0x0d, 0x07, 0x07, 0x0e, 0x8a, 0x76, 0x65, 0x6e,
  0x69, 0x2d, 0x30, 0x71, 0x61, 0x30, 0xb1, 0xe0, 0x98, 0xe6, 0x6c, 0x71,
  0x71, 0x31, 0xb6, 0xc4, 0x01, 0x68, 0x71, 0x7a, 0x35, 0xb6, 0xc4, 0x7f,
  0x66, 0xf6, 0x02, 0x86, 0x79, 0x38, 0xb8, 0xe0, 0xbe, 0x3c, 0x6e, 0xb9,
  0xc3, 0x61, 0x63, 0x6b, 0x76, 0x64, 0x74, 0x63, 0xb9, 0xe0, 0xbe, 0x97,
  0x31, 0xe1, 0xc1, 0xb5, 0xe4, 0x07, 0x04, 0x08, 0x05, 0x12, 0x0b, 0x8a,
  0x79, 0xf2, 0xc2, 0x07, 0x72, 0x62, 0x61, 0x6b, 0x2d, 0xf7, 0xc1, 0xd6,
  0x6e, 0x6e, 0xe1, 0xc1, 0x20, 0xea, 0x02, 0x84, 0x74, 0xf9, 0xc2, 0xe0,
  0x72, 0x73, 0x37, 0x32, 0x64, 0x36, 0x75, 0xf9, 0xe0, 0xbf, 0x08, 0x61,
  0x76, 0x76, 0x65, 0x6e, 0x6a, 0x72, 0x67, 0xe1, 0xc1, 0x63, 0x35, 0x71,
  0x76, 0x37, 0x7a, 0x38, 0x37, 0xb6, 0xc2, 0xc6, 0x31, 0xe1, 0x03, 0x03,
  0x84, 0xf4, 0xc2, 0x34, 0xec, 0xe0, 0xb3, 0xcf, 0x63, 0xea, 0xc0, 0x6b,
  0xe3, 0x09, 0x15, 0x13, 0x08, 0x06, 0x1b, 0x12, 0x08, 0x87, 0x7a, 0xf2,
  0x03, 0x05, 0x85, 0x75, 0xb2, 0xe0, 0xbe, 0x2f, 0x73, 0xb0, 0xe0, 0xbe,
  0xb8, 0x36, 0x39, 0xb4, 0xe0, 0xb4, 0x53, 0x6c, 0x63, 0x68, 0x63, 0x30,
  0x65, 0x61, 0x30, 0x62, 0x32, 0x67, 0x32, 0x61, 0x39, 0x67, 0xe3, 0xe0,
  0xbe, 0x11, 0x69, 0x71, 0x70, 0x6e, 0xae, 0xe0, 0x7f, 0x3e, 0x67, 0x34,
  0xe2, 0xe0, 0xaa, 0x4f, 0x65, 0x73, 0x65, 0x6e, 0xe1, 0x02, 0x8a, 0x66,
  0x6f, 0x72, 0x6c, 0x2d, 0x69, 0xb8, 0xe0, 0xb8, 0x53, 0x2d, 0x66, 0x6f,
  0x72, 0x6c, 0x2d, 0x6d, 0xe3, 0xcb, 0x1e, 0x63, 0xeb, 0x02, 0x88, 0x77,
  0x63, 0x78, 0x65, 0xf4, 0xe0, 0xbd, 0xdc, 0x32, 0x62, 0xb3, 0xe0, 0xb4,
  0x05, 0x33, 0x73, 0x31, 0x34, 0xed, 0xe0, 0xbe, 0x6e, 0x32, 0x62, 0x72,
  0xb7, 0xe0, 0xc0, 0x5c, 0x31, 0x61, 0x76, 0xe7, 0x04, 0xe0, 0xc0, 0x52,
  0x2e, 0x78, 0x6e, 0x2d, 0xad, 0x41, 0xa6, 0xc1, 0x27, 0xe2, 0x0f, 0x03,
  0x0d, 0x1e, 0x19, 0x08, 0x09, 0x0a, 0x16, 0x1c, 0x1c, 0x0c, 0x0e, 0x12,
  0x8a, 0xf5, 0xc0, 0xca, 0x74, 0x73, 0x66, 0x6a, 0x6f, 0x72, 0x64, 0x2d,
  0x39, 0xfa, 0xe0, 0xb8, 0x5e, 0xf2, 0x02, 0x88, 0x75, 0x6d, 0x2d, 0x76,
  0xef, 0xe0, 0xb8, 0x53, 0x6e, 0x6e, 0xf9, 0x02, 0x89, 0x73, 0x75, 0x6e,
  0x64, 0x2d, 0x6d, 0xb8, 0xc0, 0x4c, 0x2d, 0x77, 0xf5, 0xc0, 0x47, 0xef,
  0x02, 0x90, 0x7a, 0x65, 0x6e, 0x2d, 0x73, 0x64, 0x74, 0x69, 0x72, 0x6f,
  0x6c, 0x2d, 0x32, 0xef, 0xca, 0x9b, 0x64, 0x2d, 0xb2, 0xe0, 0xb3, 0x0f,
  0x6d, 0x6c, 0x6f, 0x2d, 0xe7, 0xe0, 0xb0, 0xab, 0x6c, 0x74, 0x2d, 0x65,
  0x6c, 0xe1, 0xe0, 0x28, 0x69, 0x6a, 0x64, 0x64, 0x61, 0x72, 0x2d, 0xf0,
  0xe0, 0xb8, 0x0b, 0xe9, 0x02, 0x89, 0x65, 0x76, 0x74, 0x2d, 0x30, 0xf1,
  0xe0, 0xb8, 0x00, 0x64, 0x72, 0x2d, 0x35, 0x6e, 0x61, 0xe3, 0xe0, 0xbd,
  0xe7, 0x68, 0xe3, 0x02, 0x8e, 0x63, 0x61, 0x76, 0x75, 0x6f, 0x74, 0x6e,
  0x61, 0x2d, 0x6b, 0xb7, 0xe0, 0xb7, 0xe4, 0x61, 0x76, 0x75, 0x6f, 0x74,
  0x6e, 0x61, 0x2d, 0xf3, 0x99, 0xe5, 0x02, 0x8b, 0x72, 0x6c, 0x65, 0x76,
  0x67, 0x2d, 0x6a, 0xf8, 0xe0, 0xb7, 0xcc, 0x61, 0x72, 0x61, 0x6c, 0x76,
  0x68, 0x6b, 0x69, 0x2d, 0x79, 0xb4, 0xe0, 0xb7, 0xbe, 0x64, 0x64, 0x64,
  0x6a, 0x2d, 0x6d, 0x72, 0x61, 0xe2, 0xe0, 0xba, 0x9f, 0x63, 0x6b, 0x31,
  0x62, 0x39, 0x61, 0x35, 0x64, 0x72, 0x65, 0xb4, 0xe0, 0xbd, 0x3f, 0x61,
  0x6c, 0x73, 0x61, 0x6e, 0x2d, 0x73, 0x64, 0x74, 0x69, 0x72, 0x6f, 0x6c,
  0x2d, 0x6e, 0xf3, 0xca, 0x00, 0x34, 0x77, 0x36, 0x30, 0x35, 0x66, 0xe5,
  0xe0, 0xac, 0x2c, 0x2d, 0x35, 0x67, 0x61, 0xae, 0x60, 0xa7, 0xd3, 0x86,
  0xe1, 0x05, 0x0a, 0x12, 0x03, 0x8e, 0x76, 0x65, 0x72, 0x79, 0x2d, 0x79,
  0xf5, 0xe0, 0xb7, 0x6f, 0x75, 0x72, 0x73, 0x6b, 0x6f, 0x67, 0x2d, 0x68,
  0x6c, 0x61, 0x6e, 0x64, 0x2d, 0x6a, 0xee, 0xe0, 0x27, 0xb0, 0x73, 0xeb,
  0x91, 0x72, 0x6f, 0x70, 0x6f, 0x72, 0x74, 0x2d, 0x62, 0x79, 0x61, 0xae,
  0xe0, 0xb1, 0x04, 0x6e, 0x64, 0x79, 0xad, 0xca, 0xc8, 0xb9, 0x05, 0x07,
  0x08, 0x07, 0x87, 0x74, 0x66, 0x6b, 0xf9, 0xe0, 0x95, 0x30, 0x6b, 0x72,
  0x74, 0x30, 0xb0, 0xe0, 0xbd, 0x10, 0x65, 0x74, 0x35, 0xb2, 0xe0, 0xbd,
  0xc3, 0x64, 0x62, 0x71, 0xb2, 0xe0, 0xbd, 0x02, 0x30, 0xe1, 0x0a, 0x03,
  0x03, 0x38, 0x60, 0x7c, 0x45, 0xe0, 0x40, 0xb0, 0x7a, 0xe8, 0xb4, 0xed,
  0xc0, 0x62, 0x31, 0x61, 0xe6, 0xc1, 0x54, 0xb8, 0x05, 0x07, 0x07, 0x07,
  0x87, 0x79, 0x30, 0x61, 0x30, 0xb6, 0xc1, 0xaa, 0x70, 0x76, 0x72, 0xb4,
  0xe0, 0xb4, 0x4b, 0x6c, 0x74, 0x72, 0x36, 0xb2, 0xc0, 0xf4, 0x64, 0x62,
  0x71, 0x32, 0xe1, 0xc1, 0x06, 0x30, 0xe1, 0x06, 0x0e, 0x0c, 0x06, 0x06,
  0x85, 0x75, 0x2e, 0x78, 0x6e, 0x2d, 0x2d, 0x39, 0x30, 0x61, 0x33, 0xe1,
  0xe0, 0xbc, 0x6f, 0xf3, 0x02, 0x84, 0xf7, 0xe0, 0xbe, 0x9a, 0x65, 0xe8,
  0xe0, 0x70, 0x9c, 0x71, 0x65, 0x63, 0x64, 0xf2, 0x83, 0x6f, 0x32, 0xb1,
  0xe0, 0xbc, 0x9b, 0x64, 0x78, 0xe8, 0xd9, 0xd6, 0x61, 0x61, 0x30, 0x63,
  0x76, 0x61, 0xe3, 0xc0, 0xf6, 0x37, 0x74, 0x30, 0x61, 0x32, 0x36, 0xb4,
  0xc0, 0x50, 0xb6, 0x04, 0x0b, 0x08, 0x86, 0x71, 0x71, 0x39, 0x38, 0x36,
  0x62, 0x33, 0xf8, 0xe0, 0xbb, 0xa5, 0x6f, 0x72, 0x78, 0x32, 0xf2, 0xe0,
  0xbc, 0x65, 0x66, 0x72, 0x7a, 0xb8, 0xc0, 0x65, 0x62, 0x74, 0x77, 0xb5,
  0xe0, 0xbc, 0x34, 0xb5, 0x07, 0x07, 0x0e, 0x10, 0x07, 0x08, 0xa4, 0x74,
  0x7a, 0x6d, 0xb5, 0xe0, 0xbe, 0x3e, 0x73, 0x75, 0x33, 0x34, 0x6a, 0x39,
  0x33, 0x36, 0x62, 0x67, 0xf3, 0xe0, 0xbe, 0x30, 0x72, 0xf4, 0x02, 0x85,
  0x71, 0x33, 0xb4, 0xc0, 0x5d, 0x70, 0x34, 0x39, 0xe3, 0xe0, 0xbc, 0x2b,
  0x6a, 0x73, 0x30, 0x34, 0xb5, 0xc1, 0x02, 0x64, 0x62, 0x68, 0x6c, 0x38,
  0xe4, 0xc0, 0x60, 0x35, 0xf1, 0x02, 0x9a, 0x78, 0x35, 0xe4, 0x04, 0xe0,
  0xbe, 0x04, 0xae, 0x07, 0x60, 0x7c, 0x9b, 0xe0, 0x3b, 0xef, 0x78, 0x6e,
  0x2d, 0x2d, 0x6a, 0x36, 0x77, 0x31, 0xb9, 0xc0, 0x98, 0x77, 0x34, 0xb2,
  0xe0, 0xbd, 0xed, 0x34, 0x62, 0x37, 0x66, 0x74, 0x61, 0x30, 0xe3, 0xe0,
  0xbb, 0xb0, 0xb4, 0x07, 0x07, 0x10, 0x06, 0x18, 0x14, 0x88, 0x70, 0x76,
  0x78, 0xf3, 0xe0, 0xbb, 0xde, 0x69, 0xf4, 0x02, 0x87, 0x37, 0x39, 0x37,
  0xeb, 0xe0, 0xbb, 0xd3, 0x31, 0x36, 0xb8, 0xc0, 0xac, 0x67, 0x62, 0xf2,
  0xe0, 0x55, 0x38, 0x64, 0xe2, 0x02, 0x8e, 0x67, 0x64, 0x74, 0x79, 0x36,
  0x63, 0x2e, 0x78, 0x6e, 0x2d, 0x2d, 0x34, 0x64, 0x62, 0x72, 0x6b, 0xb0,
  0xe0, 0xb6, 0xe7, 0xb5, 0x02, 0x86, 0x71, 0x31, 0xb1, 0xe0, 0xbb, 0x6a,
  0x62, 0xf2, 0x03, 0xc0, 0x5c, 0x35, 0x63, 0xf9, 0xe0, 0xba, 0xd4, 0x32,
  0x63, 0x32, 0x64, 0xb9, 0xe0, 0xbb, 0x9b, 0x31, 0x61, 0x2e, 0x78, 0x6e,
  0x2d, 0x2d, 0x70, 0x31, 0x61, 0xe3, 0xe0, 0xa7, 0x0f, 0xb3, 0x07, 0x07,
  0x02, 0x09, 0x08, 0x08, 0x89, 0x70, 0x78, 0x75, 0xb8, 0xe0, 0xba, 0x98,
  0xe8, 0xae, 0x65, 0x30, 0x62, 0x37, 0x30, 0xb7, 0xe0, 0xbb, 0xb3, 0x64,
  0x73, 0x34, 0x34, 0xb3, 0xe0, 0xbd, 0x59, 0x62, 0x73, 0x74, 0x30, 0xb0,
  0xe0, 0xba, 0x91, 0x32, 0x76, 0x70, 0x33, 0x30, 0xe8, 0xe0, 0xbb, 0x53,
  0x30, 0x72, 0x72, 0xb7, 0xe0, 0xba, 0x9c, 0xb2, 0x02, 0x88, 0x73, 0x63,
  0x72, 0x6a, 0xb9, 0xe0, 0xbb, 0x04, 0x6d, 0x34, 0x61, 0x31, 0xb5, 0xe0,
  0xb7, 0x84, 0xb1, 0x05, 0x08, 0x0f, 0x0f, 0xab, 0x71, 0x71, 0x77, 0x32,
  0xb3, 0xe0, 0xbb, 0x32, 0x6c, 0x71, 0xf3, 0x02, 0x86, 0x37, 0x31, 0xe4,
  0xe0, 0xbb, 0x20, 0x30, 0xb3, 0xc0, 0x4c, 0xe3, 0x02, 0x85, 0x74, 0xf7,
  0xe0, 0xbb, 0x13, 0x6b, 0x32, 0x65, 0xb1, 0xe0, 0xb0, 0x9c, 0x32, 0xe3,
  0x03, 0x0a, 0x89, 0x6f, 0x30, 0x63, 0x33, 0x62, 0x34, 0x65, 0x76, 0xe1,
  0x90, 0x66, 0x69, 0x38, 0x69, 0x78, 0x62, 0x38, 0xec, 0x87, 0x31, 0x66,
  0x65, 0x30, 0x62, 0x72, 0x2e, 0x78, 0x6e, 0x2d, 0x2d, 0x6f, 0x33, 0x63,
  0x77, 0xb4, 0xe0, 0xb9, 0xd9, 0x31, 0x62, 0x34, 0x63, 0xb3, 0xe0, 0xba,
  0x3a, 0x30, 0x74, 0x72, 0x71, 0x37, 0x70, 0x37, 0x6e, 0xee, 0xe0, 0xba,
  0xce, 0x6d, 0x69, 0x74, 0xae, 0x60, 0x9a, 0xfb, 0xd6, 0x26, 0xea, 0xe0,
  0xa6, 0x0e, 0xe9, 0x07, 0x60, 0x93, 0x90, 0xe0, 0x27, 0xa7, 0xe8, 0xe0,
  0xb2, 0x24, 0xe5, 0x02, 0x82, 0xf2, 0x99, 0xee, 0x02, 0x8c, 0x6f, 0x6e,
  0x63, 0x6f, 0x6e, 0x6e, 0x65, 0x63, 0xf4, 0xe0, 0xa2, 0xb1, 0x2e, 0x70,
  0x72, 0x67, 0xed, 0xe0, 0xbb, 0x79, 0x62, 0xef, 0xe0, 0xb3, 0x53, 0x34,
  0x34, 0x33, 0x2e, 0xf0, 0xe0, 0x9b, 0x16, 0x30, 0xae, 0x60, 0xba, 0xfe,
  0xc0, 0x6b, 0xae, 0x60, 0xa0, 0xc9, 0x47, 0x07, 0xd4, 0xa5, 0xf7, 0x1f,
  0x07, 0x0c, 0x04, 0x06, 0x0e, 0x15, 0x2f, 0x40, 0x5b, 0x06, 0x0e, 0x0c,
  0x05, 0x04, 0x40, 0xa1, 0x1a, 0x06, 0x41, 0x75, 0x04, 0x04, 0x04, 0x40,
  0xd8, 0x08, 0x60, 0x9b, 0x71, 0x9b, 0x7a, 0x6d, 0x69, 0xf5, 0xe0, 0x79,
  0xac, 0x77, 0x77, 0xae, 0x04, 0xe0, 0xba, 0x6d, 0x63, 0xeb, 0xe0, 0x9c,
  0x5c, 0x75, 0xef, 0xc0, 0xd6, 0xf4, 0x60, 0xaf, 0x2a, 0xca, 0xdb, 0xf3,
  0x09, 0x60, 0x2e, 0x98, 0x4c, 0x85, 0xe0, 0x81, 0x0c, 0xeb, 0xe0, 0x36,
  0xbb, 0xf2, 0x02, 0x87, 0x6f, 0xe3, 0x40, 0x95, 0xe0, 0xa6, 0xac, 0x69,
  0x74, 0x65, 0x73, 0x74, 0x68, 0x69, 0xf3, 0xe0, 0x8e, 0x6a, 0xf0, 0x08,
  0x0a, 0x0b, 0x09, 0x04, 0xe0, 0x63, 0xa2, 0x73, 0x71, 0x75, 0x61, 0x72,
  0x65, 0xe4, 0xe0, 0xb2, 0x9e, 0x6d, 0xf5, 0x03, 0xdb, 0x95, 0x64, 0x65,
  0xf6, 0xe0, 0x81, 0xf9, 0x68, 0x6f, 0x73, 0x74, 0x65, 0xe4, 0xe0, 0x8e,
  0x3f, 0xe4, 0xe0, 0x65, 0x22, 0xb2, 0xe0, 0x81, 0xe8, 0xef, 0x07, 0x30,
  0x07, 0x13, 0xe0, 0xb8, 0xf6, 0xf2, 0x04, 0x05, 0x04, 0x9e, 0x73, 0xe5,
  0xe0, 0xa6, 0x5b, 0xec, 0xe0, 0xb9, 0x38, 0xeb, 0x0a, 0x60, 0x27, 0xfb,
  0x60, 0x5e, 0x55, 0xe0, 0x35, 0x70, 0xe9, 0x02, 0x87, 0x73, 0x62, 0x6f,
  0xf2, 0xe0, 0xab, 0x10, 0x6e, 0x67, 0x67, 0x72, 0x6f, 0xf5, 0xe0, 0x9d,
  0xb6, 0xe6, 0xe0, 0xaf, 0x17, 0x6f, 0x64, 0x73, 0xe9, 0xe0, 0x78, 0x1e,
  0xec, 0x02, 0x8b, 0x74, 0x6c, 0x61, 0x62, 0x2d, 0x64, 0x65, 0xed, 0xe0,
  0xab, 0xee, 0x6f, 0xed, 0xe0, 0xa6, 0xb8, 0x64, 0x7a, 0x69, 0x73, 0x6c,
  0xe1, 0xe0, 0xac, 0x5d, 0x6e, 0x65, 0xf8, 0xe0, 0x3c, 0x5c, 0xed, 0x06,
  0x60, 0xa6, 0x0f, 0xd3, 0xbb, 0x66, 0x6c, 0x61, 0xe2, 0xe0, 0xa4, 0x2e,
  0x6c, 0x6f, 0x63, 0xec, 0x04, 0xe0, 0xb5, 0xcf, 0x61, 0xf7, 0xcb, 0x02,
  0x6b, 0xfa, 0xe0, 0x78, 0xc5, 0xea, 0xe0, 0x95, 0xe5, 0xe9, 0x10, 0x12,
  0x23, 0x0b, 0x03, 0x19, 0x0a, 0x07, 0x05, 0x04, 0x60, 0x78, 0x36, 0xe0,
  0x3b, 0x55, 0xf8, 0x04, 0xe0, 0x91, 0x10, 0xf3, 0x04, 0xe0, 0x54, 0x55,
  0x74, 0x75, 0x64, 0x69, 0xef, 0xe0, 0x8e, 0x91, 0xf4, 0x02, 0x9c, 0xe8,
  0x03, 0x09, 0x87, 0x79, 0x6f, 0x75, 0x74, 0x75, 0xe2, 0xe0, 0xa4, 0x1b,
  0x67, 0x6f, 0x6f, 0xe7, 0xe0, 0x38, 0xe2, 0x2e, 0x70, 0x6c, 0x61, 0xf9,
  0xe0, 0x30, 0xe5, 0xe4, 0xe0, 0x78, 0x7b, 0x72, 0x65, 0x64, 0x62, 0x6c,
  0x61, 0x64, 0xe5, 0xe0, 0x8c, 0xfd, 0xef, 0xc6, 0x88, 0xee, 0x0b, 0x60,
  0x31, 0x2f, 0x41, 0xb5, 0x60, 0x86, 0x6a, 0xc1, 0xaf, 0xe4, 0x02, 0x86,
  0x73, 0x75, 0x72, 0xe6, 0xdd, 0x3e, 0xef, 0xe0, 0x96, 0x67, 0x6c, 0x6c,
  0x69, 0x61, 0x6d, 0x68, 0xe9, 0xe0, 0xa6, 0xae, 0x6b, 0xe9, 0x60, 0xa3,
  0xe7, 0xd6, 0xfd, 0x69, 0xe8, 0xe0, 0x78, 0x3e, 0xe6, 0xe0, 0x78, 0x3a,
  0xe5, 0x02, 0x92, 0xee, 0x04, 0xe0, 0xba, 0xce, 0x2e, 0x66, 0x75, 0x6e,
  0x6b, 0x66, 0x65, 0x75, 0x65, 0xf2, 0xe0, 0x7d, 0xef, 0x6c, 0xf5, 0xe0,
  0xa5, 0xe6, 0xe8, 0x03, 0x07, 0x86, 0x6f, 0x73, 0x77, 0xe8, 0xe0, 0xb8,
  0xe5, 0x6d, 0xae, 0x60, 0x97, 0x70, 0x87, 0x69, 0x74, 0x65, 0x73, 0x6e,
  0xef, 0xe0, 0x31, 0x8c, 0xe6, 0x60, 0xb5, 0xd6, 0xc4, 0xcb, 0xe5, 0x09,
  0x3b, 0x06, 0x05, 0x06, 0x09, 0x40, 0xfc, 0x91, 0xf3, 0x02, 0xb3, 0xf4,
  0x06, 0x0e, 0x0b, 0x0c, 0xd8, 0xc0, 0x75, 0xf3, 0x06, 0x60, 0x8b, 0xe4,
  0xdf, 0x23, 0xb2, 0x60, 0x9c, 0xef, 0xce, 0x17, 0x65, 0x75, 0x72, 0x6f,
  0x70, 0xe5, 0x60, 0x9c, 0xe4, 0xce, 0x17, 0x63, 0x65, 0x6e, 0x74, 0x72,
  0x61, 0x6c, 0x75, 0xf3, 0xe0, 0xaa, 0xed, 0x31, 0x2d, 0x75, 0xf3, 0xe0,
  0x80, 0xe4, 0x6c, 0xe5, 0xe0, 0x9f, 0x20, 0xe9, 0x60, 0xb7, 0x2f, 0xc1,
  0x93, 0x67, 0xf2, 0xe0, 0xab, 0x22, 0x65, 0x6b, 0xec, 0xe0, 0xb5, 0x70,
  0xe4, 0x04, 0xe0, 0xba, 0x41, 0xe4, 0xe0, 0xa2, 0x4d, 0xe2, 0x10, 0x27,
  0x08, 0x3d, 0x08, 0x08, 0x06, 0x19, 0x0d, 0x04, 0x07, 0x60, 0xa2, 0x87,
  0xd6, 0xf2, 0x76, 0x69, 0x65, 0x77, 0x2d, 0x61, 0x73, 0x73, 0x65, 0x74,
  0x73, 0xae, 0x02, 0x93, 0x63, 0x6c, 0x6f, 0x75, 0x64, 0x39, 0xae, 0x43,
  0xd4, 0x09, 0x0c, 0x60, 0x21, 0x1a, 0x40, 0x59, 0xe0, 0x62, 0x9b, 0x61,
  0x77, 0x73, 0xad, 0xc3, 0xb1, 0x74, 0x68, 0x69, 0x6e, 0xe7, 0xe0, 0xa0,
  0xbf, 0xf3, 0x03, 0x16, 0x86, 0x70, 0x61, 0x63, 0xe5, 0x05, 0x09, 0xe0,
  0x45, 0xaa, 0x63, 0x6f, 0x6e, 0x66, 0x69, 0xe7, 0xe0, 0x92, 0xc1, 0xad,
  0xe0, 0x45, 0x34, 0x6f, 0x7a, 0xe1, 0xe0, 0x90, 0xc4, 0x69, 0x74, 0xe5,
  0x05, 0x0a, 0xe0, 0xb9, 0xcb, 0x62, 0x75, 0x69, 0x6c, 0x64, 0x65, 0xf2,
  0xe0, 0xa1, 0xdf, 0xae, 0x56, 0x13, 0x60, 0x3d, 0x24, 0x41, 0x90, 0xe0,
  0x34, 0x0b, 0x72, 0x65, 0x64, 0x69, 0xf2, 0xe0, 0xad, 0xfd, 0x70, 0x61,
  0x61, 0x73, 0xae, 0xe0, 0x6e, 0xce, 0x6c, 0x69, 0xeb, 0xe0, 0xa7, 0x61,
  0xe8, 0x02, 0x91, 0xef, 0x03, 0xda, 0x38, 0x70, 0xae, 0x60, 0xa1, 0x14,
  0x45, 0x1f, 0x4f, 0xd9, 0x40, 0x56, 0xc2, 0xe8, 0x61, 0xf2, 0xe0, 0x54,
  0x87, 0x66, 0x6c, 0x6f, 0xf7, 0x04, 0xe0, 0xb8, 0x4c, 0x74, 0xe5, 0xe0,
  0x92, 0xac, 0xe3, 0xe0, 0xb0, 0x46, 0x61, 0x64, 0x6f, 0xf2, 0xe0, 0x52,
  0x8e, 0xae, 0x16, 0x0a, 0x06, 0x06, 0x06, 0x60, 0x75, 0xcf, 0x4d, 0x97,
  0x5e, 0xf3, 0x48, 0xdc, 0x47, 0x17, 0x41, 0xc4, 0x42, 0x0f, 0xc0, 0xce,
  0xf6, 0x04, 0xe0, 0xb7, 0xae, 0x61, 0xec, 0xe0, 0x8f, 0x24, 0xf4, 0x60,
  0xb6, 0xa5, 0xc1, 0x1e, 0xee, 0x60, 0xac, 0x43, 0xca, 0x94, 0xe9, 0x60,
  0xac, 0x07, 0xca, 0xae, 0x65, 0xf2, 0xe0, 0xad, 0xa6, 0x61, 0x74, 0x68,
  0x65, 0xf2, 0x04, 0xe0, 0xb9, 0x38, 0x63, 0x68, 0x61, 0x6e, 0xee, 0xe0,
  0xb2, 0x62, 0xae, 0x04, 0xe0, 0xb7, 0x5f, 0xe2, 0xe0, 0xb8, 0x86, 0xe4,
  0xe0, 0xb4, 0x5b, 0xe3, 0xe0, 0xb4, 0x57, 0xe2, 0xe0, 0xb4, 0x53, 0xe1,
  0x0c, 0x05, 0x07, 0x19, 0x18, 0x13, 0x12, 0x18, 0x23, 0x0c, 0x0a, 0x8c,
  0x7a, 0xf5, 0xe0, 0x5f, 0x7a, 0x77, 0xae, 0x60, 0xaf, 0xa2, 0xc4, 0x1b,
  0xf4, 0x03, 0x04, 0x87, 0xf3, 0xe0, 0x74, 0x27, 0x63, 0xe8, 0x60, 0xaa,
  0xc0, 0xce, 0x38, 0x61, 0xf2, 0x04, 0xe0, 0x64, 0x93, 0xe1, 0xe0, 0x5a,
  0xc1, 0xf3, 0x03, 0x06, 0x85, 0x73, 0x61, 0xed, 0xe0, 0xb3, 0x4e, 0x6d,
  0xe5, 0xe0, 0x86, 0x65, 0x68, 0x74, 0x65, 0x6e, 0x61, 0xf7, 0xe0, 0xae,
  0x6e, 0xf2, 0x03, 0x05, 0x85, 0x73, 0xfa, 0xe0, 0xa3, 0x03, 0x6d, 0xe9,
  0xe0, 0xa6, 0x83, 0x61, 0xe2, 0xe0, 0x63, 0x0c, 0xee, 0x02, 0x85, 0x6f,
  0xf5, 0xe0, 0xae, 0x37, 0xe7, 0x04, 0xe0, 0xb8, 0xb1, 0x67, 0xef, 0xe0,
  0xb7, 0x7a, 0xec, 0x09, 0x05, 0x60, 0xa1, 0xaa, 0x48, 0xbb, 0xc7, 0x3d,
  0x6d, 0xe1, 0xe0, 0x27, 0x36, 0x62, 0x72, 0x7a, 0x79, 0x63, 0xe8, 0xe0,
  0xb2, 0xfc, 0xeb, 0x06, 0x03, 0x04, 0xe0, 0x6d, 0xed, 0xf5, 0xcc, 0xab,
  0xe5, 0xe0, 0xb1, 0x23, 0xe1, 0x02, 0x8a, 0x79, 0x61, 0x6d, 0x61, 0xae,
  0x60, 0xab, 0xbc, 0xca, 0xcd, 0x73, 0x61, 0xae, 0x60, 0x89, 0x8c, 0xcf,
  0xc4, 0x6a, 0xe9, 0x02, 0x84, 0xed, 0xe0, 0x5e, 0x25, 0xeb, 0xe0, 0x45,
  0x79, 0x66, 0x66, 0x6c, 0x65, 0x63, 0x65, 0xec, 0xe0, 0xaf, 0x58, 0xe4,
  0x04, 0xe0, 0x99, 0xac, 0x6c, 0x2e, 0x74, 0xef, 0xe0, 0xa3, 0x6b, 0xae,
  0x60, 0x29, 0xca, 0x60, 0x88, 0x9f, 0x42, 0x58, 0x04, 0xc1, 0xbd, 0xae,
  0x60, 0xa3, 0x9b, 0x52, 0xdb, 0xc1, 0xca, 0xad, 0x02, 0x95, 0xe3, 0x02,
  0x8e, 0x72, 0x65, 0x64, 0x65, 0x6e, 0x74, 0x69, 0x61, 0x6c, 0x6c, 0x65,
  0x73, 0xf3, 0x84, 0x6f, 0x72, 0x70, 0x2d, 0x73, 0x74, 0x61, 0x74, 0x69,
  0x63, 0x62, 0x6c, 0x69, 0xf4, 0xe0, 0x8d, 0x1f, 0xf6, 0x19, 0x04, 0x16,
  0x04, 0x07, 0x04, 0x29, 0x40, 0x41, 0x06, 0x25, 0x04, 0x40, 0xd7, 0x06,
  0x36, 0x40, 0xbe, 0x04, 0x06, 0x04, 0x40, 0xa1, 0x04, 0x86, 0xf6, 0xe0,
  0xb5, 0x99, 0xf5, 0x05, 0x0a, 0xe0, 0xb7, 0xe8, 0x73, 0x65, 0x72, 0x63,
  0x6f, 0x6e, 0xf4, 0xe0, 0x43, 0xa7, 0x6c, 0x74, 0xf2, 0xe0, 0x51, 0x0e,
  0xf4, 0xe0, 0xab, 0x7d, 0x73, 0xae, 0x60, 0x9c, 0x2e, 0xd9, 0x4d, 0xf2,
  0xe0, 0xb5, 0x74, 0xf0, 0x05, 0x17, 0xe0, 0x6b, 0xab, 0xf3, 0x04, 0xe0,
  0xa9, 0x1b, 0xae, 0x02, 0x89, 0xed, 0x04, 0xe0, 0x6c, 0xe2, 0xe3, 0xe0,
  0x83, 0x27, 0x68, 0x72, 0xf3, 0xe0, 0xa0, 0xfd, 0xee, 0x04, 0xe0, 0xb0,
  0x5e, 0x70, 0x6c, 0x75, 0xf3, 0xe0, 0xb6, 0x2d, 0xef, 0x07, 0x04, 0x07,
  0x0b, 0x08, 0x14, 0x84, 0xf9, 0xe0, 0x45, 0x94, 0xf4, 0x60, 0x9f, 0xaa,
  0x56, 0x24, 0xa0, 0x73, 0xf3, 0x04, 0xe0, 0xb5, 0xb4, 0x65, 0xf6, 0xe0,
  0xa4, 0xc1, 0x6f, 0x72, 0x6c, 0x6f, 0xf0, 0xe0, 0x34, 0x9b, 0xec, 0x06,
  0x04, 0x04, 0xe0, 0x8f, 0x00, 0xf9, 0xe0, 0x5a, 0x58, 0xf6, 0xe0, 0xb5,
  0xa9, 0x6f, 0xe7, 0xe0, 0x5c, 0xcd, 0xe4, 0xe0, 0x88, 0x34, 0xe1, 0xc2,
  0x29, 0xee, 0x60, 0x99, 0x26, 0xde, 0x42, 0xec, 0x02, 0x84, 0xef, 0xe0,
  0x95, 0x3e, 0xe1, 0x02, 0x93, 0x64, 0xe9, 0x02, 0x86, 0x6d, 0x69, 0xf2,
  0xe0, 0xb3, 0x37, 0x6b, 0x61, 0x76, 0x6b, 0x61, 0xfa, 0xe0, 0xb3, 0x2e,
  0x61, 0x6e, 0x64, 0x65, 0xf2, 0xe0, 0x79, 0xa6, 0xeb, 0xe0, 0x86, 0x1c,
  0xe9, 0x13, 0x04, 0x16, 0x07, 0x10, 0x16, 0x19, 0x28, 0x05, 0x08, 0x05,
  0x0d, 0x17, 0x60, 0xaa, 0x04, 0x4c, 0x63, 0x81, 0xf8, 0xe0, 0xb5, 0x8f,
  0xf6, 0x08, 0x60, 0x45, 0x92, 0x60, 0x6f, 0x98, 0xa0, 0x65, 0x6e, 0x75,
  0x73, 0x68, 0x6f, 0x70, 0xae, 0x60, 0xab, 0x75, 0xca, 0x88, 0x74, 0x65,
  0x72, 0xe2, 0xe0, 0xb4, 0xa5, 0xf3, 0x06, 0x60, 0xa7, 0xe7, 0xcd, 0x28,
  0x74, 0x61, 0x62, 0x6c, 0x6f, 0xe7, 0xe0, 0xa9, 0xd6, 0xf2, 0x02, 0x8f,
  0x74, 0x75, 0x61, 0xec, 0x05, 0x01, 0xe0, 0xa2, 0x99, 0x2d, 0x75, 0xf3,
  0xe0, 0x8f, 0xbb, 0xe7, 0xe0, 0xb5, 0x6c, 0xf0, 0x05, 0x07, 0xe0, 0xb6,
  0xd2, 0x73, 0x69, 0x6e, 0xe1, 0xe0, 0xb5, 0xb1, 0x2e, 0x6a, 0x65, 0x6c,
  0x61, 0x73, 0x74, 0x69, 0xe3, 0xe0, 0xac, 0x39, 0xee, 0x06, 0x0f, 0x0d,
  0xe0, 0xb6, 0xa3, 0xee, 0x02, 0x87, 0x79, 0x74, 0x73, 0xe9, 0xe0, 0x90,
  0x58, 0x69, 0xe3, 0xe0, 0x90, 0x53, 0xe8, 0x02, 0x86, 0x70, 0x68, 0xf5,
  0xe0, 0xa0, 0xa5, 0xec, 0xe0, 0xa0, 0xa9, 0x64, 0xe1, 0xe0, 0xa3, 0xb2,
  0x6c, 0xec, 0xe0, 0x9f, 0x3f, 0xeb, 0x60, 0x9e, 0xa5, 0x4b, 0x0d, 0xcb,
  0x09, 0x64, 0xe5, 0xe0, 0x9a, 0x80, 0xe3, 0x07, 0x60, 0x27, 0xfa, 0xe0,
  0x68, 0xc0, 0x70, 0xae, 0xe0, 0x43, 0xd1, 0xe2, 0x02, 0x8d, 0xef, 0x02,
  0x81, 0x2d, 0x76, 0x61, 0x6c, 0x65, 0x6e, 0xf4, 0xe0, 0xae, 0x3c, 0x65,
  0x68, 0x6f, 0xf3, 0xe0, 0x29, 0x47, 0x61, 0xea, 0xe0, 0xa8, 0x2e, 0xe7,
  0x60, 0xb1, 0x4f, 0xc5, 0x13, 0xe6, 0x04, 0xe0, 0xb4, 0x7b, 0x73, 0x2e,
  0x63, 0x6c, 0x6f, 0x75, 0x64, 0x39, 0xae, 0x0c, 0x09, 0x0c, 0x60, 0x21,
  0x1a, 0x40, 0x59, 0x60, 0x62, 0x9b, 0x8d, 0x75, 0x73, 0xad, 0x60, 0x84,
  0x12, 0xe0, 0x28, 0x9e, 0x65, 0x75, 0xad, 0x60, 0x84, 0x31, 0x0c, 0x40,
  0x61, 0xe0, 0x27, 0xee, 0xe1, 0x60, 0x21, 0x7a, 0xe0, 0x63, 0x18, 0xe5,
  0x0e, 0x06, 0x12, 0x18, 0x40, 0x4a, 0x1d, 0x04, 0x0f, 0x60, 0xb3, 0x0c,
  0xc2, 0x62, 0x76, 0x65, 0xec, 0xe0, 0x7e, 0x25, 0xf4, 0x06, 0x60, 0xb2,
  0x3d, 0xc3, 0xce, 0x65, 0x72, 0x69, 0x6e, 0x61, 0x69, 0x72, 0xe5, 0xe0,
  0x49, 0xdc, 0x73, 0xf4, 0x08, 0x06, 0x60, 0x50, 0xa1, 0xe0, 0x60, 0x3a,
  0x76, 0x61, 0xe7, 0xe0, 0xa8, 0x0f, 0x72, 0x65, 0xad, 0x60, 0x2f, 0x38,
  0xc1, 0x1d, 0xf2, 0x0a, 0x0f, 0x04, 0x07, 0x0f, 0x60, 0xab, 0xc0, 0xc1,
  0x31, 0xf3, 0x07, 0x60, 0x69, 0x3a, 0xe0, 0x3a, 0x4f, 0x69, 0x63, 0x68,
  0x65, 0xf2, 0xde, 0x88, 0xf2, 0xe0, 0x3e, 0x69, 0x69, 0x73, 0x69, 0xe7,
  0xe0, 0xb4, 0x51, 0x63, 0x65, 0xec, 0x04, 0xe0, 0x98, 0x08, 0xae, 0x60,
  0x9a, 0x4a, 0x4f, 0xd5, 0xc4, 0xa2, 0x62, 0x61, 0xee, 0x04, 0xe0, 0xad,
  0x77, 0x6f, 0x2d, 0x63, 0x75, 0x73, 0x69, 0x6f, 0x2d, 0x6f, 0x73, 0x73,
  0xef, 0xe0, 0x9f, 0xd6, 0xee, 0x07, 0x04, 0x06, 0x04, 0xe0, 0xb3, 0x26,
  0xf4, 0xe0, 0x2c, 0x0b, 0x6e, 0x65, 0xf3, 0xe0, 0x2f, 0x47, 0xe9, 0xe0,
  0x7d, 0x5e, 0xe5, 0x60, 0x74, 0xd2, 0xe0, 0x3b, 0x7a, 0x6c, 0xf6, 0xdb,
  0x77, 0x67, 0xe1, 0x06, 0x60, 0xb2, 0x9d, 0xc0, 0xfb, 0x72, 0x73, 0x68,
  0xe5, 0xe0, 0xac, 0x21, 0x66, 0xf3, 0xe0, 0xad, 0x91, 0xe4, 0xe0, 0xad,
  0x33, 0xe3, 0x60, 0xb3, 0x02, 0xc2, 0x62, 0xe2, 0xe0, 0xb2, 0xfc, 0xe1,
  0x0f, 0x11, 0x0e, 0x10, 0x3c, 0x04, 0x0b, 0x05, 0x04, 0x06, 0x60, 0xb2,
  0x5f, 0xc2, 0x63, 0xf2, 0x07, 0x05, 0x60, 0x9d, 0xb1, 0xc9, 0xa9, 0x67,
  0xe7, 0xe0, 0x9f, 0x63, 0xe5, 0xe0, 0x43, 0xd2, 0x70, 0x6f, 0xf2, 0x04,
  0xe0, 0xaa, 0xa3, 0x63, 0x6c, 0x6f, 0xf5, 0xe0, 0xa0, 0x7d, 0xee, 0x06,
  0x4e, 0xf9, 0xe0, 0xa4, 0x3d, 0xe7, 0x04, 0xe0, 0xb3, 0x43, 0xf5, 0xe0,
  0xa1, 0xf4, 0xec, 0x07, 0x1b, 0x0c, 0x02, 0xe0, 0x8a, 0xb4, 0x6c, 0xe5,
  0x07, 0x0f, 0x12, 0x04, 0xe0, 0xb3, 0x09, 0xe5, 0x03, 0x02, 0x85, 0xe4,
  0x86, 0xad, 0x02, 0x82, 0x64, 0x2d, 0x61, 0xef, 0xc5, 0xec, 0xad, 0x11,
  0x84, 0x65, 0x72, 0xae, 0x02, 0x83, 0xef, 0xdd, 0x7e, 0xe8, 0xe0, 0x2f,
  0xb7, 0xe4, 0x85, 0x2d, 0xe4, 0x02, 0x81, 0x2d, 0x61, 0x6f, 0xf3, 0xe0,
  0xaa, 0xc3, 0xeb, 0xe0, 0x77, 0xd5, 0xe7, 0x04, 0xe0, 0x5a, 0x02, 0xe1,
  0x60, 0xac, 0xfb, 0xc5, 0xfe, 0x64, 0xf3, 0xe0, 0xaa, 0xd7, 0x63, 0xe1,
  0xd3, 0xc9, 0x61, 0x70, 0xf3, 0xe0, 0xb2, 0xe6, 0xae, 0x60, 0xae, 0xdc,
  0x43, 0x84, 0xc0, 0x91, 0x30, 0xae, 0xd7, 0x05, 0xae, 0x60, 0x9e, 0x4b,
  0xd6, 0x68, 0x2d, 0x69, 0x6e, 0x66, 0xef, 0xe0, 0xa1, 0x3c, 0xf5, 0x1c,
  0x18, 0x0f, 0x2c, 0x41, 0x01, 0x40, 0x4e, 0x29, 0x0a, 0x40, 0x5f, 0x21,
  0x1e, 0x2b, 0x13, 0x13, 0x06, 0x0c, 0x05, 0x14, 0x14, 0x1c, 0x13, 0x0c,
  0xe0, 0xae, 0xa7, 0xfa, 0x07, 0x04, 0x60, 0x96, 0x3d, 0xde, 0x42, 0xf3,
  0xe0, 0x71, 0xe3, 0xe8, 0x02, 0x82, 0xe8, 0x82, 0x67, 0x6f, 0x72, 0xef,
  0xe0, 0x56, 0x75, 0xf7, 0x05, 0x05, 0xe0, 0x71, 0xc9, 0x75, 0xae, 0xe0,
  0x56, 0xd2, 0xe1, 0xe0, 0x5a, 0xa4, 0xf4, 0x08, 0x06, 0x0e, 0x60, 0xa7,
  0xc1, 0xc5, 0x3b, 0x77, 0x65, 0xee, 0xe0, 0x9d, 0x2b, 0xf3, 0x02, 0x87,
  0x75, 0x6e, 0x6f, 0x6d, 0xe9, 0xd6, 0xa5, 0xe9, 0xe0, 0xa5, 0x08, 0xe1,
  0x02, 0x86, 0xfa, 0x4d, 0x5a, 0xe0, 0x43, 0x2b, 0x73, 0x68, 0xe9, 0xe0,
  0x69, 0xa4, 0xf3, 0x10, 0x06, 0x04, 0x04, 0x05, 0x17, 0x40, 0x43, 0x1d,
  0x60, 0x7f, 0x0f, 0x5a, 0xf5, 0xd9, 0x99, 0xf5, 0x60, 0x52, 0x42, 0xd3,
  0x4f, 0xf4, 0xe0, 0x88, 0x94, 0xf2, 0xe0, 0x7b, 0xc6, 0x68, 0x69, 0xeb,
  0xcf, 0x47, 0x67, 0x6f, 0xf6, 0x02, 0x89, 0x74, 0x72, 0x61, 0x66, 0x66,
  0x69, 0xe3, 0xc6, 0x9e, 0x63, 0x6c, 0x6f, 0x75, 0x64, 0xe1, 0xe0, 0x92,
  0xf4, 0x65, 0xf2, 0x02, 0x92, 0x63, 0x6f, 0x6e, 0x74, 0x65, 0x6e, 0x74,
  0xae, 0x04, 0xe0, 0xb3, 0xb6, 0x67, 0x6f, 0xef, 0xe0, 0xa5, 0x5d, 0xae,
  0x08, 0x0a, 0x0c, 0x04, 0x53, 0x1a, 0xcd, 0x31, 0x70, 0x61, 0x72, 0x74,
  0x79, 0x2e, 0xe5, 0xe0, 0xb1, 0xb3, 0x6c, 0x6f, 0x63, 0x61, 0x6c, 0x63,
  0x65, 0x72, 0xf4, 0xe0, 0xb2, 0x02, 0xe6, 0xe0, 0xb3, 0xc2, 0x61, 0x73,
  0x65, 0x69, 0x6e, 0x65, 0xf4, 0xe0, 0x75, 0xbd, 0xae, 0x14, 0x60, 0x71,
  0x07, 0x42, 0xab, 0x4d, 0x04, 0x58, 0x69, 0x4f, 0x0d, 0x43, 0x75, 0x43,
  0xd4, 0x40, 0xf1, 0xc1, 0xc9, 0xe3, 0x60, 0x9f, 0x7e, 0x53, 0x13, 0xc0,
  0x86, 0xad, 0x0b, 0x10, 0x0c, 0x12, 0x1c, 0x60, 0x7f, 0x5b, 0x02, 0x02,
  0x82, 0x77, 0x65, 0x73, 0x74, 0xad, 0x03, 0x04, 0xa9, 0xb3, 0xe0, 0xa8,
  0x71, 0xb1, 0xe0, 0xa8, 0x46, 0x6e, 0x6f, 0x72, 0x74, 0x68, 0x65, 0x61,
  0x73, 0xf4, 0xe0, 0x3f, 0xd7, 0x67, 0x6f, 0x76, 0xad, 0x02, 0x83, 0x77,
  0xe5, 0x83, 0x65, 0x61, 0x73, 0x74, 0x2d, 0xb1, 0xe0, 0xa8, 0x17, 0x65,
  0x61, 0x73, 0x74, 0xad, 0x02, 0x84, 0xb2, 0xe0, 0xa8, 0x23, 0x31, 0xae,
  0x09, 0x60, 0x7f, 0x1c, 0x60, 0x29, 0x00, 0xc6, 0x79, 0xe1, 0x60, 0xa9,
  0xc8, 0xc4, 0xdf, 0x63, 0x65, 0x6e, 0x74, 0x72, 0x61, 0x6c, 0xad, 0x04,
  0xe0, 0xa8, 0x23, 0xb2, 0xe0, 0xa8, 0x23, 0xf2, 0x0b, 0x04, 0x05, 0x04,
  0x04, 0x04, 0x07, 0x0d, 0xe0, 0x69, 0x43, 0xf5, 0xe0, 0x51, 0x69, 0x6f,
  0xf7, 0xe0, 0x51, 0x91, 0xee, 0xe0, 0x84, 0xb9, 0xec, 0xe0, 0x3e, 0x58,
  0xe9, 0xe0, 0x84, 0xb1, 0x65, 0x73, 0x68, 0xe9, 0xe0, 0x53, 0x27, 0x62,
  0x69, 0x6e, 0xef, 0x02, 0x81, 0x2d, 0x70, 0x65, 0xf3, 0xe0, 0x96, 0xea,
  0xe1, 0x09, 0x05, 0x04, 0x60, 0x3b, 0xad, 0xe0, 0x69, 0xd6, 0x79, 0xe1,
  0xe0, 0x76, 0x26, 0xf5, 0xe0, 0xad, 0x5d, 0x73, 0x6f, 0xe5, 0xe0, 0xad,
  0x8a, 0xf0, 0x04, 0x0c, 0x06, 0x84, 0xf3, 0x04, 0xe0, 0xb2, 0xdf, 0x75,
  0xee, 0x60, 0x9d, 0xf3, 0xd3, 0xc6, 0xf0, 0x4f, 0xde, 0xe0, 0x8c, 0xc2,
  0xef, 0xe0, 0x70, 0x31, 0xae, 0x04, 0xe0, 0xb1, 0x53, 0x72, 0x61, 0x69,
  0x6c, 0x77, 0xe1, 0xe0, 0x38, 0xf6, 0xef, 0x60, 0x43, 0xc9, 0x60, 0x20,
  0xf9, 0xe0, 0x4b, 0x3f, 0xee, 0x0c, 0x06, 0x0b, 0x06, 0x2e, 0x06, 0x60,
  0x89, 0xee, 0xe0, 0x26, 0xa1, 0x7a, 0x65, 0xee, 0xe0, 0x94, 0x11, 0x75,
  0x73, 0x75, 0x61, 0x6c, 0x70, 0x65, 0xf2, 0xe0, 0x7f, 0x20, 0x6e, 0x61,
  0xee, 0xe0, 0xab, 0x39, 0xe9, 0x09, 0x0f, 0x0f, 0x60, 0x89, 0x66, 0xe0,
  0x25, 0xb5, 0xf6, 0x02, 0x86, 0x65, 0x72, 0xf3, 0xe0, 0x94, 0x6b, 0xae,
  0x60, 0xa5, 0x83, 0xc8, 0x14, 0x73, 0x6f, 0x6e, 0x2d, 0x73, 0x65, 0x72,
  0x76, 0x69, 0x63, 0x65, 0xf3, 0xe0, 0xa7, 0xdd, 0xe3, 0x58, 0x94, 0xe0,
  0x91, 0x42, 0xe4, 0x60, 0x96, 0xc8, 0xc5, 0x64, 0x61, 0x7a, 0x75, 0xeb,
  0xe0, 0x75, 0xff, 0xed, 0x07, 0x05, 0x09, 0x06, 0xe0, 0x6f, 0x9c, 0x73,
  0xef, 0xe0, 0x96, 0x62, 0xe9, 0x04, 0xe0, 0x98, 0x77, 0xe7, 0xe0, 0x6f,
  0xa5, 0xe2, 0x60, 0xaa, 0x09, 0xc5, 0xd5, 0x61, 0xea, 0xe0, 0x74, 0x31,
  0xec, 0x05, 0x0a, 0xe0, 0x74, 0xa5, 0xf3, 0x04, 0xe0, 0x98, 0x7d, 0x74,
  0xe5, 0xe0, 0x6f, 0xde, 0x6c, 0x65, 0x6e, 0xf3, 0x04, 0xe0, 0x5a, 0xee,
  0x76, 0x61, 0xee, 0xe0, 0xa9, 0x8f, 0xeb, 0x0a, 0x09, 0x60, 0x5d, 0x87,
  0x5a, 0xbf, 0xe0, 0x39, 0xbe, 0xe9, 0x04, 0xe0, 0xa9, 0x0d, 0xe8, 0xe0,
  0x6d, 0x5f, 0xae, 0x0e, 0x46, 0xf0, 0x60, 0x76, 0xb3, 0x59, 0xcc, 0x52,
  0x82, 0x46, 0x8e, 0xc1, 0x1f, 0x70, 0x72, 0x69, 0x6d, 0xe5, 0xe0, 0x25,
  0x87, 0x6a, 0xe9, 0x05, 0x08, 0xe0, 0xa0, 0x69, 0x74, 0x61, 0x77, 0x61,
  0xf2, 0xe0, 0x75, 0xde, 0xe9, 0xe0, 0x5c, 0x53, 0xe9, 0x02, 0x84, 0xef,
  0xe0, 0xaf, 0xa1, 0x2e, 0x6e, 0x61, 0x62, 0x75, 0x2e, 0x63, 0x61, 0xf3,
  0xe0, 0x9e, 0x42, 0x68, 0x2d, 0xef, 0xe0, 0x9a, 0x8e, 0xe7, 0x07, 0x60,
  0x6f, 0x1a, 0xe0, 0x42, 0x9f, 0xe9, 0xe0, 0x30, 0xa3, 0x66, 0xe3, 0xe0,
  0x8e, 0x35, 0xe5, 0x04, 0xe0, 0x41, 0xa2, 0x6e, 0xef, 0x05, 0x03, 0xe0,
  0xa7, 0x2f, 0xf2, 0xdd, 0xa1, 0x68, 0xe1, 0xe0, 0x36, 0x3c, 0xe4, 0x08,
  0x04, 0x60, 0x64, 0x2a, 0xe0, 0x4b, 0x03, 0xef, 0xe0, 0x51, 0xa7, 0xe9,
  0x60, 0x8b, 0x25, 0xe0, 0x24, 0xd3, 0x63, 0x68, 0xe9, 0x03, 0x0d, 0x84,
  0xee, 0x02, 0x85, 0x6f, 0xed, 0xe0, 0x57, 0x04, 0x61, 0xe4, 0xe0, 0x57,
  0x31, 0xeb, 0xe0, 0x5b, 0xa4, 0x68, 0xe1, 0xe0, 0x56, 0x2b, 0xe2, 0x09,
  0x60, 0x8c, 0xb0, 0x60, 0x21, 0xda, 0xc1, 0x61, 0xe5, 0x04, 0xe0, 0xae,
  0xe6, 0xf2, 0xe0, 0xa5, 0xa9, 0xe1, 0x04, 0xe0, 0xb1, 0x54, 0xe5, 0x60,
  0x73, 0x05, 0xe0, 0x29, 0x42, 0xae, 0x06, 0x60, 0x9c, 0x9f, 0xd4, 0xa5,
  0x63, 0x68, 0x61, 0x6e, 0x6e, 0x65, 0xec, 0xe0, 0x93, 0x35, 0xf4, 0x26,
  0x2c, 0x13, 0x30, 0x40, 0x75, 0x07, 0x40, 0xb7, 0x42, 0x33, 0x04, 0x42,
  0x26, 0x16, 0x26, 0x0a, 0x0c, 0x20, 0x33, 0x40, 0x66, 0x09, 0x40, 0xd1,
  0x06, 0x13, 0x42, 0x64, 0x60, 0x70, 0xf0, 0x58, 0xe0, 0x4f, 0xd6, 0xca,
  0x2f, 0xf9, 0x07, 0x0b, 0x11, 0x03, 0xe0, 0xa8, 0x2b, 0xf3, 0x06, 0x60,
  0x9e, 0x17, 0xcd, 0xda, 0xf6, 0xe0, 0x9e, 0x71, 0xf0, 0x02, 0x85, 0x6f,
  0xb3, 0xe0, 0x41, 0x09, 0x65, 0x64, 0x72, 0x65, 0x61, 0xed, 0xe0, 0xa9,
  0xf9, 0xee, 0xd1, 0x3c, 0x63, 0xe8, 0xe0, 0x9b, 0x9e, 0xf7, 0x06, 0x60,
  0x9a, 0x39, 0xd6, 0xa9, 0x6d, 0x61, 0x69, 0x6c, 0xae, 0x60, 0x93, 0xcb,
  0x59, 0xd3, 0xc2, 0xe8, 0xf6, 0x07, 0x05, 0x60, 0xad, 0xf1, 0xc2, 0xd8,
  0x65, 0xe4, 0xe0, 0x66, 0xf3, 0xae, 0x0b, 0x06, 0x08, 0x60, 0x61, 0x13,
  0x60, 0x4a, 0x6a, 0xc2, 0x83, 0xf4, 0x60, 0xad, 0xdd, 0xc1, 0x4b, 0xe9,
  0x60, 0xad, 0xf5, 0x40, 0xb9, 0xc0, 0x93, 0xe2, 0x60, 0xa4, 0x47, 0x49,
  0xd1, 0x40, 0xc7, 0xbb, 0xf5, 0x0e, 0x08, 0x0a, 0x04, 0x0b, 0x1c, 0x12,
  0x12, 0x60, 0x4b, 0x8d, 0xe0, 0x62, 0x2f, 0x79, 0x65, 0x6e, 0x71, 0xf5,
  0xe0, 0xa6, 0x3d, 0x78, 0x66, 0x61, 0x6d, 0x69, 0x6c, 0xf9, 0xe0, 0xad,
  0x48, 0xf6, 0xe0, 0xae, 0x3a, 0xf3, 0x04, 0xe0, 0xaf, 0x46, 0x63, 0x61,
  0xee, 0xe0, 0xa5, 0xb7, 0xf2, 0x04, 0x07, 0x04, 0x84, 0x79, 0x73, 0x74,
  0xf9, 0xe0, 0x84, 0xe1, 0xe9, 0xe0, 0x25, 0xc4, 0xe5, 0xe0, 0x9a, 0xb6,
  0xae, 0x60, 0x9b, 0x02, 0x53, 0x2b, 0xc0, 0x9f, 0xee, 0x05, 0x08, 0xe0,
  0xa2, 0x14, 0x6e, 0x65, 0x6c, 0x6d, 0xef, 0xe0, 0x9e, 0xa4, 0xeb, 0xe0,
  0xad, 0x0b, 0xec, 0x05, 0x60, 0xad, 0xf8, 0x95, 0x65, 0x61, 0x70, 0x2d,
  0x70, 0x61, 0x72, 0x74, 0xee, 0xe0, 0x83, 0x99, 0x63, 0xeb, 0xe0, 0xa3,
  0x9d, 0xf4, 0x60, 0x47, 0xa9, 0xe0, 0x68, 0x87, 0xf3, 0x06, 0x40, 0x98,
  0x04, 0x04, 0x8a, 0xf5, 0x0e, 0x05, 0x06, 0x0b, 0x1e, 0x0b, 0x07, 0x20,
  0x04, 0x0b, 0x06, 0xe0, 0x61, 0x22, 0x79, 0xe1, 0xe0, 0x69, 0xd1, 0x77,
  0x61, 0xee, 0xe0, 0x68, 0x49, 0x73, 0x68, 0x69, 0x6d, 0x61, 0xae, 0x60,
  0x91, 0x6f, 0xd7, 0xad, 0x72, 0xf5, 0x06, 0x04, 0x03, 0xe0, 0x83, 0x93,
  0xf4, 0xe0, 0x40, 0x57, 0xef, 0xd2, 0x10, 0xe7, 0x04, 0xe0, 0x6b, 0x2b,
  0xe1, 0x04, 0xe0, 0x80, 0xfa, 0x73, 0xe8, 0xe0, 0x53, 0xfe, 0xee, 0x02,
  0x84, 0xef, 0xe0, 0x51, 0x7b, 0xe1, 0xe0, 0x6f, 0x14, 0x6d, 0x61, 0x67,
  0xef, 0xe0, 0x5b, 0x9a, 0xeb, 0x02, 0x8e, 0xf5, 0x05, 0x04, 0xe0, 0xa0,
  0xce, 0xed, 0xe0, 0x67, 0x53, 0xe2, 0xe0, 0x66, 0xa2, 0xe9, 0x02, 0x86,
  0x79, 0x6f, 0xee, 0xe0, 0x38, 0xec, 0x67, 0x61, 0xf4, 0xe0, 0xad, 0x70,
  0xe9, 0xe0, 0x61, 0x17, 0x67, 0xe1, 0x04, 0xe0, 0xa1, 0xeb, 0x72, 0xf5,
  0xe0, 0x6f, 0x16, 0x63, 0x68, 0xe9, 0xe0, 0x54, 0x57, 0xe2, 0x04, 0xe0,
  0xa9, 0xfd, 0xe1, 0x04, 0xe0, 0x53, 0x9b, 0xed, 0xe0, 0x3f, 0xa8, 0xf4,
  0xe0, 0x8e, 0x65, 0xeb, 0xe0, 0x9a, 0xf7, 0x65, 0x6c, 0x69, 0x6e, 0x6f,
  0x67, 0xf2, 0xe0, 0xa1, 0xcf, 0xae, 0x60, 0xad, 0x17, 0xc2, 0x0a, 0xf2,
  0x10, 0x1e, 0x04, 0x21, 0x11, 0x40, 0x48, 0x41, 0x7e, 0x60, 0x96, 0x04,
  0x52, 0xe6, 0xc4, 0x5e, 0xf9, 0x03, 0x05, 0x8b, 0x73, 0xe9, 0xe0, 0xa6,
  0x9b, 0x63, 0x6c, 0x6f, 0x75, 0x64, 0x66, 0x6c, 0xe1, 0xe0, 0x91, 0xd3,
  0x2d, 0x73, 0x6e, 0x6f, 0x77, 0x70, 0xec, 0xe0, 0x4e, 0x76, 0xf5, 0xe0,
  0x9f, 0xe1, 0xef, 0x05, 0x05, 0x07, 0x05, 0x84, 0x6e, 0xe4, 0xe0, 0x9f,
  0xa0, 0x6d, 0xf3, 0x60, 0xa5, 0x3b, 0xc2, 0x2a, 0x69, 0xf4, 0xe0, 0xa7,
  0x48, 0xe7, 0xe0, 0x77, 0x38, 0x61, 0x6e, 0xe4, 0xe0, 0x6c, 0xd7, 0xe9,
  0x02, 0x89, 0x74, 0x6f, 0x6e, 0x2e, 0x7a, 0xef, 0xe0, 0x51, 0x52, 0x65,
  0xf3, 0xe0, 0x25, 0x6a, 0xe5, 0x02, 0x85, 0x76, 0xe9, 0xe0, 0x93, 0xef,
  0x6e, 0xf4, 0x04, 0xe0, 0xac, 0x9d, 0x69, 0xee, 0x03, 0x26, 0x81, 0xef,
  0x06, 0x0b, 0x09, 0xe0, 0xac, 0x7e, 0xf3, 0x05, 0x24, 0xe0, 0x9b, 0xea,
  0xf5, 0x02, 0x9b, 0xe4, 0xa0, 0xad, 0x02, 0x86, 0xf3, 0x12, 0x09, 0xe0,
  0x9b, 0xea, 0xe1, 0x05, 0x60, 0xa6, 0x2b, 0x81, 0x6c, 0xf4, 0xe0, 0xa6,
  0x26, 0x2d, 0x73, 0xf5, 0x02, 0x81, 0x65, 0xe4, 0x04, 0xe0, 0x9b, 0xea,
  0xad, 0xe0, 0x9b, 0xe9, 0xe1, 0x09, 0x1b, 0x04, 0x41, 0x1f, 0x07, 0x15,
  0x0c, 0x8b, 0xf6, 0x04, 0xe0, 0x9c, 0x3f, 0x65, 0xec, 0x05, 0x09, 0xe0,
  0xae, 0xa7, 0x65, 0x72, 0xf3, 0x60, 0x48, 0x73, 0xe0, 0x66, 0x3a, 0xae,
  0x60, 0xa9, 0x5c, 0xc3, 0xd4, 0xf0, 0xe0, 0xa4, 0x8e, 0xee, 0x0b, 0x40,
  0xe4, 0x60, 0x48, 0x5e, 0x60, 0x57, 0x6b, 0xc6, 0x16, 0xf3, 0x04, 0x12,
  0x04, 0x88, 0x75, 0x72, 0x6c, 0xae, 0x05, 0x05, 0xe0, 0x2f, 0x63, 0x6e,
  0xec, 0xe0, 0xae, 0x7d, 0xe2, 0xe0, 0xa3, 0x77, 0xf0, 0xe0, 0x84, 0xab,
  0x6c, 0x61, 0x74, 0x65, 0xae, 0xe0, 0x8d, 0xb9, 0x66, 0x65, 0x72, 0x2d,
  0x77, 0x65, 0x62, 0x61, 0x70, 0xf0, 0x03, 0xc0, 0x9e, 0xae, 0x09, 0x09,
  0x0d, 0x05, 0x1b, 0x30, 0xe0, 0x49, 0xde, 0x75, 0x73, 0xad, 0x40, 0x9a,
  0x60, 0x49, 0x9c, 0x83, 0xed, 0x02, 0x84, 0xf8, 0xe0, 0x4a, 0x4f, 0x65,
  0xad, 0x60, 0x4a, 0x4b, 0xaf, 0x69, 0xec, 0xe0, 0x4a, 0x44, 0x65, 0x75,
  0xad, 0x06, 0x08, 0x60, 0x4a, 0x27, 0x83, 0x73, 0x6f, 0x75, 0x74, 0xe8,
  0xe0, 0x4a, 0x17, 0x63, 0x65, 0x6e, 0x74, 0x72, 0x61, 0xec, 0xe0, 0x4a,
  0x0d, 0xe3, 0x02, 0xa6, 0x6e, 0x2d, 0x6e, 0x6f, 0x72, 0x74, 0xe8, 0x02,
  0x84, 0x77, 0x65, 0x73, 0x74, 0x2d, 0x31, 0x2e, 0x6f, 0x6e, 0x2e, 0x61,
  0x6d, 0x61, 0x7a, 0x6f, 0x6e, 0x77, 0x65, 0x62, 0x73, 0x65, 0x72, 0x76,
  0x69, 0x63, 0xe5, 0xe0, 0x8c, 0x07, 0x61, 0xad, 0x40, 0x44, 0xe0, 0x49,
  0xb8, 0xe1, 0x04, 0xe0, 0x4a, 0x1f, 0x70, 0xad, 0x05, 0x60, 0x4a, 0x02,
  0x91, 0x73, 0x6f, 0x75, 0x74, 0xe8, 0x04, 0xe0, 0x49, 0xc5, 0x65, 0x61,
  0x73, 0x74, 0xad, 0x08, 0x04, 0x04, 0x60, 0x49, 0xf1, 0x02, 0x8f, 0xb7,
  0xe0, 0x4a, 0x0a, 0xb5, 0xe0, 0x4a, 0x06, 0xb4, 0xe0, 0x4a, 0x02, 0x2d,
  0x66, 0x69, 0x70, 0x73, 0x2e, 0x75, 0x73, 0x2d, 0x67, 0x6f, 0x76, 0xad,
  0x04, 0xe0, 0x49, 0xe0, 0x77, 0xe5, 0xe0, 0x49, 0xe0, 0xe9, 0x03, 0x0b,
  0x89, 0x62, 0x61, 0x72, 0x6c, 0x65, 0x74, 0x74, 0xe1, 0xe0, 0xa5, 0x67,
  0x61, 0x6e, 0x64, 0x72, 0x69, 0xe1, 0xe0, 0xa3, 0x72, 0xad, 0x02, 0x8b,
  0x62, 0x61, 0x72, 0x6c, 0x65, 0x74, 0x74, 0xe1, 0xe0, 0x9a, 0x35, 0x61,
  0x6e, 0x64, 0x72, 0x69, 0xe1, 0xe0, 0xa3, 0x5a, 0x69, 0xee, 0x60, 0x8f,
  0x61, 0xc6, 0x28, 0x66, 0x66, 0x69, 0xe3, 0x02, 0x87, 0x70, 0x6c, 0x65,
  0xf8, 0xe0, 0xa2, 0xdd, 0x6d, 0x61, 0x6e, 0x61, 0xe7, 0xe0, 0x8b, 0xd2,
  0x65, 0x75, 0x6d, 0x74, 0x67, 0x65, 0x72, 0x61, 0xe4, 0xe0, 0x59, 0x33,
  0xe4, 0x04, 0xe0, 0x91, 0x29, 0xe5, 0x60, 0x8f, 0x36, 0xde, 0x1a, 0xae,
  0xdb, 0xfe, 0xae, 0x60, 0xa5, 0x43, 0x45, 0xa3, 0xc0, 0x91, 0xf0, 0xe0,
  0xaa, 0xdd, 0xef, 0x1a, 0x0b, 0x40, 0x5c, 0x14, 0x12, 0x0f, 0x27, 0x22,
  0x0a, 0x0c, 0x2c, 0x2c, 0x04, 0x40, 0x50, 0x0e, 0x2a, 0x04, 0x07, 0x0f,
  0x60, 0x98, 0xe8, 0xd2, 0x40, 0xfa, 0x04, 0xe0, 0x42, 0xec, 0x73, 0x64,
  0xe5, 0xe0, 0xab, 0xe2, 0xf9, 0x06, 0x40, 0x43, 0xe0, 0xa9, 0xf4, 0xef,
  0x0d, 0x18, 0x04, 0x03, 0x08, 0x04, 0x06, 0x60, 0x65, 0x01, 0xe0, 0x40,
  0x27, 0xf4, 0x03, 0x04, 0x85, 0xf3, 0xe0, 0x84, 0x71, 0x6f, 0xed, 0xe0,
  0xaa, 0xf7, 0xe1, 0x04, 0xe0, 0xac, 0xef, 0xae, 0x60, 0xa6, 0x07, 0xc4,
  0x71, 0x73, 0xe1, 0xda, 0x43, 0xef, 0xc5, 0x3f, 0xee, 0x60, 0x8e, 0x5c,
  0x50, 0x32, 0xcc, 0x33, 0xeb, 0xe0, 0x5e, 0x32, 0x68, 0x61, 0xf3, 0xe0,
  0x2c, 0x09, 0xe1, 0xe0, 0x9e, 0x7b, 0xe1, 0x05, 0x08, 0xe0, 0xaa, 0xbf,
  0x6d, 0x61, 0xae, 0x60, 0x9f, 0x6c, 0xcb, 0x62, 0xeb, 0xe0, 0x9e, 0xed,
  0xf7, 0x02, 0x8c, 0xee, 0x04, 0xe0, 0xac, 0xb2, 0x6e, 0x65, 0x77, 0xf3,
  0xe0, 0x9c, 0x00, 0x61, 0xe4, 0xe0, 0x3d, 0x0b, 0x75, 0xf2, 0x04, 0xe0,
  0xa9, 0xc8, 0x69, 0x73, 0x6d, 0xae, 0x60, 0x79, 0xc5, 0x60, 0x2d, 0x8d,
  0xc0, 0x63, 0xf4, 0x04, 0xe0, 0x82, 0xe2, 0x74, 0x6f, 0x72, 0x69, 0xae,
  0x60, 0x8d, 0x64, 0xdd, 0x31, 0xf3, 0x09, 0x0a, 0x05, 0x60, 0x51, 0xaf,
  0xe0, 0x58, 0x5b, 0x68, 0xe9, 0x04, 0xe0, 0xa4, 0xc3, 0xe2, 0xe0, 0xaa,
  0x85, 0x63, 0xe1, 0xe0, 0xa2, 0x7c, 0xe1, 0x04, 0xe0, 0xa4, 0xbf, 0x73,
  0x68, 0x69, 0x6d, 0x69, 0xfa, 0xe0, 0x34, 0xd7, 0xf2, 0x07, 0x04, 0x03,
  0x08, 0xe0, 0x24, 0xba, 0xf5, 0xe0, 0x43, 0x9c, 0xf3, 0xd9, 0x0c, 0xe9,
  0x04, 0xe0, 0x9e, 0xb3, 0xe4, 0xcf, 0x69, 0xe1, 0x04, 0xe0, 0xa9, 0x9c,
  0x68, 0x69, 0xed, 0xe0, 0x63, 0xb9, 0xf0, 0x04, 0xe0, 0xac, 0x37, 0x61,
  0xfa, 0xe0, 0x6e, 0x35, 0xef, 0x04, 0xe0, 0xa6, 0x7c, 0xec, 0x60, 0x65,
  0x33, 0xe0, 0x44, 0x21, 0xee, 0x09, 0x0a, 0x06, 0x09, 0x4f, 0x23, 0xe0,
  0x64, 0xd7, 0xef, 0x04, 0xe0, 0x70, 0xad, 0x73, 0xe8, 0xe0, 0x41, 0xc1,
  0x6b, 0x6f, 0x74, 0xf3, 0xde, 0x2f, 0x64, 0x61, 0x62, 0x61, 0x79, 0xe1,
  0xe0, 0x63, 0xe5, 0xe1, 0x04, 0xe0, 0x57, 0xb9, 0xed, 0xe0, 0x6f, 0xa2,
  0xed, 0x05, 0x04, 0x17, 0xd1, 0x22, 0x6f, 0xe2, 0xcf, 0x12, 0xe9, 0x0e,
  0x04, 0x60, 0x2c, 0x51, 0x60, 0x20, 0xef, 0x60, 0x22, 0xde, 0xe0, 0x38,
  0x3b, 0xf9, 0xe0, 0x6f, 0x3b, 0xeb, 0xe0, 0x79, 0x70, 0xe1, 0x04, 0xe0,
  0xa9, 0xd3, 0x6b, 0x6f, 0xed, 0xe0, 0x96, 0x12, 0xec, 0xe0, 0x83, 0x60,
  0xeb, 0x08, 0x04, 0x15, 0x0f, 0x07, 0xe0, 0x75, 0x3e, 0xf9, 0xe0, 0x48,
  0xd5, 0xf5, 0x02, 0x87, 0x79, 0x61, 0x6d, 0xe1, 0xe0, 0xa9, 0x3f, 0x73,
  0x68, 0x69, 0x6d, 0x61, 0xae, 0x60, 0xa4, 0x93, 0xc5, 0x25, 0xef, 0x02,
  0x86, 0x72, 0x6f, 0xfa, 0xe0, 0x2a, 0x3a, 0x6e, 0x61, 0xed, 0xe0, 0x9d,
  0x49, 0xe9, 0x60, 0x2a, 0x2f, 0xe0, 0x76, 0xea, 0xe1, 0x03, 0x06, 0x87,
  0x73, 0x68, 0xe9, 0xe0, 0x57, 0x46, 0x6d, 0x61, 0x63, 0xe8, 0xe0, 0x55,
  0x8b, 0x69, 0xae, 0x60, 0xa2, 0x39, 0xc2, 0x5f, 0xe8, 0x06, 0x60, 0x8c,
  0xd7, 0xcf, 0xa5, 0x6e, 0x6f, 0x73, 0xe8, 0xe0, 0xa9, 0x32, 0xe7, 0x07,
  0x05, 0x08, 0x04, 0xe0, 0xa0, 0xf3, 0x75, 0xf2, 0xe0, 0x8c, 0xb8, 0x6c,
  0x69, 0x61, 0x74, 0xf4, 0xe0, 0x33, 0x24, 0xe9, 0xe0, 0x49, 0xe6, 0xe1,
  0x05, 0x05, 0xe0, 0x6f, 0x29, 0x6e, 0xe5, 0xe0, 0xa9, 0x0f, 0x6b, 0x75,
  0xf3, 0xe0, 0xa7, 0xbf, 0xe5, 0xe0, 0xa4, 0x58, 0x64, 0xe1, 0x60, 0x9d,
  0xc9, 0xca, 0xcd, 0x63, 0x68, 0xe9, 0x04, 0xe0, 0xa6, 0x25, 0x67, 0x69,
  0xae, 0x60, 0x9d, 0x75, 0xcb, 0xc3, 0xe2, 0x05, 0x07, 0xe0, 0x51, 0x85,
  0x69, 0x73, 0x68, 0xe9, 0xe0, 0x5a, 0xa6, 0xe5, 0x60, 0xa5, 0x6a, 0x9a,
  0xee, 0x05, 0x04, 0xe0, 0xab, 0x0c, 0xf8, 0xe0, 0x83, 0xa4, 0xae, 0x06,
  0x60, 0xa5, 0x20, 0xc3, 0x84, 0x6f, 0xf8, 0xe0, 0x56, 0x1f, 0xed, 0x07,
  0x08, 0x60, 0x96, 0xb4, 0xd4, 0x3c, 0x70, 0xae, 0x60, 0x7d, 0x83, 0xe0,
  0x2b, 0xde, 0xae, 0x11, 0x60, 0x96, 0x37, 0x46, 0x8b, 0x03, 0x1d, 0x48,
  0xb2, 0x14, 0x15, 0x43, 0x4c, 0x05, 0xc0, 0x9a, 0xed, 0xe0, 0xa8, 0xaa,
  0xec, 0x04, 0xe0, 0xaa, 0xd5, 0x6f, 0xee, 0xe0, 0x9d, 0xa8, 0xeb, 0x05,
  0x14, 0xe0, 0xaa, 0xb6, 0x73, 0x61, 0xf4, 0xe0, 0xa7, 0x9f, 0xea, 0x0b,
  0x02, 0x06, 0x06, 0x60, 0x94, 0x01, 0x4d, 0x72, 0xc9, 0x37, 0xef, 0xad,
  0x6d, 0x61, 0xf8, 0xe0, 0xa1, 0x7c, 0x69, 0x65, 0xec, 0xe0, 0xa8, 0xce,
  0x65, 0x6c, 0xe4, 0xe0, 0x91, 0xc2, 0xe9, 0x09, 0x07, 0x09, 0x04, 0x07,
  0x0a, 0xe0, 0x21, 0x36, 0xf2, 0x60, 0x6d, 0xd3, 0xe0, 0x2e, 0x8e, 0xee,
  0x04, 0xe0, 0xa2, 0xb3, 0xe7, 0xe0, 0x9c, 0xa4, 0xed, 0xe0, 0xa8, 0xab,
  0x65, 0xee, 0x60, 0x98, 0x24, 0xc4, 0xbb, 0x63, 0x6b, 0x65, 0x74, 0xf3,
  0x60, 0xa9, 0x3d, 0xc1, 0x3d, 0xe1, 0xe0, 0xa8, 0x85, 0xe8, 0x0a, 0x0c,
  0x08, 0x10, 0x17, 0x60, 0xa7, 0x95, 0xc2, 0x96, 0x75, 0x61, 0x74, 0x68,
  0x69, 0x65, 0x6e, 0x68, 0xf5, 0xe0, 0x95, 0x34, 0x72, 0x75, 0x68, 0x65,
  0xf2, 0xe0, 0xa6, 0x6d, 0xe9, 0x04, 0xe0, 0x7f, 0x97, 0x6e, 0x67, 0x64,
  0x75, 0x73, 0x74, 0x64, 0xe1, 0xe0, 0x9b, 0x5d, 0xe5, 0x08, 0x07, 0x60,
  0x4e, 0x54, 0xe0, 0x5a, 0x48, 0x77, 0x6f, 0x72, 0xeb, 0xe0, 0x60, 0x17,
  0x61, 0xf4, 0x60, 0x93, 0x3e, 0xd3, 0xbb, 0xe1, 0x02, 0x92, 0x6e, 0xe8,
  0x04, 0xe0, 0x4d, 0x0e, 0x70, 0x68, 0x6f, 0x68, 0x6f, 0x63, 0x68, 0x69,
  0xed, 0xe0, 0x97, 0xa1, 0xe9, 0x04, 0xe0, 0x60, 0x7b, 0x6e, 0x67, 0xf5,
  0xe0, 0x5e, 0x69, 0xe7, 0x04, 0xe0, 0xaa, 0x06, 0xef, 0xe0, 0x3e, 0x74,
  0xe5, 0x0e, 0x17, 0x16, 0x18, 0x20, 0x20, 0x2a, 0x60, 0x83, 0x14, 0x51,
  0x9d, 0xc5, 0xa3, 0xf3, 0x02, 0x8c, 0xf4, 0x07, 0x60, 0x3d, 0x64, 0xe0,
  0x5e, 0x7d, 0xae, 0xe0, 0x59, 0xb9, 0x68, 0x69, 0x6b, 0x61, 0xe7, 0xe0,
  0xa7, 0x9e, 0xf2, 0x05, 0x0a, 0xe0, 0x94, 0x93, 0xee, 0x04, 0xe0, 0x9f,
  0xc1, 0x6f, 0x70, 0xe9, 0xcf, 0xd1, 0x6d, 0x65, 0xfa, 0xe0, 0xa7, 0x80,
  0xee, 0x07, 0x04, 0x04, 0x04, 0xe0, 0x63, 0x05, 0xee, 0xe0, 0x67, 0x5e,
  0xeb, 0xe0, 0x2c, 0x5b, 0xe5, 0xe0, 0x96, 0xaa, 0xe4, 0xe0, 0x32, 0x07,
  0xed, 0x02, 0x99, 0xf0, 0x03, 0x06, 0x8b, 0x75, 0x72, 0xec, 0xe0, 0x6f,
  0xa8, 0x69, 0xef, 0x02, 0x81, 0x2d, 0x6f, 0x6c, 0xe2, 0xe0, 0xa1, 0x63,
  0xad, 0xe0, 0xa8, 0x79, 0x61, 0xf3, 0xcf, 0x6a, 0xec, 0x06, 0x60, 0x94,
  0xf8, 0xd4, 0x8f, 0xe5, 0x02, 0x87, 0x70, 0x6f, 0x72, 0xf4, 0xe0, 0x91,
  0x6d, 0x62, 0x69, 0x74, 0xae, 0x06, 0x60, 0xa2, 0x79, 0xc5, 0xbe, 0x78,
  0xf9, 0xe0, 0x88, 0x9d, 0xe3, 0x03, 0x05, 0x99, 0x6e, 0xef, 0xe0, 0x7a,
  0x67, 0xe8, 0x05, 0x07, 0xe0, 0xa9, 0x58, 0x6e, 0x6f, 0x6c, 0xef, 0xe0,
  0x76, 0xb6, 0xae, 0x04, 0xe0, 0xa7, 0x1f, 0x6f, 0x72, 0x61, 0xee, 0xe0,
  0xa5, 0x04, 0xae, 0x60, 0x9c, 0x39, 0x42, 0xad, 0xc8, 0xd0, 0xe1, 0x02,
  0x86, 0xed, 0x60, 0x91, 0x5c, 0xd7, 0xe4, 0x63, 0x68, 0x65, 0x73, 0x2d,
  0x79, 0xef, 0xe0, 0x6e, 0xc2, 0xe4, 0x60, 0xa6, 0x5b, 0xc2, 0xd5, 0xe3,
  0x09, 0x04, 0x60, 0xa6, 0xa3, 0x40, 0xe4, 0xc1, 0x96, 0xf0, 0xe0, 0x5d,
  0x15, 0x68, 0xe5, 0xe0, 0xa6, 0x4b, 0xe1, 0x1b, 0x04, 0x10, 0x0a, 0x04,
  0x38, 0x08, 0x2c, 0x05, 0x1f, 0x29, 0x40, 0xc8, 0x07, 0x40, 0x4e, 0x03,
  0x0e, 0x13, 0x0f, 0x60, 0x98, 0xc0, 0x45, 0xdc, 0xc5, 0xd3, 0xf9, 0xe0,
  0x96, 0x82, 0xf8, 0x04, 0xe0, 0xa8, 0xf3, 0xe9, 0x04, 0xe0, 0xa8, 0xee,
  0xae, 0x60, 0xa5, 0xa1, 0xc1, 0xb7, 0x77, 0x61, 0x72, 0x61, 0x6d, 0x6f,
  0xf4, 0xe0, 0x60, 0x94, 0xf6, 0xe0, 0x6f, 0x5a, 0xf4, 0x04, 0x05, 0x0a,
  0x9a, 0x74, 0xef, 0xe0, 0xa7, 0x04, 0x73, 0x75, 0x6e, 0x6f, 0xae, 0x60,
  0xa3, 0x12, 0xc2, 0x36, 0xe5, 0x03, 0x0a, 0x86, 0x79, 0x61, 0x6d, 0x61,
  0xae, 0x60, 0x9b, 0x66, 0xcb, 0x1c, 0x73, 0x68, 0xe9, 0xe0, 0x5b, 0x5e,
  0x62, 0x61, 0xf9, 0xe0, 0x3f, 0x1e, 0xe1, 0x04, 0xe0, 0xa7, 0x13, 0x6d,
  0xef, 0xe0, 0x83, 0x4e, 0xf3, 0x03, 0xda, 0x14, 0xe8, 0xe0, 0x89, 0xcb,
  0xf2, 0x05, 0x0c, 0x06, 0x04, 0x87, 0xf5, 0x04, 0xe0, 0x9e, 0x0f, 0x6d,
  0x69, 0x7a, 0xf5, 0xe0, 0xa0, 0x9a, 0x70, 0x69, 0xf4, 0xe0, 0x9b, 0xf0,
  0xee, 0xe0, 0x48, 0xd0, 0xe7, 0x60, 0x2d, 0xc4, 0xe0, 0x64, 0x75, 0xe1,
  0x60, 0x46, 0xb5, 0x60, 0x55, 0x06, 0xc7, 0x7f, 0x6f, 0xe2, 0xe0, 0x79,
  0x41, 0xee, 0x05, 0x04, 0xe0, 0x96, 0x0d, 0x6f, 0xe8, 0xd6, 0x19, 0xe1,
  0x07, 0x05, 0x60, 0x8f, 0xa1, 0xd6, 0xd4, 0x67, 0xf5, 0xe0, 0x49, 0xb0,
  0x62, 0x65, 0xae, 0x60, 0x96, 0xdb, 0xc4, 0xb2, 0xed, 0x02, 0x84, 0xe2,
  0xe0, 0x62, 0xaa, 0xe1, 0x0a, 0x04, 0x09, 0x04, 0x60, 0x4f, 0x2e, 0xe0,
  0x55, 0x3e, 0xf9, 0xe0, 0x67, 0x42, 0x74, 0x73, 0x75, 0x6b, 0x75, 0xf2,
  0xe0, 0x89, 0x80, 0xed, 0xe0, 0x53, 0x24, 0xeb, 0x50, 0xf0, 0xe0, 0x39,
  0x0b, 0xeb, 0x0a, 0x03, 0x12, 0x0f, 0x60, 0x4d, 0x35, 0xe0, 0x58, 0x80,
  0xeb, 0xca, 0xd9, 0xe9, 0x07, 0x60, 0x59, 0x94, 0xe0, 0x41, 0x0b, 0x6e,
  0xef, 0x04, 0xe0, 0xa2, 0x4b, 0xf5, 0xe0, 0x88, 0xf2, 0xe5, 0x02, 0x89,
  0xf4, 0x04, 0xe0, 0x8e, 0x60, 0xef, 0xe0, 0x64, 0x4c, 0xe8, 0xc9, 0xa5,
  0xe1, 0x0e, 0x06, 0x0e, 0x14, 0x12, 0x08, 0x05, 0x0d, 0x0f, 0x04, 0x1f,
  0xe0, 0xa1, 0xa3, 0x7a, 0x61, 0xeb, 0xe0, 0x4b, 0xdf, 0x79, 0x61, 0x6d,
  0x61, 0xae, 0x04, 0xe0, 0xa4, 0x51, 0xe7, 0x60, 0x9d, 0x56, 0x8d, 0xf4,
  0x05, 0x0a, 0xe0, 0x63, 0x17, 0x73, 0x75, 0x6b, 0x69, 0xae, 0x60, 0xa0,
  0xd4, 0xc4, 0xd2, 0xef, 0xe0, 0x61, 0x11, 0xf3, 0x05, 0x05, 0xe0, 0xa2,
  0x1c, 0x68, 0xe9, 0xe0, 0x35, 0xcc, 0xe1, 0x60, 0x53, 0x77, 0xe0, 0x46,
  0xe9, 0x72, 0x61, 0x7a, 0x75, 0xeb, 0xe0, 0x62, 0x08, 0x6f, 0xeb, 0xe0,
  0x4f, 0xf6, 0xee, 0x02, 0x85, 0x65, 0xfa, 0xe0, 0x4d, 0xa9, 0x61, 0xe2,
  0xe0, 0x67, 0x2a, 0xed, 0x02, 0x89, 0x6f, 0x72, 0x69, 0xae, 0x60, 0x9e,
  0x8e, 0xc5, 0x77, 0xe1, 0xc0, 0x97, 0xe9, 0xe0, 0x5f, 0x5e, 0x68, 0xe1,
  0x07, 0x04, 0x05, 0x09, 0xe0, 0x6b, 0x0a, 0xf3, 0xe0, 0x99, 0xf4, 0x72,
  0xf5, 0xe0, 0x95, 0xfd, 0x6d, 0x61, 0xae, 0x60, 0x78, 0x7d, 0xe0, 0x28,
  0x03, 0xe7, 0xe0, 0x88, 0xb2, 0xe7, 0xe0, 0xa3, 0xd7, 0x6a, 0xe9, 0x60,
  0x36, 0xef, 0xce, 0xb4, 0xe9, 0x0b, 0x12, 0x0f, 0x04, 0x05, 0x05, 0x08,
  0x05, 0xe0, 0x5e, 0xd0, 0x77, 0xe1, 0x04, 0xe0, 0x6a, 0x9c, 0x6e, 0x6e,
  0x6f, 0x72, 0x74, 0xe8, 0x60, 0x52, 0xbd, 0xe0, 0x45, 0x04, 0x73, 0x68,
  0xe9, 0x02, 0x84, 0xee, 0xe0, 0xa0, 0x1c, 0xae, 0x60, 0xa1, 0x71, 0xc3,
  0x9b, 0xf2, 0xe0, 0x4f, 0x7b, 0x70, 0xe5, 0xe0, 0xa4, 0xa5, 0x6e, 0xe1,
  0xe0, 0x51, 0x21, 0x6b, 0x69, 0xae, 0x60, 0x99, 0xc1, 0xcb, 0x55, 0x6a,
  0xe9, 0xe0, 0x9a, 0x4a, 0x66, 0x75, 0xee, 0xe0, 0x79, 0x85, 0xe8, 0xc8,
  0xe5, 0x67, 0xe1, 0x07, 0x60, 0x33, 0xea, 0xe0, 0x2a, 0x20, 0x6a, 0xef,
  0xe0, 0x6a, 0x52, 0xe4, 0x02, 0x8b, 0xef, 0x04, 0xe0, 0x58, 0x74, 0x74,
  0x73, 0xf5, 0xe0, 0x95, 0x6d, 0x61, 0xef, 0xe0, 0x88, 0x5f, 0x63, 0x68,
  0xe9, 0x02, 0x84, 0xeb, 0xe0, 0x77, 0x6d, 0x61, 0x72, 0xe1, 0xe0, 0x58,
  0x3f, 0xe2, 0x06, 0x06, 0x09, 0xe0, 0xa6, 0xbb, 0x75, 0x73, 0xe5, 0xe0,
  0xa4, 0x50, 0x69, 0x74, 0x6f, 0x72, 0x64, 0x65, 0xf2, 0xd6, 0xe2, 0x61,
  0x79, 0x61, 0xed, 0xe0, 0x6a, 0xd8, 0x33, 0x2e, 0x73, 0x74, 0x6f, 0x72,
  0x61, 0x67, 0xe5, 0x04, 0xe0, 0x9b, 0x0a, 0x61, 0x70, 0xe9, 0xe0, 0x9b,
  0x07, 0xf3, 0x28, 0x1e, 0x38, 0x06, 0x40, 0x4a, 0x26, 0x41, 0x10, 0x41,
  0xfb, 0x1d, 0x27, 0x13, 0x40, 0x7d, 0x41, 0x29, 0x34, 0x36, 0x22, 0x40,
  0x7e, 0x07, 0x40, 0xbd, 0x42, 0xbb, 0x09, 0x06, 0x42, 0x2c, 0x16, 0x40,
  0xed, 0x0d, 0x42, 0xc5, 0xc1, 0xa2, 0xfa, 0x06, 0x04, 0x05, 0xe0, 0xa6,
  0x68, 0xeb, 0xe0, 0x46, 0x5b, 0x65, 0xf8, 0xe0, 0xa5, 0x34, 0x63, 0xfa,
  0x02, 0x85, 0x79, 0xf4, 0xe0, 0x66, 0x8c, 0x65, 0xe3, 0xe0, 0x91, 0x83,
  0xf9, 0x09, 0x0f, 0x13, 0x08, 0x60, 0x96, 0xbb, 0xcf, 0x6b, 0xf3, 0x02,
  0x85, 0x74, 0xe5, 0xe0, 0x85, 0xfe, 0x2e, 0x71, 0x63, 0xf8, 0xe0, 0x94,
  0x7d, 0xee, 0x02, 0x88, 0x6f, 0x6c, 0x6f, 0x67, 0xf9, 0xe0, 0x8d, 0xab,
  0x63, 0x6c, 0x6f, 0x75, 0xe4, 0xe0, 0xa5, 0xb1, 0x6b, 0x6b, 0x79, 0x6c,
  0xf6, 0xe0, 0x93, 0x5e, 0xe4, 0xe0, 0x97, 0x26, 0xf8, 0x60, 0x8f, 0x78,
  0xd6, 0xa9, 0xf7, 0x03, 0x2c, 0x95, 0xe9, 0x07, 0x0d, 0x08, 0x06, 0xe0,
  0x9c, 0xd4, 0x74, 0x7a, 0x65, 0x72, 0x6c, 0x61, 0x6e, 0xe4, 0x60, 0x51,
  0x8b, 0xd6, 0x2f, 0x6e, 0x6f, 0x75, 0x6a, 0x73, 0xe3, 0xdb, 0x3d, 0x65,
  0x62, 0xef, 0xe0, 0x91, 0x1c, 0x64, 0x6e, 0xe9, 0x60, 0x40, 0x73, 0xe0,
  0x27, 0xa8, 0xe5, 0x02, 0x89, 0x65, 0x74, 0x70, 0x65, 0x70, 0xf0, 0xe0,
  0x53, 0x8e, 0x64, 0x65, 0xee, 0x60, 0x6c, 0x1f, 0xe0, 0x24, 0xb2, 0x61,
  0xf4, 0xe0, 0x8d, 0xd0, 0xf6, 0x0b, 0x05, 0x0b, 0x60, 0x62, 0x79, 0x60,
  0x40, 0xdb, 0xc2, 0x62, 0x6e, 0xad, 0xe0, 0x66, 0xcb, 0xe5, 0x02, 0x84,
  0xec, 0xe0, 0x68, 0x3c, 0xe9, 0xe0, 0x9b, 0xc1, 0x63, 0x2e, 0x66, 0x69,
  0x72, 0x65, 0xee, 0xe0, 0x6e, 0x42, 0xf5, 0x15, 0x11, 0x0b, 0x0e, 0x1c,
  0x2b, 0x06, 0x13, 0x1c, 0x10, 0x0b, 0x0a, 0x0c, 0x06, 0x0a, 0x05, 0x60,
  0xa2, 0x48, 0xc2, 0x62, 0xfa, 0x04, 0xe0, 0x57, 0xfd, 0xf5, 0x04, 0xe0,
  0x9b, 0xaf, 0xeb, 0x60, 0x4b, 0xf5, 0xe0, 0x57, 0x1c, 0x77, 0xe1, 0x04,
  0xe0, 0xa1, 0xfb, 0x6c, 0xeb, 0xe0, 0x2a, 0xc4, 0xf3, 0x02, 0x86, 0x6f,
  0x6e, 0xef, 0xe0, 0x99, 0x04, 0x61, 0xeb, 0xe0, 0x67, 0x67, 0xf2, 0x06,
  0x09, 0x05, 0xe0, 0x98, 0x49, 0x76, 0x65, 0x79, 0x73, 0x2e, 0xf3, 0xe0,
  0xa4, 0xef, 0x6e, 0xe1, 0xe0, 0x9c, 0x97, 0x67, 0xe5, 0x60, 0x7f, 0x73,
  0xcd, 0xcf, 0xf0, 0x03, 0x12, 0x88, 0xf0, 0x02, 0x88, 0x6f, 0x72, 0xf4,
  0x60, 0x9b, 0xe4, 0xc9, 0x62, 0xec, 0x60, 0x48, 0x7e, 0xe0, 0x5a, 0x1c,
  0x65, 0x72, 0x73, 0x61, 0xec, 0xe0, 0x92, 0xe9, 0x61, 0x62, 0x61, 0x73,
  0x65, 0xae, 0x60, 0x7c, 0x7e, 0x4c, 0xc4, 0xdb, 0x93, 0x6f, 0x68, 0xeb,
  0xe0, 0x2d, 0xbe, 0xee, 0x07, 0x60, 0x4b, 0x0e, 0xe0, 0x55, 0x28, 0xee,
  0x04, 0xe0, 0x9c, 0x4f, 0x79, 0x64, 0xe1, 0xe0, 0x9a, 0xb6, 0xed, 0x05,
  0x10, 0xe0, 0x86, 0xb3, 0xef, 0x02, 0x88, 0x74, 0x6f, 0xae, 0x60, 0x9c,
  0x06, 0xc3, 0x41, 0x6d, 0xef, 0xe0, 0x66, 0xf9, 0xe9, 0x52, 0xae, 0xe0,
  0x28, 0xd0, 0xec, 0x07, 0x04, 0x60, 0x9c, 0x21, 0xc0, 0xf5, 0xf5, 0xe0,
  0x98, 0x52, 0xe9, 0xe0, 0xa3, 0xac, 0xeb, 0x02, 0x85, 0x75, 0xed, 0xe0,
  0x5c, 0xae, 0xe1, 0xcd, 0xa0, 0xe9, 0x04, 0xe0, 0x5c, 0x05, 0x66, 0xf5,
  0xe0, 0x9b, 0x87, 0x67, 0xe9, 0x04, 0xe0, 0x4a, 0xc6, 0x6e, 0x61, 0xed,
  0xe0, 0xa1, 0x06, 0xe5, 0x60, 0x8a, 0xf0, 0xc6, 0xed, 0xe4, 0x02, 0x81,
  0x2d, 0x73, 0x61, 0x72, 0xe4, 0xcc, 0x8a, 0x63, 0xeb, 0xe0, 0xa1, 0xd5,
  0xe2, 0x04, 0xe0, 0xa4, 0x6d, 0x73, 0x63, 0x2d, 0x70, 0x61, 0xf9, 0xe0,
  0xa0, 0xcb, 0xf4, 0x13, 0x40, 0x5b, 0x3c, 0x40, 0x5a, 0x12, 0x08, 0x0a,
  0x0c, 0x07, 0x60, 0x3d, 0x22, 0x60, 0x64, 0x61, 0xc1, 0xdd, 0xf5, 0x02,
  0x96, 0x66, 0xe6, 0x02, 0x88, 0x74, 0x6f, 0x72, 0x65, 0xe1, 0xe0, 0xa2,
  0xbf, 0x2d, 0x34, 0x2d, 0x73, 0x61, 0x6c, 0xe5, 0xe0, 0x6a, 0x8c, 0xe4,
  0x07, 0x60, 0x71, 0x63, 0xe0, 0x30, 0x5e, 0x69, 0xef, 0x05, 0x27, 0xe0,
  0xa4, 0x39, 0xae, 0x0a, 0x06, 0x60, 0x26, 0x30, 0x05, 0x07, 0x04, 0xc0,
  0x7f, 0xe3, 0x60, 0x26, 0x69, 0xda, 0x6a, 0xe1, 0x04, 0xe0, 0x26, 0xa9,
  0x70, 0xad, 0x05, 0x60, 0x26, 0x91, 0xaf, 0x73, 0x6f, 0x75, 0x74, 0xe8,
  0x60, 0x26, 0x91, 0xda, 0x42, 0x2d, 0x66, 0x69, 0x70, 0x73, 0x2e, 0x75,
  0x73, 0xad, 0xe0, 0x26, 0xa7, 0xf2, 0x04, 0x04, 0x03, 0xa4, 0xf9, 0xe0,
  0x9c, 0x4c, 0xe9, 0xdb, 0x6b, 0x65, 0xe1, 0x02, 0x8d, 0xed, 0x04, 0xe0,
  0xa4, 0x18, 0x6c, 0x69, 0xf4, 0x60, 0x9d, 0x1a, 0xc5, 0xd7, 0xeb, 0x05,
  0x06, 0xe0, 0x97, 0xed, 0x6c, 0x69, 0xee, 0xe0, 0x6b, 0x31, 0x2d, 0x6c,
  0x69, 0xee, 0xe0, 0x9f, 0x57, 0xe1, 0x04, 0xe0, 0x37, 0xc8, 0x6e, 0xe4,
  0x60, 0x9c, 0x28, 0xc5, 0xf1, 0xef, 0x05, 0x40, 0x43, 0x05, 0x84, 0xf2,
  0x07, 0x1b, 0x06, 0x14, 0xe0, 0x90, 0xbf, 0xe5, 0x05, 0x06, 0xe0, 0xa3,
  0xd7, 0x62, 0x61, 0x73, 0xe5, 0xc9, 0x5b, 0xae, 0x60, 0x79, 0xbb, 0x53,
  0xda, 0x46, 0xdf, 0x42, 0x50, 0x03, 0x4b, 0x3a, 0xc1, 0x67, 0xe4, 0x60,
  0x9b, 0x05, 0xc6, 0xe5, 0x61, 0x67, 0xe5, 0x04, 0xe0, 0xa3, 0xbb, 0xae,
  0x03, 0xd3, 0x40, 0x79, 0x61, 0x6e, 0x64, 0x65, 0xf8, 0xe0, 0x7d, 0x0f,
  0x2d, 0x65, 0xec, 0xe0, 0x9a, 0xe7, 0x6c, 0xef, 0xe0, 0x21, 0x4a, 0xeb,
  0xe0, 0x6d, 0x4e, 0x63, 0x6b, 0x68, 0x6f, 0xec, 0xe0, 0xa0, 0xd9, 0x6a,
  0x6f, 0x72, 0x64, 0x61, 0xec, 0x04, 0xe0, 0xa1, 0xb0, 0x73, 0x68, 0x61,
  0x6c, 0xf3, 0xe0, 0x90, 0xbd, 0x68, 0x2e, 0x61, 0x63, 0xae, 0xe0, 0x55,
  0x94, 0xe7, 0x60, 0x3e, 0x6b, 0x60, 0x3b, 0x04, 0xe0, 0x28, 0x44, 0x65,
  0xe9, 0x04, 0xe0, 0x90, 0xa1, 0x6e, 0x6b, 0xea, 0xe0, 0x95, 0x8d, 0xe3,
  0x60, 0x41, 0x5e, 0xe0, 0x62, 0x08, 0xe1, 0x0d, 0x09, 0x40, 0x45, 0x18,
  0x04, 0x03, 0x08, 0x18, 0x20, 0xe0, 0x95, 0x00, 0xf6, 0x04, 0xe0, 0x8a,
  0x9b, 0xe5, 0xe0, 0x8e, 0x4f, 0xf4, 0x06, 0x2d, 0x06, 0xe0, 0xa1, 0x32,
  0x69, 0xe3, 0x04, 0x04, 0x07, 0x93, 0xf3, 0xe0, 0x8e, 0x49, 0x68, 0x6f,
  0x73, 0xf4, 0xe0, 0x7f, 0xdb, 0xae, 0x02, 0x8c, 0x6f, 0x62, 0x73, 0x65,
  0x72, 0x76, 0x61, 0x62, 0xec, 0xe0, 0x69, 0xa2, 0xe8, 0xe0, 0x5b, 0xb8,
  0x2d, 0x61, 0x63, 0x63, 0x65, 0xf3, 0xe0, 0xa2, 0xbf, 0x68, 0x65, 0xec,
  0xe0, 0x90, 0x13, 0xe5, 0x04, 0xe0, 0x7e, 0x57, 0x66, 0x61, 0xf2, 0xe0,
  0xa0, 0x46, 0xf2, 0x06, 0x08, 0x06, 0xe0, 0xa2, 0xef, 0x6f, 0x73, 0x74,
  0x77, 0xef, 0xe0, 0x60, 0x59, 0x67, 0x61, 0xf2, 0xe0, 0x9d, 0x56, 0xe1,
  0xd5, 0xf8, 0xf0, 0xe0, 0x30, 0xb0, 0xee, 0xce, 0xe5, 0x6c, 0x6f, 0x77,
  0x61, 0xad, 0xe0, 0x42, 0xca, 0xe7, 0x02, 0x8a, 0x69, 0x6e, 0x67, 0xae,
  0x60, 0x20, 0x46, 0xe0, 0x75, 0xfc, 0x65, 0x2e, 0x6e, 0x6f, 0x64, 0x65,
  0x61, 0xf2, 0xe0, 0x8c, 0x9a, 0x63, 0xeb, 0x02, 0x91, 0x69, 0x74, 0xae,
  0x07, 0x60, 0x3c, 0x23, 0xe0, 0x4e, 0x7e, 0xf2, 0x60, 0x3c, 0x34, 0xe0,
  0x4b, 0x12, 0x68, 0x65, 0x72, 0x6f, 0x2d, 0x6e, 0x65, 0xf4, 0xe0, 0x75,
  0x09, 0xe2, 0xe0, 0x8f, 0xaa, 0xf3, 0x06, 0x60, 0xa0, 0x38, 0xc2, 0x62,
  0x6c, 0x2e, 0x6f, 0x72, 0x69, 0x67, 0x69, 0x6e, 0x2e, 0x63, 0x64, 0x6e,
  0x37, 0x37, 0x2d, 0x73, 0x65, 0x63, 0xf5, 0xe0, 0x8a, 0xe9, 0xf2, 0x0a,
  0x05, 0x13, 0x57, 0xa9, 0x60, 0x87, 0xfa, 0xc2, 0xbe, 0x79, 0xfa, 0xe0,
  0x6c, 0x86, 0xf6, 0x05, 0x07, 0xe0, 0x75, 0x0f, 0x72, 0x6c, 0x65, 0xf3,
  0xe0, 0x80, 0xa1, 0xae, 0x60, 0xa0, 0x42, 0xc0, 0x8f, 0xe8, 0xe0, 0x84,
  0x3e, 0x71, 0x75, 0x61, 0x72, 0xe5, 0x06, 0x60, 0x98, 0xf0, 0xc9, 0x09,
  0x37, 0xae, 0x60, 0xa1, 0x78, 0x0d, 0xc0, 0x74, 0xf0, 0x0c, 0x06, 0x0b,
  0x17, 0x08, 0x06, 0x09, 0x0b, 0x04, 0xe0, 0x8f, 0xaf, 0x79, 0x64, 0xe5,
  0xe0, 0x71, 0x6f, 0xf2, 0x02, 0x84, 0xf9, 0xe0, 0x93, 0x8a, 0x69, 0xf4,
  0xdf, 0x64, 0xef, 0x05, 0x0c, 0xe0, 0xa0, 0x12, 0x72, 0xf4, 0x04, 0xe0,
  0xa2, 0x20, 0xae, 0x60, 0x9f, 0x70, 0xc1, 0x79, 0x63, 0xeb, 0xe0, 0x95,
  0x83, 0x6a, 0x65, 0x6c, 0x6b, 0xe1, 0xe0, 0x64, 0x8f, 0x68, 0x69, 0xee,
  0xe0, 0x38, 0xd4, 0x65, 0x63, 0x74, 0x72, 0x75, 0xed, 0xe0, 0x3d, 0xab,
  0x64, 0x6e, 0x73, 0xae, 0x60, 0x91, 0xcc, 0x4c, 0xef, 0xc2, 0x74, 0xe2,
  0xe0, 0x9d, 0xd7, 0xe1, 0x06, 0x08, 0x05, 0xe0, 0xa1, 0xdb, 0x77, 0x6e,
  0x62, 0x61, 0xf3, 0xe0, 0x81, 0x7c, 0x69, 0xee, 0xe0, 0x8c, 0xd2, 0x63,
  0xe5, 0x04, 0xe0, 0xa1, 0xd5, 0x2d, 0x74, 0x6f, 0x2d, 0xf2, 0xe0, 0x95,
  0xc1, 0xef, 0x1f, 0x40, 0x44, 0x0d, 0x25, 0x06, 0x1f, 0x06, 0x17, 0x07,
  0x04, 0x07, 0x0c, 0x05, 0x07, 0x49, 0xf4, 0x4c, 0x1f, 0x60, 0x2c, 0xda,
  0x60, 0x58, 0x46, 0x42, 0xf2, 0x41, 0x70, 0xc1, 0x36, 0xf5, 0x03, 0x2f,
  0x8a, 0x74, 0xe8, 0x04, 0x04, 0x0d, 0x8d, 0xe9, 0xe0, 0x84, 0x18, 0x65,
  0x61, 0x73, 0xf4, 0x04, 0xe0, 0x24, 0x6d, 0x61, 0xf3, 0xe0, 0x84, 0x0d,
  0x63, 0x65, 0x6e, 0x74, 0x72, 0x61, 0x6c, 0x75, 0xf3, 0x60, 0x92, 0x0f,
  0x81, 0x61, 0x66, 0x72, 0x69, 0x63, 0xe1, 0x60, 0x4d, 0x02, 0xd6, 0x2f,
  0x72, 0x63, 0x65, 0x63, 0x72, 0x61, 0xe6, 0xe0, 0x83, 0x51, 0x6e, 0x64,
  0x63, 0xe1, 0xe0, 0x25, 0x00, 0xf3, 0x07, 0x60, 0x5c, 0x24, 0xe0, 0x3f,
  0xa2, 0x6e, 0xef, 0xe0, 0x89, 0xae, 0xf2, 0x09, 0x04, 0x05, 0x05, 0x49,
  0xd1, 0xe0, 0x66, 0x3c, 0xf4, 0xe0, 0x92, 0x0a, 0x72, 0xe5, 0xe0, 0x24,
  0x4b, 0x6f, 0xe3, 0xe0, 0x7a, 0x98, 0xad, 0x06, 0x60, 0x24, 0x58, 0x04,
  0x86, 0x76, 0x61, 0xf2, 0xe0, 0x88, 0x88, 0x70, 0x6f, 0xf4, 0xe0, 0x8c,
  0x55, 0xee, 0x09, 0x04, 0x07, 0x60, 0x5a, 0x70, 0xe0, 0x44, 0x06, 0xec,
  0xe0, 0x44, 0x14, 0xe7, 0x60, 0x30, 0x8d, 0xe0, 0x70, 0x95, 0x64, 0xf2,
  0x04, 0xe0, 0x86, 0x1b, 0xe5, 0xe0, 0x24, 0x18, 0xed, 0x60, 0x93, 0x9b,
  0xc0, 0x90, 0xec, 0x05, 0x0b, 0xe0, 0x97, 0x99, 0xf5, 0x04, 0xe0, 0x98,
  0xc3, 0x74, 0x69, 0xef, 0xe0, 0x8d, 0xbd, 0xe1, 0x60, 0x9f, 0x1d, 0xc0,
  0x49, 0xeb, 0x60, 0x64, 0xf9, 0xe0, 0x2f, 0x4a, 0xea, 0xe0, 0x99, 0x86,
  0x67, 0xee, 0x60, 0x98, 0x25, 0xc6, 0xe5, 0x66, 0xf4, 0x04, 0xe0, 0x7c,
  0x2a, 0x77, 0x61, 0xf2, 0xe0, 0x6b, 0xe7, 0x65, 0xe4, 0xe0, 0x5c, 0x2d,
  0x64, 0x65, 0x67, 0xe1, 0xe0, 0x45, 0x3f, 0xe3, 0x05, 0x05, 0x08, 0x04,
  0x84, 0x74, 0xf2, 0xe0, 0x96, 0x6e, 0x69, 0x61, 0xec, 0x60, 0x9f, 0x27,
  0xc1, 0x96, 0xe8, 0xe0, 0x28, 0x81, 0xe3, 0xe0, 0x89, 0xc1, 0xae, 0x05,
  0x60, 0x92, 0x91, 0x88, 0x73, 0x72, 0xe3, 0xe0, 0x62, 0x30, 0xee, 0x08,
  0x08, 0x06, 0x04, 0x0a, 0xe0, 0xa0, 0x7f, 0xef, 0x03, 0xd3, 0xf5, 0xe1,
  0xe0, 0x63, 0x49, 0x69, 0x6c, 0xec, 0xe0, 0x8d, 0xa1, 0xe3, 0xe0, 0x93,
  0x7e, 0xe1, 0x04, 0xe0, 0x63, 0x37, 0x61, 0xf3, 0xe0, 0x9e, 0xa4, 0xae,
  0x04, 0xe0, 0x9b, 0x08, 0x6d, 0x79, 0x6e, 0x65, 0x74, 0x6e, 0xe1, 0xe0,
  0x9c, 0x8a, 0xed, 0x09, 0x08, 0x03, 0x04, 0x60, 0x82, 0x15, 0xde, 0x42,
  0x75, 0x73, 0x68, 0x63, 0xe4, 0xe0, 0x74, 0x39, 0xef, 0xda, 0x15, 0xe9,
  0xe0, 0x9e, 0x08, 0xe1, 0x02, 0x91, 0x72, 0xf4, 0x04, 0xe0, 0xa0, 0x4e,
  0x6c, 0x61, 0x62, 0x65, 0x6c, 0x69, 0x6e, 0xe7, 0xe0, 0x7d, 0x14, 0x6c,
  0x6c, 0x2d, 0x77, 0x65, 0xe2, 0xe0, 0x9c, 0xfd, 0xec, 0x0c, 0x05, 0x06,
  0x60, 0x7e, 0x01, 0x4a, 0x2e, 0x42, 0x53, 0xd5, 0xa0, 0x75, 0xf0, 0xe0,
  0x3a, 0x60, 0x64, 0xae, 0x60, 0x9d, 0xcd, 0x84, 0xe1, 0x04, 0xe0, 0x3a,
  0x52, 0x74, 0xf4, 0xe0, 0x6e, 0xe4, 0xeb, 0x0d, 0x0e, 0x0d, 0x04, 0x0b,
  0x20, 0x10, 0x10, 0x60, 0x89, 0x6a, 0xd6, 0x36, 0xf9, 0x07, 0x60, 0x5d,
  0x6a, 0xe0, 0x42, 0x98, 0x64, 0x69, 0xf6, 0xe0, 0x8d, 0x2c, 0xef, 0x05,
  0x04, 0xe0, 0x5d, 0x53, 0xe4, 0xe0, 0x69, 0x7b, 0xe3, 0xcb, 0xc7, 0x6c,
  0xe5, 0xda, 0x4f, 0xea, 0x04, 0xe0, 0x73, 0x26, 0x65, 0x72, 0xf6, 0xe0,
  0x91, 0xff, 0xe9, 0x09, 0x06, 0x60, 0x9d, 0xf3, 0x40, 0x68, 0xc1, 0x75,
  0x70, 0x74, 0xf6, 0xe0, 0x54, 0x9f, 0xe5, 0x04, 0xe0, 0x97, 0xf0, 0xf2,
  0x04, 0xe0, 0x3e, 0x80, 0x6e, 0x69, 0xe5, 0xe0, 0x60, 0x43, 0x65, 0x64,
  0x73, 0x6d, 0xef, 0x04, 0xe0, 0x9d, 0xda, 0x6b, 0x6f, 0x72, 0xf3, 0xe0,
  0x54, 0x7f, 0xe1, 0x02, 0x84, 0xf5, 0xe0, 0x97, 0xd1, 0xee, 0x04, 0xe0,
  0x90, 0x5d, 0xe9, 0xe0, 0x96, 0x4f, 0xae, 0x60, 0x96, 0x55, 0xc1, 0x46,
  0xea, 0x60, 0x6b, 0xd8, 0xe0, 0x33, 0xc1, 0xe9, 0x10, 0x40, 0x40, 0x06,
  0x09, 0x0d, 0x1b, 0x11, 0x03, 0x04, 0x11, 0x60, 0x89, 0x4e, 0xd5, 0x94,
  0x74, 0xe5, 0x05, 0x06, 0xe0, 0x9f, 0x75, 0x6c, 0x65, 0xe1, 0xe0, 0x61,
  0x01, 0xae, 0x04, 0x0d, 0x11, 0x86, 0x77, 0x65, 0x62, 0x68, 0x6f, 0x73,
  0x74, 0x69, 0x6e, 0xe7, 0xe0, 0x7e, 0xab, 0xf4, 0x02, 0x89, 0x72, 0x61,
  0x6e, 0x73, 0x69, 0xf0, 0xe0, 0x86, 0xcc, 0x62, 0xad, 0xe0, 0x71, 0x43,
  0x72, 0x62, 0xad, 0xe0, 0x54, 0x58, 0x68, 0x6f, 0x73, 0x74, 0x69, 0x6e,
  0xe7, 0xe0, 0x54, 0x72, 0x73, 0x6b, 0xef, 0xe0, 0x92, 0xaa, 0xf2, 0x04,
  0xe0, 0x96, 0x74, 0x61, 0xe3, 0xcf, 0xb9, 0xee, 0x02, 0x84, 0xe7, 0xe0,
  0x2c, 0xf4, 0xe1, 0x60, 0x9e, 0x07, 0xc1, 0x24, 0x6d, 0x70, 0x6c, 0xe5,
  0x04, 0xe0, 0x26, 0x96, 0x73, 0x69, 0x74, 0x65, 0xae, 0x06, 0x60, 0x8b,
  0x78, 0xc6, 0xa3, 0x63, 0x6f, 0xed, 0x60, 0x9c, 0x40, 0xc2, 0x9b, 0xec,
  0x05, 0x07, 0xe0, 0x9c, 0x29, 0x76, 0x65, 0x72, 0x64, 0xe1, 0xc5, 0x14,
  0xea, 0xe0, 0x27, 0x99, 0xe9, 0xd9, 0xdd, 0xe7, 0xe0, 0x96, 0x33, 0xe5,
  0x05, 0x06, 0xe0, 0x94, 0xf4, 0x72, 0x61, 0xe4, 0xe0, 0x37, 0x88, 0x6c,
  0xec, 0xe0, 0x72, 0x25, 0xe3, 0x04, 0xe0, 0x9c, 0x7b, 0x69, 0xec, 0x60,
  0x94, 0x19, 0xc2, 0x8c, 0xe8, 0x0c, 0x07, 0x40, 0x78, 0x42, 0x03, 0x0d,
  0x60, 0x85, 0x91, 0xd6, 0xa9, 0x75, 0x6e, 0x61, 0xee, 0xe0, 0x9c, 0x4e,
  0xef, 0x0c, 0x10, 0x05, 0x40, 0x47, 0x09, 0x60, 0x45, 0x58, 0xe0, 0x4a,
  0xc0, 0xf7, 0x06, 0x60, 0x9b, 0x61, 0xc3, 0x4d, 0x61, 0xae, 0x60, 0x7f,
  0x25, 0x55, 0x16, 0xc3, 0x60, 0x75, 0xea, 0xe0, 0x9c, 0x29, 0xf0, 0x09,
  0x0a, 0x06, 0x04, 0x05, 0x06, 0xe0, 0x9e, 0x77, 0x77, 0x61, 0x72, 0x65,
  0x2e, 0xf3, 0x60, 0x8a, 0xc2, 0x85, 0x73, 0x65, 0xec, 0xe0, 0x2a, 0x1e,
  0xf0, 0xe0, 0x86, 0x92, 0x69, 0xf4, 0xe0, 0x37, 0x92, 0x61, 0x72, 0xe5,
  0xe0, 0x39, 0x0a, 0xae, 0x0b, 0x60, 0x4e, 0xf3, 0x44, 0x22, 0x60, 0x37,
  0x98, 0xce, 0x74, 0x62, 0x72, 0x65, 0x6e, 0x64, 0x6c, 0x79, 0xae, 0x06,
  0x4a, 0xec, 0xe0, 0x71, 0xec, 0xe8, 0xe0, 0x9d, 0x9f, 0x6e, 0x61, 0x69,
  0xae, 0x60, 0x90, 0x93, 0xc0, 0x65, 0x62, 0x61, 0xf2, 0xe0, 0x76, 0x42,
  0xe9, 0x18, 0x12, 0x05, 0x11, 0x40, 0x4b, 0x12, 0x13, 0x40, 0x6e, 0x40,
  0x7a, 0x29, 0x0b, 0x05, 0x0f, 0x60, 0x2b, 0xfa, 0x60, 0x69, 0x82, 0xc4,
  0xfe, 0x7a, 0xf5, 0x02, 0x89, 0x6f, 0x6b, 0x61, 0xae, 0x60, 0x91, 0xba,
  0xca, 0x7a, 0x6b, 0xf5, 0xe0, 0x44, 0x9b, 0x74, 0xe1, 0xe0, 0x55, 0xe8,
  0xf3, 0x05, 0x04, 0xe0, 0x96, 0x38, 0xf5, 0xe0, 0x7e, 0xcd, 0x68, 0x69,
  0x6b, 0xf5, 0xe0, 0x2b, 0x1d, 0xf2, 0x03, 0x18, 0x84, 0xef, 0x02, 0x86,
  0x73, 0x61, 0xf4, 0xe0, 0x8a, 0xf0, 0xe9, 0x04, 0xe0, 0x9b, 0xbb, 0x73,
  0x68, 0x69, 0xae, 0x60, 0x61, 0x50, 0xe0, 0x2f, 0xe9, 0xe9, 0xe0, 0x41,
  0x3c, 0xe1, 0x05, 0x06, 0x09, 0x04, 0x8e, 0x74, 0x61, 0xeb, 0xe0, 0x61,
  0x8a, 0xef, 0x04, 0xe0, 0x9b, 0xd8, 0xeb, 0xe0, 0x61, 0xdc, 0xee, 0xe0,
  0x87, 0xea, 0xeb, 0x04, 0xe0, 0x9b, 0x8e, 0x61, 0x77, 0x61, 0xae, 0x60,
  0x93, 0x49, 0xc3, 0x6d, 0xe8, 0xe0, 0x3f, 0x0d, 0x70, 0x74, 0x6f, 0x64,
  0x61, 0x79, 0xae, 0x04, 0xe0, 0x96, 0xb9, 0x62, 0x75, 0x69, 0xec, 0xe0,
  0x93, 0x24, 0xef, 0x03, 0x04, 0x86, 0xf9, 0xe0, 0x8f, 0xed, 0x6a, 0x69,
  0xf2, 0xe0, 0x9a, 0x1c, 0x67, 0xe1, 0xe0, 0x55, 0xb5, 0xee, 0x0b, 0x0b,
  0x0d, 0x0e, 0x06, 0x08, 0x11, 0x10, 0xe0, 0x57, 0x21, 0x79, 0x6f, 0x73,
  0x68, 0x69, 0x74, 0x6f, 0xed, 0xe0, 0x4e, 0xf0, 0x74, 0xef, 0x07, 0x60,
  0x41, 0x77, 0xe0, 0x51, 0x90, 0xeb, 0xe0, 0x97, 0xe4, 0x73, 0x68, 0xe9,
  0x02, 0x84, 0xf2, 0xe0, 0x93, 0x0f, 0x6e, 0xef, 0xe0, 0x97, 0xd4, 0x6f,
  0x6e, 0x73, 0xe5, 0xc5, 0x95, 0x6b, 0x61, 0x6d, 0x69, 0x67, 0xef, 0xd7,
  0xe8, 0xea, 0x02, 0x85, 0x75, 0xeb, 0xe0, 0x7e, 0x17, 0x6f, 0xae, 0x60,
  0x8f, 0xf2, 0x43, 0x57, 0xc2, 0xa1, 0xe7, 0x02, 0x89, 0x75, 0xae, 0x60,
  0x8f, 0x81, 0x41, 0x00, 0xc7, 0x09, 0xef, 0xe0, 0x5c, 0xaf, 0xe1, 0x04,
  0xe0, 0x6d, 0xc5, 0x6e, 0x6f, 0x6d, 0x61, 0xe3, 0xe0, 0x99, 0xa8, 0xed,
  0x04, 0x40, 0x4a, 0x89, 0xef, 0x0b, 0x0a, 0x03, 0x0f, 0x07, 0x04, 0x06,
  0x06, 0xe0, 0x25, 0x64, 0x74, 0x73, 0xf5, 0x03, 0xda, 0xfa, 0xeb, 0xe0,
  0x47, 0x89, 0xf3, 0xd9, 0xbd, 0xee, 0x02, 0x87, 0x6f, 0x73, 0x65, 0xeb,
  0xe0, 0x54, 0x90, 0x69, 0xf4, 0xe0, 0x92, 0x8e, 0xeb, 0x60, 0x43, 0x25,
  0xe0, 0x4c, 0x6d, 0xea, 0xe0, 0x97, 0x93, 0x69, 0x63, 0xe8, 0xe0, 0x56,
  0x44, 0x66, 0x75, 0xf3, 0xe0, 0x57, 0xad, 0x64, 0xe1, 0x04, 0xe0, 0x90,
  0x71, 0x74, 0xe5, 0xe0, 0x93, 0x98, 0x69, 0x7a, 0x75, 0xae, 0x60, 0x90,
  0x69, 0xca, 0x71, 0xe1, 0x08, 0x08, 0x0c, 0x60, 0x4e, 0x3f, 0xd2, 0xec,
  0x6e, 0x65, 0xae, 0x60, 0x95, 0x6c, 0xc5, 0x66, 0xed, 0x02, 0x84, 0xef,
  0xe0, 0x74, 0xb6, 0x61, 0xeb, 0xe0, 0x9a, 0xb9, 0x62, 0xe1, 0xe0, 0x31,
  0x67, 0xeb, 0x06, 0x05, 0x09, 0xe0, 0x46, 0xe7, 0x73, 0xe8, 0xe0, 0x9a,
  0xb9, 0x6f, 0x6b, 0x75, 0x63, 0x68, 0xf5, 0xe0, 0x46, 0xcf, 0xe1, 0x0a,
  0x05, 0x60, 0x51, 0xef, 0x42, 0xb6, 0xe0, 0x3e, 0x0a, 0x74, 0xf3, 0xe0,
  0x7d, 0x87, 0xef, 0xe0, 0x9a, 0x8b, 0x6a, 0x6f, 0x6e, 0x61, 0x77, 0x61,
  0x74, 0xe5, 0xe0, 0x9a, 0x61, 0x69, 0xe2, 0xe0, 0x50, 0xaa, 0x63, 0x68,
  0xe9, 0x04, 0xe0, 0x58, 0x2a, 0x6b, 0x61, 0x73, 0x68, 0xf5, 0xe0, 0x2d,
  0x85, 0xe2, 0x03, 0x0a, 0x8a, 0xf5, 0x03, 0xc0, 0x92, 0x6b, 0x61, 0xf7,
  0xe0, 0x91, 0xeb, 0xe5, 0x04, 0xe0, 0x96, 0xc0, 0x63, 0xe8, 0xe0, 0x9a,
  0x13, 0x61, 0x74, 0x61, 0xae, 0x60, 0x5f, 0xaa, 0xe0, 0x37, 0x9a, 0xe5,
  0x02, 0x86, 0xec, 0x60, 0x83, 0x8d, 0xd5, 0xf8, 0x65, 0xfa, 0xd1, 0xc9,
  0xe1, 0x04, 0x05, 0x07, 0x86, 0xf2, 0x60, 0x9a, 0x34, 0x9b, 0x6e, 0x67,
  0x72, 0xe9, 0xe0, 0x75, 0x79, 0x6b, 0x6f, 0xf4, 0xe0, 0x39, 0xaa, 0x63,
  0x6b, 0x6e, 0x65, 0xf4, 0xe0, 0x69, 0x2b, 0xe7, 0x04, 0xe0, 0x9c, 0x16,
  0xad, 0xe0, 0x62, 0xba, 0xe6, 0x60, 0x9a, 0x34, 0xc0, 0x49, 0xe5, 0x1a,
  0x0d, 0x06, 0x13, 0x40, 0xd8, 0x06, 0x0c, 0x06, 0x1f, 0x0f, 0x40, 0x49,
  0x1c, 0x04, 0x1a, 0x04, 0x04, 0x1e, 0x0b, 0x11, 0x60, 0x97, 0x4f, 0xc2,
  0x99, 0xf8, 0x06, 0x60, 0x99, 0x44, 0xc2, 0xa6, 0xae, 0x60, 0x96, 0x9f,
  0xc4, 0x14, 0xf6, 0x41, 0xe0, 0xe0, 0x5c, 0x68, 0xf4, 0x05, 0x06, 0xe0,
  0x45, 0xee, 0xef, 0x60, 0x8e, 0x57, 0xc6, 0x98, 0x61, 0x67, 0x61, 0xf9,
  0xe0, 0x94, 0x1d, 0xf2, 0x03, 0xc0, 0xc9, 0xf6, 0x02, 0xaf, 0x69, 0x63,
  0xe5, 0x03, 0x14, 0x86, 0xf3, 0x04, 0xe0, 0x9b, 0xb9, 0xae, 0x04, 0xe0,
  0x98, 0x68, 0x63, 0x6c, 0x65, 0x76, 0x65, 0x72, 0xad, 0xe0, 0x94, 0xab,
  0x62, 0x75, 0xf3, 0xe0, 0x84, 0xbe, 0xae, 0x04, 0xe0, 0x35, 0x0c, 0x67,
  0x6f, 0x76, 0xae, 0x60, 0x26, 0xf7, 0xe0, 0x70, 0xe2, 0xe5, 0x0c, 0x09,
  0x0b, 0x05, 0x09, 0x12, 0x05, 0x18, 0x06, 0x06, 0x09, 0x8f, 0x73, 0x61,
  0x72, 0x63, 0x61, 0xf3, 0xe0, 0x65, 0x5c, 0xf2, 0x04, 0xe0, 0x3e, 0x93,
  0x6e, 0x61, 0xed, 0xe0, 0x37, 0x2a, 0x71, 0x75, 0xe1, 0xc0, 0x5a, 0xf0,
  0x04, 0xe0, 0x6d, 0xb2, 0xb2, 0xe0, 0x9a, 0x47, 0xed, 0x02, 0x85, 0x70,
  0xb3, 0xe0, 0x9a, 0x4c, 0x69, 0x6e, 0x65, 0x63, 0x72, 0x61, 0xe6, 0xe0,
  0x8c, 0xae, 0x69, 0xf2, 0xe0, 0x71, 0xd7, 0xe8, 0x03, 0x06, 0x85, 0x75,
  0x6d, 0xef, 0xe0, 0x6e, 0x09, 0x74, 0xf4, 0xe0, 0x9a, 0x21, 0x61, 0x6c,
  0x66, 0x6c, 0x69, 0xe6, 0xe0, 0x84, 0x28, 0x67, 0x61, 0xed, 0xe0, 0x51,
  0x9a, 0x66, 0x74, 0xf0, 0xe0, 0x84, 0x2a, 0x65, 0x78, 0x63, 0x68, 0x61,
  0xee, 0xe0, 0x7d, 0xbf, 0x63, 0x6f, 0x75, 0x6e, 0x74, 0x65, 0x72, 0x73,
  0x74, 0x72, 0x69, 0xeb, 0xe0, 0x84, 0x04, 0xe2, 0x06, 0x05, 0x05, 0xe0,
  0x47, 0xe7, 0x6f, 0xec, 0xe0, 0x90, 0x79, 0x6c, 0xef, 0xe0, 0x93, 0x99,
  0xe2, 0xe0, 0x83, 0xfc, 0xe1, 0x04, 0xe0, 0x8d, 0x70, 0x6e, 0x69, 0xf3,
  0xe0, 0x54, 0xe1, 0x71, 0x75, 0xe9, 0xe0, 0x50, 0x66, 0x70, 0x72, 0x6f,
  0x78, 0x2e, 0x68, 0x6f, 0x6f, 0xe3, 0xe0, 0x82, 0x56, 0x6f, 0x75, 0xec,
  0xe0, 0x81, 0x32, 0xee, 0x07, 0x07, 0x04, 0x06, 0xe0, 0x83, 0xd0, 0x73,
  0x65, 0x65, 0xf2, 0xe0, 0x93, 0x61, 0xee, 0xe0, 0x55, 0x5d, 0x64, 0x61,
  0xe9, 0xe0, 0x3c, 0x3f, 0x61, 0x73, 0xe1, 0xe0, 0x27, 0x4d, 0xed, 0x02,
  0x86, 0x69, 0x6e, 0xe5, 0xe0, 0x5e, 0x12, 0x62, 0x6f, 0xeb, 0xe0, 0x55,
  0x28, 0xec, 0x0b, 0x28, 0x06, 0x60, 0x20, 0x6c, 0x60, 0x70, 0x07, 0xc8,
  0x23, 0xec, 0x02, 0x9e, 0xf3, 0x02, 0x8a, 0x79, 0x6f, 0x75, 0x72, 0x68,
  0x6f, 0xed, 0xe0, 0x83, 0x8a, 0xad, 0x04, 0xe0, 0x81, 0xb0, 0x66, 0x6f,
  0x72, 0xad, 0x04, 0xe0, 0x99, 0x16, 0xec, 0xe0, 0x47, 0x7e, 0x66, 0x79,
  0x2e, 0xf3, 0xe0, 0x86, 0xae, 0xea, 0x60, 0x95, 0x95, 0xc3, 0x05, 0x66,
  0x69, 0x70, 0xae, 0x60, 0x87, 0x01, 0x4f, 0xd9, 0x40, 0x56, 0x42, 0x2b,
  0xc0, 0xbd, 0xeb, 0x02, 0x8c, 0xe9, 0x07, 0x60, 0x41, 0x0e, 0xe0, 0x4e,
  0xcc, 0xeb, 0xe0, 0x45, 0x17, 0x64, 0x31, 0x2e, 0x62, 0x65, 0x65, 0x62,
  0x79, 0x74, 0xe5, 0xe0, 0x54, 0x79, 0xea, 0xe0, 0x3d, 0xed, 0xe9, 0x08,
  0x08, 0x04, 0x60, 0x40, 0x9d, 0xc3, 0xc1, 0x72, 0xef, 0x60, 0x42, 0x9d,
  0xe0, 0x52, 0x92, 0xe8, 0xe0, 0x54, 0x8a, 0x64, 0xe1, 0xe0, 0x8b, 0x84,
  0xe7, 0xe0, 0x84, 0xc6, 0xe5, 0xe0, 0x97, 0x50, 0xe3, 0x04, 0x14, 0xcf,
  0x90, 0x75, 0xf2, 0x04, 0xe0, 0x98, 0x68, 0x69, 0x74, 0xf9, 0x04, 0xe0,
  0x9a, 0x10, 0x74, 0x61, 0x63, 0xf4, 0xe0, 0x6c, 0x54, 0x72, 0xe5, 0xe0,
  0x80, 0x4a, 0x62, 0x61, 0x73, 0x74, 0x6f, 0x70, 0x6f, 0xec, 0xe0, 0x7b,
  0xba, 0xe1, 0x06, 0x60, 0x7a, 0x5e, 0xdd, 0x6c, 0xf4, 0x04, 0xe0, 0x99,
  0xed, 0x74, 0xec, 0xe0, 0x84, 0xd8, 0xae, 0x60, 0x91, 0xdd, 0x03, 0x03,
  0xc7, 0xad, 0xe4, 0x08, 0x09, 0x60, 0x52, 0x5f, 0xe0, 0x47, 0x6f, 0x73,
  0x63, 0x6c, 0x6f, 0x75, 0xe4, 0xe0, 0x84, 0xf2, 0xee, 0xe0, 0x57, 0x2e,
  0xe3, 0x0e, 0x1d, 0x0f, 0x40, 0x8d, 0x07, 0x0a, 0x60, 0x85, 0xb6, 0x49,
  0xd8, 0xc9, 0x63, 0xf2, 0x02, 0x86, 0x79, 0x73, 0xe5, 0xe0, 0x70, 0x3a,
  0x61, 0x70, 0xf0, 0x02, 0x86, 0x69, 0x6e, 0xe7, 0xe0, 0x7c, 0x97, 0x65,
  0x72, 0x2d, 0x73, 0x69, 0xf4, 0xe0, 0x95, 0xb9, 0xe9, 0x04, 0xe0, 0x65,
  0x07, 0x65, 0xee, 0x04, 0xe0, 0x92, 0xd4, 0xf4, 0xe0, 0x41, 0xaf, 0xe8,
  0x06, 0x06, 0x1b, 0x28, 0x06, 0x88, 0x77, 0x61, 0xf2, 0xe0, 0x96, 0xa6,
  0x75, 0xec, 0x08, 0x0b, 0x60, 0x6c, 0x06, 0xe0, 0x2b, 0xb8, 0x70, 0x6c,
  0x61, 0x74, 0x74, 0x66, 0x6f, 0xf2, 0xe0, 0x48, 0xcb, 0x64, 0x6f, 0xe3,
  0xe0, 0x44, 0xbd, 0xef, 0x03, 0x15, 0x87, 0x6f, 0xec, 0x05, 0x04, 0xe0,
  0x99, 0x58, 0xe2, 0xe0, 0x4c, 0xc0, 0xae, 0x60, 0x71, 0xed, 0x5f, 0x00,
  0x43, 0x34, 0xc3, 0xc0, 0x6c, 0x61, 0x72, 0x73, 0xe8, 0xd0, 0x09, 0x6b,
  0x6f, 0x6b, 0x65, 0xeb, 0xe0, 0x98, 0xe9, 0x6d, 0x69, 0xe4, 0xe0, 0x97,
  0x34, 0x61, 0x65, 0x66, 0x66, 0xec, 0xe0, 0x82, 0x42, 0xae, 0x13, 0x04,
  0x06, 0x05, 0x06, 0x60, 0x70, 0x53, 0x44, 0x69, 0x4c, 0x5a, 0x41, 0x81,
  0x03, 0x50, 0xf4, 0xc0, 0x48, 0xf5, 0xe0, 0x61, 0x32, 0xf3, 0x60, 0x96,
  0x40, 0xc0, 0xe9, 0xec, 0x60, 0x96, 0x3d, 0xaf, 0xe9, 0x60, 0x96, 0x77,
  0xc1, 0x02, 0xe1, 0x60, 0x84, 0xe1, 0xd2, 0x77, 0xe2, 0x60, 0x70, 0x5a,
  0xe0, 0x28, 0xa7, 0x61, 0x6c, 0x65, 0x62, 0x6f, 0x6f, 0xeb, 0xe0, 0x75,
  0xc2, 0xae, 0x0e, 0x60, 0x20, 0x6a, 0x60, 0x2d, 0x71, 0x60, 0x43, 0x00,
  0x42, 0x95, 0xc2, 0xa6, 0xec, 0x60, 0x96, 0x09, 0x86, 0xe2, 0x60, 0x52,
  0xf6, 0x60, 0x27, 0xa4, 0x5b, 0x6a, 0x40, 0x5e, 0xc2, 0x7a, 0xe1, 0x1a,
  0x0e, 0x04, 0x1d, 0x07, 0x1a, 0x1c, 0x26, 0x0c, 0x1a, 0x40, 0xa6, 0x33,
  0x2d, 0x40, 0x6f, 0x24, 0x12, 0x0d, 0x0a, 0x06, 0x08, 0x1a, 0xe0, 0x96,
  0x13, 0xf9, 0x04, 0xe0, 0x90, 0xd8, 0x61, 0x6d, 0x61, 0xae, 0x60, 0x8c,
  0x35, 0xca, 0x59, 0xf8, 0xe0, 0x96, 0xd7, 0xf6, 0x05, 0x11, 0xe0, 0x8e,
  0x98, 0xe5, 0x04, 0xe0, 0x98, 0x98, 0x73, 0x2d, 0x74, 0x68, 0x65, 0x2d,
  0x77, 0x68, 0xe1, 0xe0, 0x4d, 0xd4, 0x2e, 0x63, 0xe1, 0xe0, 0x97, 0xee,
  0xf5, 0x60, 0x37, 0x45, 0xe0, 0x38, 0xcb, 0xf4, 0x03, 0x04, 0x8c, 0xf4,
  0xe0, 0x3d, 0x3c, 0x73, 0x75, 0x6d, 0x61, 0x73, 0x65, 0x6e, 0x64, 0xe1,
  0xe0, 0x8f, 0x6c, 0x6f, 0x73, 0xe8, 0xe0, 0x3f, 0x70, 0xf3, 0x06, 0x04,
  0x05, 0xe0, 0x98, 0x55, 0xf3, 0xe0, 0x7d, 0xaa, 0x65, 0xe2, 0xe0, 0x57,
  0x6f, 0xe1, 0x02, 0x85, 0x79, 0xe1, 0xe0, 0x52, 0xb3, 0x67, 0xf5, 0xd7,
  0x8c, 0xf2, 0x09, 0x06, 0x07, 0x04, 0x60, 0x95, 0x70, 0xc0, 0x5c, 0x75,
  0x66, 0xf5, 0xe0, 0x92, 0xa6, 0x70, 0x73, 0x62, 0xef, 0xe0, 0x67, 0x6c,
  0xef, 0xe0, 0x89, 0x3a, 0xe4, 0x02, 0x84, 0xe9, 0xe0, 0x7d, 0x35, 0xe5,
  0xe0, 0x80, 0x6a, 0xf0, 0x04, 0xe0, 0x98, 0x1e, 0x70, 0x6f, 0x72, 0xef,
  0xe0, 0x39, 0x94, 0xef, 0x03, 0x05, 0x87, 0x74, 0x6f, 0xed, 0xcb, 0x9d,
  0x67, 0x6f, 0x6e, 0xe3, 0xe0, 0x8c, 0x87, 0x62, 0x65, 0x72, 0x6e, 0x61,
  0x72, 0xe4, 0xe0, 0x89, 0x10, 0xee, 0x09, 0x05, 0x12, 0x08, 0x0a, 0x04,
  0x04, 0xc0, 0x63, 0x75, 0xeb, 0xe0, 0x3d, 0x78, 0xf4, 0x02, 0x88, 0x6f,
  0x61, 0x6e, 0x64, 0xf2, 0xe0, 0x7c, 0xde, 0x61, 0x6d, 0x61, 0xf2, 0xe0,
  0x57, 0x89, 0xef, 0x60, 0x82, 0x2c, 0x47, 0xf6, 0xc5, 0x9a, 0xee, 0x04,
  0xe0, 0x57, 0x40, 0x61, 0xee, 0xe0, 0x92, 0x13, 0xea, 0xe0, 0x92, 0xbe,
  0xe7, 0xe0, 0x4f, 0x78, 0xe4, 0x0b, 0x10, 0x0b, 0x2e, 0x06, 0x60, 0x51,
  0xcb, 0xe0, 0x37, 0xb8, 0x76, 0x69, 0xeb, 0x04, 0xe0, 0x97, 0xaf, 0x63,
  0x6f, 0x72, 0x6f, 0x6d, 0xe1, 0xe0, 0x6c, 0xa5, 0x6e, 0x65, 0xf3, 0x04,
  0xe0, 0x95, 0xc2, 0xf3, 0xe0, 0x25, 0x79, 0xe5, 0x04, 0xe0, 0x84, 0xa7,
  0xae, 0x05, 0x19, 0xe0, 0x50, 0x45, 0x78, 0x6e, 0x2d, 0x2d, 0x6d, 0x72,
  0x65, 0x2d, 0x6f, 0x67, 0x2d, 0x72, 0x6f, 0x6d, 0x73, 0x64, 0x61, 0x6c,
  0x2d, 0x71, 0x71, 0xe2, 0xe0, 0x95, 0x9d, 0x76, 0x65, 0x73, 0x74, 0x66,
  0x6f, 0xec, 0xe0, 0x92, 0x8f, 0x63, 0x61, 0xf4, 0xe0, 0x7e, 0x29, 0x62,
  0x6f, 0x78, 0x2e, 0x64, 0xe5, 0xd4, 0x89, 0x61, 0x67, 0x6f, 0x63, 0xe8,
  0xe0, 0x24, 0x6b, 0xed, 0x07, 0x04, 0x0d, 0x04, 0xe0, 0x5f, 0x07, 0xf5,
  0xe0, 0x91, 0xa6, 0xf3, 0x02, 0x84, 0xf5, 0xe0, 0x7f, 0x55, 0x63, 0x6c,
  0xf5, 0xe0, 0x8a, 0xda, 0xee, 0xe0, 0x7e, 0x8b, 0xe5, 0x02, 0x85, 0x67,
  0xe1, 0xe0, 0x89, 0xbe, 0xad, 0x04, 0xe0, 0x96, 0x09, 0x70, 0x72, 0x65,
  0x76, 0x69, 0xe5, 0xe0, 0x36, 0x57, 0xec, 0x0b, 0x08, 0x05, 0x07, 0x07,
  0x60, 0x4d, 0xa0, 0xe0, 0x47, 0x28, 0x76, 0x61, 0x64, 0x6f, 0xf2, 0xe0,
  0x95, 0x7d, 0x75, 0xe4, 0xe0, 0x93, 0xe6, 0xef, 0x60, 0x52, 0x34, 0xe0,
  0x43, 0x61, 0xe5, 0x60, 0x30, 0x05, 0xe0, 0x66, 0xfe, 0xe1, 0x60, 0x84,
  0x2f, 0xc9, 0x79, 0xeb, 0x06, 0x2f, 0x04, 0xe0, 0x20, 0x8e, 0xf5, 0x05,
  0x25, 0xe0, 0x93, 0x41, 0x72, 0xe1, 0x0b, 0x04, 0x06, 0x60, 0x50, 0x27,
  0x5e, 0x4f, 0xe0, 0x28, 0x5d, 0xf4, 0xe0, 0x45, 0x5f, 0x67, 0x61, 0xf7,
  0xe0, 0x4d, 0xb8, 0xae, 0x07, 0x60, 0x58, 0xcc, 0xe0, 0x3b, 0xc4, 0xf4,
  0x60, 0x89, 0x13, 0xc2, 0x1d, 0xe8, 0xe0, 0x85, 0x27, 0xe5, 0xe0, 0x2c,
  0x8f, 0xe1, 0x0e, 0x15, 0x06, 0x07, 0x5a, 0xb6, 0x60, 0x3f, 0x7f, 0x60,
  0x2e, 0xce, 0xc2, 0xd9, 0xe9, 0x02, 0x89, 0x6d, 0x69, 0x6e, 0x61, 0x74,
  0xef, 0xe0, 0x77, 0x7e, 0xae, 0x60, 0x67, 0xb7, 0x60, 0x25, 0xa4, 0xc7,
  0x28, 0x68, 0x6f, 0xe7, 0xe0, 0x8c, 0x16, 0x65, 0xae, 0x60, 0x93, 0x0e,
  0xc1, 0x48, 0xe4, 0xe0, 0x5a, 0xdb, 0xe9, 0x04, 0x0e, 0x09, 0x84, 0xf4,
  0x04, 0xe0, 0x67, 0xac, 0x61, 0x6d, 0x61, 0xae, 0x60, 0x8a, 0x03, 0xca,
  0x82, 0xeb, 0x04, 0xe0, 0x4d, 0xff, 0xe1, 0xe0, 0x50, 0xc7, 0xea, 0xe0,
  0x40, 0x9b, 0xe7, 0xe0, 0x4d, 0x78, 0x67, 0xe1, 0x05, 0x05, 0xe0, 0x4e,
  0x53, 0x6d, 0xe9, 0xe0, 0x42, 0x43, 0xae, 0x60, 0x89, 0x9d, 0xca, 0xc5,
  0x66, 0xe5, 0x04, 0xe0, 0x96, 0x4c, 0x74, 0xf9, 0x60, 0x92, 0xfd, 0xc3,
  0x4d, 0xe4, 0x04, 0xe0, 0x91, 0x35, 0x69, 0xf3, 0xe0, 0x7c, 0x81, 0x62,
  0x61, 0xe5, 0xe0, 0x67, 0x4d, 0x61, 0x72, 0x6c, 0x61, 0xee, 0xe0, 0x93,
  0x9a, 0xae, 0x0a, 0x09, 0x60, 0x8a, 0xa0, 0x47, 0xec, 0x04, 0xc1, 0x28,
  0x67, 0x6f, 0x76, 0xae, 0x60, 0x90, 0xd4, 0xc1, 0xc1, 0xe3, 0x60, 0x94,
  0x84, 0xc0, 0x81, 0x2d, 0x65, 0x61, 0x73, 0xf4, 0xe0, 0x7b, 0xa6, 0xb3,
  0x03, 0xc0, 0x45, 0xae, 0x15, 0x09, 0x1d, 0x41, 0x39, 0x60, 0x2f, 0x8f,
  0x60, 0x32, 0xcd, 0x16, 0x05, 0x0e, 0x22, 0x40, 0xf3, 0x4d, 0xb2, 0x07,
  0x87, 0x74, 0x65, 0x63, 0x6b, 0x69, 0xe4, 0xe0, 0x7e, 0xa4, 0xe9, 0x04,
  0xe0, 0x63, 0xd1, 0x73, 0x6b, 0xb0, 0x02, 0x82, 0xb2, 0x82, 0x31, 0x2e,
  0x73, 0x61, 0x6b, 0x75, 0x72, 0x61, 0x73, 0x74, 0x6f, 0x72, 0x61, 0xe7,
  0xe0, 0x83, 0x82, 0xe1, 0x60, 0x60, 0xaf, 0x43, 0x80, 0xe0, 0x28, 0x17,
  0xad, 0x10, 0x40, 0x80, 0x0d, 0x10, 0x05, 0x0e, 0x14, 0x32, 0x05, 0x60,
  0x62, 0x96, 0xe0, 0x28, 0x99, 0x77, 0x65, 0x62, 0x73, 0x69, 0x74, 0xe5,
  0x03, 0xc0, 0x4d, 0xae, 0x0f, 0x60, 0x60, 0x78, 0x42, 0xe9, 0x16, 0x05,
  0x08, 0x06, 0x22, 0x4e, 0xa5, 0x07, 0x87, 0x64, 0x75, 0x61, 0x6c, 0x73,
  0x74, 0x61, 0x63, 0x6b, 0xae, 0x09, 0x05, 0x13, 0x06, 0x60, 0x63, 0x30,
  0x16, 0x8d, 0x6d, 0xe5, 0xe0, 0x63, 0x71, 0x65, 0x75, 0xad, 0x05, 0x60,
  0x63, 0x75, 0x8d, 0x77, 0x65, 0x73, 0x74, 0xad, 0x60, 0x63, 0xce, 0xe0,
  0x28, 0x1d, 0xe3, 0x40, 0x96, 0xe0, 0x62, 0xfe, 0xe1, 0x04, 0xe0, 0x63,
  0xc6, 0x70, 0xad, 0x60, 0x60, 0x4a, 0xc3, 0x62, 0xad, 0x07, 0x0e, 0x40,
  0x68, 0xe0, 0x62, 0xbc, 0x75, 0x73, 0xad, 0x06, 0x60, 0x63, 0x1b, 0xc0,
  0x8e, 0x67, 0x6f, 0xf6, 0xc0, 0x6c, 0x61, 0x70, 0xad, 0x02, 0x86, 0x73,
  0x6f, 0xf5, 0xe0, 0x8b, 0xaa, 0x6e, 0x6f, 0x72, 0x74, 0xe8, 0xe0, 0x63,
  0x94, 0x75, 0x73, 0xad, 0x05, 0x60, 0x62, 0xfb, 0x85, 0x65, 0xe1, 0xe0,
  0x8b, 0x6e, 0x6f, 0x62, 0x6a, 0x65, 0x63, 0x74, 0x2d, 0x6c, 0x61, 0x6d,
  0x62, 0x64, 0xe1, 0xe0, 0x5f, 0xef, 0x6d, 0xe5, 0xe0, 0x63, 0x78, 0x66,
  0x69, 0x70, 0xf3, 0x03, 0xc0, 0x87, 0x2d, 0x75, 0x73, 0xad, 0xe0, 0x62,
  0xdb, 0xe5, 0x02, 0x88, 0x78, 0x74, 0x65, 0x72, 0xee, 0xe0, 0x8b, 0x53,
  0x75, 0xad, 0x60, 0x62, 0xee, 0x0c, 0xe0, 0x28, 0x4f, 0x64, 0x65, 0x70,
  0x72, 0x65, 0x63, 0x61, 0x74, 0x65, 0x64, 0xae, 0x06, 0x06, 0x0b, 0xe0,
  0x8b, 0x0b, 0x65, 0x75, 0xad, 0xe0, 0x8b, 0x29, 0x63, 0x6e, 0x2d, 0x6e,
  0x6f, 0x72, 0x74, 0xe8, 0xe0, 0x62, 0xf3, 0x61, 0x70, 0x2d, 0x73, 0x6f,
  0x75, 0x74, 0x68, 0x65, 0x61, 0x73, 0x74, 0xad, 0xe0, 0x5f, 0xbf, 0x63,
  0xe1, 0xe0, 0x62, 0xa8, 0xe1, 0x02, 0x89, 0x70, 0xad, 0x60, 0x62, 0xfe,
  0x13, 0xe0, 0x28, 0x02, 0x63, 0x63, 0x65, 0x73, 0x73, 0x70, 0x6f, 0x69,
  0x6e, 0xf4, 0x02, 0x98, 0xae, 0x0b, 0x60, 0x5f, 0x73, 0x42, 0xe9, 0x16,
  0x05, 0x08, 0x06, 0xa2, 0x64, 0x75, 0x61, 0x6c, 0x73, 0x74, 0x61, 0x63,
  0xeb, 0xe0, 0x5f, 0x61, 0x2d, 0x66, 0x69, 0x70, 0x73, 0xae, 0x05, 0x0e,
  0xe0, 0x62, 0x37, 0x64, 0x75, 0x61, 0x6c, 0x73, 0x74, 0x61, 0x63, 0x6b,
  0xae, 0x04, 0xe0, 0x62, 0x37, 0xe3, 0xe0, 0x62, 0x95, 0xae, 0x04, 0xe0,
  0x7f, 0xbd, 0xe2, 0x04, 0xe0, 0x94, 0x5e, 0x72, 0x61, 0x76, 0x65, 0xae,
  0x60, 0x7f, 0x71, 0x43, 0x23, 0xcf, 0xfe, 0xf2, 0x1f, 0x0d, 0x2e, 0x06,
  0x40, 0x4b, 0x06, 0x34, 0x0a, 0x40, 0x92, 0x04, 0x09, 0x04, 0x40, 0xab,
  0x04, 0x06, 0x41, 0xe1, 0x1d, 0x40, 0xdd, 0x04, 0x60, 0x58, 0xbf, 0x58,
  0x22, 0xd5, 0x8a, 0xfa, 0x02, 0x84, 0xe7, 0xe0, 0x51, 0x8f, 0x65, 0x73,
  0xfa, 0xe0, 0x84, 0xfc, 0xf9, 0x07, 0x15, 0x06, 0x05, 0xe0, 0x3d, 0x2b,
  0xf5, 0x03, 0x05, 0x85, 0x6f, 0xe8, 0xe0, 0x8d, 0x27, 0x6b, 0xf9, 0xe0,
  0x92, 0xde, 0x67, 0x61, 0x73, 0xe1, 0xe0, 0x45, 0x7e, 0x6f, 0x6b, 0xe1,
  0xe0, 0x3a, 0x4d, 0x67, 0xe7, 0xe0, 0x92, 0x23, 0x62, 0x6e, 0xe9, 0xe0,
  0x7e, 0x4c, 0xf7, 0x60, 0x92, 0x48, 0xc1, 0xaf, 0xf5, 0x0c, 0x04, 0x22,
  0x05, 0x08, 0x03, 0x60, 0x45, 0x89, 0xe0, 0x4e, 0x26, 0xef, 0xe0, 0x7e,
  0x05, 0xee, 0x07, 0x0d, 0x60, 0x7e, 0xe2, 0xd4, 0xea, 0x73, 0x2e, 0x6f,
  0x6e, 0x73, 0x74, 0x61, 0x63, 0x6b, 0xe9, 0xe0, 0x89, 0x3e, 0x63, 0x6f,
  0x6e, 0x74, 0x61, 0x69, 0x6e, 0x65, 0x72, 0xf3, 0xe0, 0x88, 0x25, 0x6c,
  0xe5, 0xe0, 0x3c, 0xe6, 0x68, 0xf2, 0x60, 0x43, 0x09, 0xe0, 0x50, 0xaf,
  0xe7, 0xd3, 0x63, 0xae, 0x60, 0x8b, 0xaa, 0x46, 0xf0, 0xc0, 0xbd, 0x74,
  0x2e, 0xe8, 0xe0, 0x93, 0x4f, 0xf3, 0x06, 0x04, 0x16, 0xe0, 0x93, 0x80,
  0xf6, 0xe0, 0x91, 0xb4, 0x63, 0x2e, 0xe3, 0x04, 0xe0, 0x79, 0x44, 0x6f,
  0x6e, 0x74, 0x65, 0x6e, 0x74, 0x70, 0x72, 0x6f, 0x78, 0x79, 0xb9, 0xe0,
  0x6c, 0x71, 0xae, 0x06, 0x08, 0x60, 0x8b, 0x67, 0x83, 0x77, 0x65, 0x62,
  0x61, 0x63, 0xe3, 0xcb, 0x8a, 0xe2, 0xe0, 0x7f, 0xe8, 0xf2, 0x04, 0xe0,
  0x68, 0xee, 0x70, 0xf0, 0xe0, 0x91, 0x31, 0xef, 0x17, 0x10, 0x04, 0x0d,
  0x10, 0x06, 0x03, 0x0e, 0x05, 0x05, 0x04, 0x09, 0x13, 0x5b, 0x75, 0x60,
  0x32, 0x41, 0x60, 0x3c, 0x90, 0xc8, 0x93, 0xf9, 0x05, 0x04, 0xe0, 0x32,
  0xf6, 0xeb, 0xe0, 0x80, 0x79, 0x61, 0x6c, 0xad, 0xe0, 0x44, 0x59, 0xf8,
  0xe0, 0x8a, 0x99, 0xf6, 0x02, 0x85, 0x6e, 0xef, 0xe0, 0x74, 0xf0, 0x69,
  0xe7, 0xe0, 0x90, 0xca, 0x75, 0x74, 0x69, 0x6e, 0x67, 0x74, 0x68, 0x65,
  0x63, 0x6c, 0x6f, 0x75, 0xe4, 0xe0, 0x7c, 0x19, 0x74, 0x6f, 0xf2, 0xe0,
  0x8d, 0x2a, 0xf2, 0xdb, 0xb3, 0xed, 0x06, 0x60, 0x8a, 0x60, 0xc0, 0x75,
  0xf3, 0x60, 0x62, 0x39, 0xe0, 0x29, 0x02, 0x6c, 0xec, 0xe0, 0x7d, 0xbf,
  0x6b, 0xf5, 0xe0, 0x4e, 0xb5, 0xe7, 0xe0, 0x5c, 0xf4, 0xe4, 0x04, 0xe0,
  0x85, 0x0c, 0xe5, 0xe0, 0x91, 0x20, 0x63, 0xeb, 0x06, 0x45, 0x87, 0xe0,
  0x8a, 0x85, 0x65, 0x74, 0x70, 0x72, 0x65, 0x76, 0x69, 0xe5, 0xe0, 0x5a,
  0x81, 0xae, 0x60, 0x8a, 0xce, 0x03, 0x03, 0xc5, 0xa3, 0xee, 0xe0, 0x80,
  0x90, 0xed, 0x04, 0xe0, 0x90, 0x66, 0xe1, 0xe0, 0x2a, 0x5e, 0xea, 0xe0,
  0x68, 0x49, 0xe9, 0x14, 0x06, 0x05, 0x18, 0x15, 0x16, 0x05, 0x15, 0x05,
  0x04, 0x1e, 0x60, 0x73, 0xa3, 0x52, 0x15, 0x49, 0xa6, 0xc0, 0xd9, 0x76,
  0x6e, 0xe5, 0xe0, 0x74, 0x66, 0x74, 0xf4, 0xe0, 0x8b, 0xb1, 0xf3, 0x05,
  0x04, 0xe0, 0x55, 0x49, 0xef, 0xe0, 0x84, 0xbd, 0x68, 0x69, 0x72, 0xe9,
  0x04, 0xe0, 0x90, 0x8f, 0x66, 0x75, 0xea, 0xe0, 0x90, 0x8b, 0xef, 0x07,
  0x07, 0x60, 0x8e, 0xab, 0xc3, 0xce, 0x70, 0x72, 0x65, 0xf4, 0xe0, 0x83,
  0x8c, 0x62, 0x72, 0x61, 0xee, 0xcd, 0x10, 0xee, 0x04, 0xe0, 0x89, 0xab,
  0xe7, 0x02, 0x84, 0xf3, 0xe0, 0x3b, 0x3a, 0xe5, 0x04, 0xe0, 0x88, 0x62,
  0x72, 0xe9, 0xe0, 0x5c, 0x0c, 0x6d, 0xe9, 0xe0, 0x88, 0x4a, 0xeb, 0x04,
  0xe0, 0x85, 0xbc, 0xf5, 0x04, 0xe0, 0x8c, 0xb6, 0x7a, 0x65, 0x6e, 0x74,
  0x61, 0x6b, 0x61, 0xf4, 0xe0, 0x21, 0xd8, 0x69, 0xeb, 0xe0, 0x8c, 0x81,
  0xe6, 0xe0, 0x23, 0x57, 0xe3, 0x06, 0x04, 0x0b, 0xe0, 0x83, 0x6a, 0xef,
  0xe0, 0x8f, 0x33, 0xe8, 0x04, 0xe0, 0x92, 0x2a, 0x61, 0x72, 0xe4, 0xe0,
  0x3d, 0xba, 0x65, 0x2d, 0x6c, 0x61, 0xe2, 0xe0, 0x91, 0x05, 0x62, 0x65,
  0x69, 0xf2, 0xe0, 0x2c, 0x86, 0xe8, 0xe0, 0x3b, 0x50, 0xe7, 0x60, 0x7b,
  0xda, 0xd3, 0xd4, 0xe5, 0x17, 0x06, 0x10, 0x07, 0x40, 0x5c, 0x32, 0x1c,
  0x08, 0x1c, 0x07, 0x0c, 0x05, 0x1c, 0x03, 0x1f, 0x22, 0x05, 0x40, 0x59,
  0xe0, 0x90, 0x32, 0x78, 0x72, 0xef, 0xe0, 0x63, 0x79, 0x76, 0xe9, 0x02,
  0x85, 0x73, 0xf4, 0xe0, 0x8e, 0xbe, 0x65, 0xf7, 0x60, 0x8f, 0x0a, 0xc2,
  0xd8, 0x74, 0x6f, 0x6f, 0xec, 0xe0, 0x8a, 0xde, 0xf3, 0x05, 0x15, 0x0a,
  0x0a, 0xa7, 0xf4, 0x05, 0x04, 0xe0, 0x91, 0xc6, 0xef, 0xe0, 0x85, 0x2f,
  0x61, 0x75, 0x72, 0x61, 0x6e, 0xf4, 0x60, 0x85, 0x26, 0xcc, 0x9a, 0x6f,
  0x6c, 0x76, 0x65, 0x2e, 0x62, 0xe1, 0xe0, 0x90, 0xf7, 0x69, 0x6e, 0x64,
  0x65, 0x76, 0x69, 0xe3, 0xe0, 0x86, 0x03, 0xe5, 0x02, 0x97, 0x72, 0xf6,
  0x02, 0x8a, 0x65, 0x2d, 0x6f, 0x6e, 0x6c, 0x69, 0xee, 0xe0, 0x8d, 0xb1,
  0x64, 0xae, 0x60, 0x6a, 0x8d, 0x19, 0xe0, 0x25, 0xda, 0x61, 0x72, 0x63,
  0xe8, 0x04, 0xe0, 0x8e, 0x38, 0x65, 0xe4, 0xe0, 0x83, 0x7d, 0xae, 0x60,
  0x8e, 0x33, 0xc1, 0xd6, 0xf0, 0x06, 0x08, 0x05, 0x0b, 0x06, 0x84, 0x75,
  0x62, 0x6c, 0x69, 0xe3, 0xe0, 0x8c, 0x6f, 0x6f, 0xf2, 0xe0, 0x8f, 0x61,
  0xec, 0x04, 0xe0, 0x44, 0x83, 0xae, 0x60, 0x75, 0x76, 0xc0, 0x79, 0x62,
  0x6f, 0xe4, 0xe0, 0x5f, 0xf6, 0xe1, 0xe0, 0x44, 0x87, 0xae, 0x04, 0xe0,
  0x8f, 0xb7, 0xeb, 0xe0, 0x8f, 0x66, 0xee, 0x08, 0x0b, 0x60, 0x20, 0x9f,
  0xe0, 0x70, 0x95, 0xf4, 0x06, 0x60, 0x78, 0x83, 0xd8, 0xb5, 0xe1, 0xe0,
  0x7a, 0xea, 0x6e, 0xe5, 0x60, 0x36, 0x5d, 0xe0, 0x50, 0xd5, 0x6d, 0x6f,
  0x74, 0x65, 0xf7, 0xe0, 0x8f, 0x6a, 0xec, 0x03, 0x04, 0x8e, 0xe9, 0xe0,
  0x2a, 0xea, 0x61, 0x79, 0x2e, 0x65, 0x76, 0x65, 0x72, 0x76, 0x61, 0x75,
  0xec, 0xe0, 0x44, 0x34, 0xae, 0x60, 0x8b, 0xc3, 0xc1, 0x50, 0x6b, 0x6c,
  0x61, 0xed, 0xe0, 0x8f, 0xcd, 0xe9, 0x04, 0xe0, 0x8e, 0xf4, 0x73, 0xe5,
  0x60, 0x8f, 0x85, 0xc1, 0x75, 0x68, 0xe1, 0xe0, 0x84, 0x8c, 0xe7, 0x02,
  0x95, 0x67, 0x69, 0xef, 0x03, 0x03, 0x86, 0xad, 0x02, 0x86, 0x65, 0x6d,
  0xe9, 0xe0, 0x56, 0xb3, 0x63, 0x61, 0xec, 0xe0, 0x76, 0x1c, 0xae, 0xe0,
  0x90, 0x69, 0xe5, 0xc7, 0x50, 0xe4, 0x07, 0x07, 0x04, 0x08, 0xe0, 0x90,
  0xb6, 0x75, 0x6d, 0x62, 0xf2, 0xe0, 0x6a, 0x10, 0x6d, 0xef, 0xc5, 0x47,
  0x69, 0x72, 0x65, 0x63, 0xf4, 0xe0, 0x8c, 0xd0, 0xae, 0xe0, 0x50, 0x8d,
  0xe3, 0x04, 0x05, 0x0b, 0x84, 0x72, 0xe5, 0xe0, 0x8d, 0x59, 0xe9, 0x02,
  0x84, 0xf0, 0xe0, 0x82, 0x6c, 0xe6, 0xe0, 0x75, 0x98, 0xe8, 0xe0, 0x8d,
  0x25, 0xae, 0x60, 0x83, 0x86, 0x03, 0x4b, 0x3a, 0xc0, 0x40, 0x62, 0xf5,
  0xe0, 0x5d, 0x24, 0xe1, 0x02, 0xa7, 0xec, 0x05, 0x16, 0xe0, 0x69, 0x59,
  0xf4, 0x06, 0x60, 0x8c, 0xda, 0xc0, 0xfb, 0x69, 0x6d, 0x65, 0x2e, 0x73,
  0x75, 0x70, 0x61, 0x62, 0x61, 0x73, 0xe5, 0xe0, 0x74, 0x84, 0x65, 0x73,
  0x74, 0x61, 0x74, 0xe5, 0x60, 0x8a, 0xcb, 0xc5, 0x9b, 0xe4, 0x07, 0x07,
  0x0f, 0x09, 0xe0, 0x90, 0x3a, 0x79, 0x6d, 0x61, 0xe4, 0xe0, 0x7e, 0x09,
  0x74, 0x68, 0x65, 0x64, 0x6f, 0x63, 0xf3, 0x04, 0xe0, 0x8f, 0x0a, 0xad,
  0xe0, 0x8e, 0x84, 0x6d, 0x79, 0x62, 0x6c, 0x6f, 0xe7, 0xe0, 0x8c, 0xfd,
  0x2d, 0x62, 0x6f, 0x6f, 0xeb, 0xe0, 0x78, 0xee, 0xae, 0x60, 0x8a, 0xaf,
  0x43, 0x21, 0xc0, 0x91, 0xe4, 0x07, 0x60, 0x22, 0xe5, 0xe0, 0x62, 0xe4,
  0x73, 0x2e, 0x63, 0x6e, 0x2d, 0x6e, 0x6f, 0x72, 0x74, 0xe8, 0x02, 0x84,
  0x77, 0x65, 0x73, 0x74, 0x2d, 0xb1, 0xe0, 0x6e, 0x2a, 0xe1, 0x12, 0x18,
  0x1f, 0x05, 0x04, 0x17, 0x05, 0x05, 0x09, 0x11, 0x1a, 0x0a, 0x1e, 0x59,
  0xa2, 0xe0, 0x73, 0x39, 0xf7, 0x02, 0x87, 0x61, 0x2d, 0x6d, 0xe1, 0xe0,
  0x75, 0xf5, 0x2e, 0x69, 0x63, 0xf0, 0x02, 0x84, 0xb1, 0xe0, 0x7e, 0x22,
  0xb0, 0xe0, 0x7e, 0x1e, 0xf6, 0x02, 0x89, 0x70, 0x61, 0x67, 0x65, 0x2e,
  0x63, 0xef, 0xda, 0x4c, 0x65, 0xee, 0x04, 0xe0, 0x85, 0xdd, 0x64, 0x62,
  0xae, 0x04, 0xe0, 0x74, 0x58, 0xe3, 0x5b, 0x47, 0xe0, 0x69, 0xf3, 0x75,
  0xed, 0xe0, 0x87, 0xf3, 0xf2, 0xe0, 0x61, 0x5c, 0xee, 0x06, 0x06, 0x05,
  0xe0, 0x87, 0xda, 0x7a, 0x61, 0xee, 0xe0, 0x82, 0x3d, 0x6b, 0xef, 0xe0,
  0x87, 0xe2, 0x64, 0xe1, 0xe0, 0x5e, 0xdb, 0x6c, 0xe9, 0xe0, 0x7c, 0xd4,
  0x6b, 0xeb, 0xe0, 0x43, 0xd6, 0xe9, 0x04, 0xe0, 0x52, 0x47, 0xee, 0xe0,
  0x7d, 0x29, 0xe8, 0x02, 0x85, 0x6f, 0xec, 0xe0, 0x86, 0x37, 0x6b, 0x6b,
  0x65, 0x72, 0x61, 0xf6, 0xe0, 0x87, 0x6a, 0xe7, 0x02, 0x84, 0xf5, 0xe0,
  0x73, 0x9d, 0x2d, 0x63, 0x6c, 0x6f, 0x75, 0xe4, 0x02, 0x83, 0x2d, 0x63,
  0x68, 0x2e, 0x68, 0x6f, 0x73, 0xf4, 0xe0, 0x5b, 0xd5, 0x66, 0x66, 0x6c,
  0x65, 0x65, 0x6e, 0xf4, 0xe0, 0x8a, 0x8b, 0xe4, 0x05, 0x06, 0xe0, 0x8d,
  0x71, 0xef, 0x60, 0x75, 0x43, 0xd0, 0x07, 0x69, 0xef, 0x04, 0xe0, 0x8f,
  0x49, 0xae, 0x07, 0x60, 0x64, 0x2e, 0xe0, 0x29, 0x7e, 0xe6, 0xe0, 0x8e,
  0x2e, 0xe3, 0x04, 0xe0, 0x77, 0x45, 0x6b, 0x6d, 0x61, 0x7a, 0xe5, 0xe0,
  0x8b, 0x5f, 0xb2, 0xe0, 0x83, 0x92, 0xae, 0x07, 0x0c, 0x60, 0x7a, 0x71,
  0xd4, 0xa5, 0xe3, 0x04, 0xe0, 0x84, 0x0c, 0x64, 0x6e, 0x37, 0xb7, 0xe0,
  0x8e, 0xc3, 0x61, 0x70, 0x70, 0x73, 0x70, 0xef, 0xe0, 0x7f, 0xde, 0xf1,
  0x0e, 0x05, 0x40, 0x61, 0x04, 0x04, 0x06, 0x0e, 0x04, 0x06, 0x06, 0xe0,
  0x8e, 0x6b, 0x7a, 0xfa, 0xe0, 0x8d, 0xc1, 0xf5, 0x03, 0x1a, 0x89, 0xe9,
  0x03, 0x06, 0x8a, 0x7a, 0x7a, 0xe5, 0xe0, 0x80, 0xe9, 0x70, 0x65, 0x6c,
  0x65, 0x6d, 0x65, 0xee, 0xe0, 0x28, 0x14, 0x63, 0x6b, 0x73, 0xf9, 0xc9,
  0xc4, 0xe5, 0x04, 0xe0, 0x7f, 0x76, 0xe2, 0xe0, 0x8c, 0xa3, 0xe1, 0x02,
  0x9a, 0x6e, 0xe7, 0x05, 0x05, 0xe0, 0x45, 0x2f, 0x74, 0xf2, 0xe0, 0x62,
  0x93, 0xee, 0x05, 0x04, 0xe0, 0x7c, 0x43, 0xe7, 0xe0, 0x62, 0x88, 0xe1,
  0xe0, 0x2e, 0x95, 0xec, 0x02, 0x93, 0x79, 0x68, 0x71, 0xf0, 0x02, 0x87,
  0x6f, 0x72, 0x74, 0xe1, 0xe0, 0x83, 0xca, 0x61, 0x72, 0xf4, 0xe0, 0x7d,
  0x6a, 0x69, 0x66, 0x69, 0xef, 0xe0, 0x8d, 0x79, 0xf3, 0xe0, 0x55, 0x8c,
  0xf0, 0xe0, 0x7f, 0x7f, 0x6f, 0x74, 0xef, 0xe0, 0x8d, 0x52, 0x6c, 0x64,
  0xae, 0x05, 0x60, 0x8a, 0xf7, 0x84, 0x67, 0x6f, 0xf6, 0xe0, 0x8a, 0xf7,
  0xe8, 0xe0, 0x77, 0xd4, 0xe3, 0x60, 0x5f, 0x15, 0xda, 0xc6, 0x62, 0x75,
  0xf3, 0xe0, 0x82, 0x9d, 0xe1, 0x05, 0x06, 0xe0, 0x8e, 0x62, 0x74, 0x61,
  0xf2, 0xe0, 0x79, 0x59, 0xb2, 0xe0, 0x8d, 0x4c, 0xf0, 0x22, 0x04, 0x1d,
  0x06, 0x11, 0x40, 0x5f, 0x06, 0x20, 0x41, 0x96, 0x14, 0x41, 0x23, 0x07,
  0x09, 0x40, 0x8a, 0x40, 0x9d, 0x40, 0x59, 0x17, 0x0c, 0x40, 0x6b, 0x0a,
  0x0f, 0x0b, 0x41, 0x4c, 0xe0, 0x84, 0x4e, 0xfa, 0xe0, 0x8b, 0xd8, 0xf9,
  0x08, 0x05, 0x60, 0x59, 0xb5, 0xe0, 0x34, 0x74, 0x6d, 0xee, 0xe0, 0x3f,
  0x43, 0xe1, 0x04, 0xe0, 0x8d, 0xec, 0x74, 0x69, 0x67, 0x6f, 0x72, 0x73,
  0xeb, 0xe0, 0x77, 0xfe, 0xf7, 0x60, 0x8b, 0xe6, 0xc2, 0x33, 0xf6, 0x05,
  0x07, 0xe0, 0x8b, 0xa5, 0x74, 0xae, 0x60, 0x66, 0xa2, 0xc7, 0xfd, 0xe8,
  0xe0, 0x8c, 0x70, 0xf5, 0x0b, 0x0b, 0x06, 0x05, 0x06, 0x06, 0x07, 0x05,
  0xe0, 0x8b, 0x67, 0x74, 0x65, 0x72, 0xae, 0x60, 0x84, 0x92, 0x42, 0x67,
  0xc2, 0xb5, 0x73, 0x73, 0x79, 0xe3, 0xc4, 0x36, 0xf0, 0x06, 0xe0, 0x4b,
  0x40, 0x6e, 0x79, 0xf5, 0xe0, 0x8d, 0xa6, 0x6c, 0x61, 0xf7, 0xe0, 0x78,
  0x8a, 0xe7, 0x60, 0x53, 0xa6, 0xe0, 0x37, 0xcc, 0x65, 0x62, 0xec, 0xdb,
  0x75, 0xe2, 0x06, 0x05, 0x0e, 0xe0, 0x8d, 0xaf, 0x74, 0xec, 0xe0, 0x76,
  0x79, 0xec, 0x03, 0xd0, 0xfc, 0x69, 0x63, 0x2d, 0x69, 0x6e, 0x71, 0xf5,
  0xe0, 0x3e, 0xc1, 0xae, 0x06, 0x41, 0x26, 0xe0, 0x8a, 0x4e, 0xf3, 0xe0,
  0x8b, 0xb8, 0xf4, 0x60, 0x78, 0x0f, 0xd5, 0x94, 0xf3, 0x0c, 0x05, 0x5c,
  0x60, 0x52, 0x0f, 0x60, 0x2b, 0x5c, 0xe0, 0x33, 0xc1, 0x73, 0xe5, 0xe0,
  0x4a, 0xf0, 0xe9, 0x05, 0x04, 0xe0, 0x8b, 0xec, 0xf1, 0xe0, 0x8b, 0x50,
  0xe3, 0xe0, 0x8b, 0x4c, 0xf2, 0x10, 0x08, 0x0c, 0x12, 0x40, 0x77, 0x40,
  0x6b, 0x0c, 0x40, 0x53, 0x09, 0x09, 0xe0, 0x8b, 0xf4, 0x7a, 0x65, 0x77,
  0x6f, 0xf2, 0xe0, 0x27, 0x9d, 0xf6, 0x02, 0x84, 0xf7, 0xe0, 0x7d, 0x32,
  0x63, 0xf9, 0xe0, 0x6a, 0x03, 0xf5, 0x05, 0x05, 0xe0, 0x8d, 0x4e, 0x73,
  0xfa, 0xe0, 0x24, 0x70, 0x64, 0x65, 0x6e, 0xf4, 0xe0, 0x55, 0xff, 0xef,
  0x0c, 0x05, 0x0a, 0x04, 0x07, 0x09, 0x11, 0x10, 0x04, 0xe0, 0x8c, 0xf2,
  0x74, 0xe5, 0xe0, 0x7e, 0x1f, 0x70, 0x65, 0x72, 0xf4, 0x60, 0x30, 0x6f,
  0xe0, 0x5a, 0x1c, 0xed, 0xe0, 0x8b, 0x5b, 0x6a, 0x65, 0x63, 0xf4, 0xe0,
  0x81, 0x70, 0x67, 0x72, 0x65, 0x73, 0x73, 0xe9, 0xe0, 0x80, 0x08, 0xe6,
  0x05, 0x04, 0xe0, 0x8d, 0x0d, 0x65, 0xf3, 0xc2, 0x85, 0xae, 0x60, 0x59,
  0x68, 0xe0, 0x31, 0x70, 0xe4, 0x04, 0xe0, 0x8d, 0x01, 0x75, 0x63, 0x74,
  0x69, 0x6f, 0xee, 0x60, 0x89, 0xae, 0xc0, 0x75, 0x63, 0xe8, 0xc1, 0xe0,
  0xae, 0x17, 0x60, 0x59, 0x36, 0x5d, 0x66, 0x4d, 0xab, 0x43, 0x72, 0x40,
  0xc2, 0x40, 0x65, 0x40, 0xf1, 0x40, 0x56, 0x40, 0x7f, 0x40, 0x9f, 0x9f,
  0xf4, 0x04, 0xe0, 0x8a, 0xcd, 0x79, 0xf0, 0xe0, 0x46, 0x4c, 0xe9, 0x07,
  0x40, 0x51, 0x08, 0xe0, 0x86, 0xaf, 0xf6, 0x02, 0xb6, 0x61, 0xf4, 0x02,
  0x94, 0x69, 0x7a, 0x65, 0x68, 0x65, 0x61, 0x6c, 0x74, 0x68, 0x69, 0x6e,
  0x73, 0x75, 0x72, 0x61, 0x6e, 0xe3, 0xe0, 0x88, 0xc8, 0xe5, 0x02, 0x91,
  0x6c, 0x69, 0x6e, 0x6b, 0x2e, 0x73, 0x6e, 0x6f, 0x77, 0x66, 0x6c, 0x61,
  0x6b, 0xe5, 0xe0, 0x77, 0xb2, 0x2e, 0x72, 0x65, 0x70, 0x6f, 0x73, 0xf4,
  0xe0, 0x86, 0xa1, 0xae, 0x0c, 0x60, 0x6d, 0x20, 0x5a, 0x18, 0x43, 0x7a,
  0x40, 0x9a, 0xc0, 0x6d, 0x69, 0x6e, 0x73, 0x74, 0x61, 0x6e, 0x63, 0xe5,
  0xe0, 0x69, 0x40, 0x6e, 0x63, 0x69, 0x70, 0xe5, 0xe0, 0x67, 0x3d, 0x6d,
  0xe5, 0x04, 0xe0, 0x8c, 0x69, 0xf4, 0xe0, 0x27, 0xdc, 0x67, 0x31, 0x2d,
  0x7a, 0x65, 0x72, 0x6f, 0x70, 0xf3, 0xe0, 0x25, 0xc7, 0xe5, 0x04, 0x1c,
  0x1b, 0x88, 0x76, 0x69, 0x65, 0x77, 0xae, 0x05, 0x0d, 0xe0, 0x82, 0xdc,
  0x65, 0x6d, 0x65, 0x72, 0x67, 0x65, 0x6e, 0x74, 0x61, 0xe7, 0xe0, 0x80,
  0x31, 0x63, 0xf3, 0xe0, 0x65, 0xa6, 0x73, 0xf3, 0x05, 0x07, 0xe0, 0x8c,
  0x2a, 0x65, 0xae, 0x60, 0x7e, 0x33, 0xc1, 0x07, 0xae, 0x08, 0x60, 0x77,
  0x7a, 0x4f, 0x86, 0xc1, 0xd5, 0xed, 0xe0, 0x8a, 0x31, 0x72, 0x65, 0x6c,
  0x65, 0x61, 0xf3, 0xc2, 0x5e, 0x71, 0x75, 0x61, 0x6c, 0x69, 0x66, 0x79,
  0x6d, 0x65, 0x2e, 0x74, 0x6f, 0xe4, 0xc4, 0x82, 0x64, 0xae, 0x60, 0x2b,
  0x18, 0x60, 0x52, 0xd0, 0xa0, 0xe1, 0x04, 0xe0, 0x86, 0xbd, 0xf8, 0xe0,
  0x89, 0x7d, 0xae, 0x60, 0x7e, 0xfe, 0x41, 0x83, 0x43, 0x68, 0x42, 0x25,
  0xc3, 0x84, 0xf0, 0x05, 0x05, 0xe0, 0x69, 0xbc, 0x6c, 0xf8, 0xe0, 0x84,
  0xe5, 0xae, 0x60, 0x75, 0x72, 0x2c, 0x41, 0x97, 0xd0, 0x90, 0xef, 0x13,
  0x06, 0x06, 0x08, 0x0a, 0x12, 0x40, 0x4c, 0x11, 0x0a, 0x38, 0x0b, 0x18,
  0x16, 0x60, 0x60, 0x29, 0xdf, 0x0c, 0x7a, 0x6e, 0xe1, 0xe0, 0x23, 0x04,
  0x77, 0x69, 0xe1, 0xe0, 0x64, 0x2a, 0x75, 0x6c, 0x73, 0x62, 0xef, 0xe0,
  0x89, 0x87, 0xf4, 0x04, 0xe0, 0x65, 0xdd, 0x61, 0xe7, 0xe0, 0x39, 0x50,
  0x73, 0xf4, 0x06, 0x60, 0x8a, 0x23, 0xc1, 0x77, 0x6d, 0x61, 0x6e, 0x2d,
  0x65, 0x63, 0xe8, 0xe0, 0x7b, 0xea, 0xf2, 0x06, 0x2e, 0x12, 0xe0, 0x89,
  0xd4, 0xf4, 0x04, 0xe0, 0x8a, 0xc5, 0xad, 0x04, 0x08, 0x0a, 0x89, 0x74,
  0x6f, 0x77, 0x6e, 0x73, 0x65, 0xee, 0x87, 0x6f, 0x72, 0x63, 0x68, 0x61,
  0x72, 0xe4, 0xe0, 0x89, 0x48, 0x6c, 0x75, 0x64, 0x6c, 0x6f, 0xf7, 0xe0,
  0x89, 0x3f, 0x61, 0x6e, 0x67, 0x65, 0x6c, 0xe5, 0xe0, 0x6d, 0x24, 0xf3,
  0x02, 0x87, 0x67, 0x72, 0x75, 0xee, 0xe0, 0x83, 0x79, 0x61, 0x6e, 0xe7,
  0x60, 0x7d, 0x71, 0xc5, 0xc6, 0x64, 0xe5, 0xe0, 0x50, 0x37, 0xee, 0x02,
  0x86, 0x70, 0x65, 0xf3, 0xe0, 0x61, 0x67, 0x69, 0x61, 0x74, 0x6f, 0xf7,
  0xe0, 0x60, 0xb9, 0x6d, 0x6f, 0xf2, 0x03, 0xdf, 0xa3, 0x73, 0xeb, 0xc0,
  0x6b, 0xec, 0x06, 0x07, 0x06, 0x05, 0x11, 0x86, 0x79, 0x73, 0x70, 0xe1,
  0xe0, 0x5d, 0x6e, 0x74, 0x61, 0xf6, 0xe0, 0x64, 0xb8, 0x6b, 0xef, 0xe0,
  0x2f, 0x9b, 0xe9, 0x02, 0x8a, 0x74, 0xe9, 0x04, 0xe0, 0x89, 0x58, 0xe3,
  0xe0, 0x87, 0xdd, 0x63, 0xe5, 0xd0, 0x70, 0x61, 0x6e, 0xe4, 0xe0, 0x75,
  0xf0, 0xae, 0x60, 0x7a, 0x18, 0x42, 0xc7, 0xca, 0x1f, 0xeb, 0x04, 0xe0,
  0x73, 0xfa, 0x72, 0x6f, 0xf6, 0xe0, 0x83, 0x05, 0xe9, 0x02, 0x86, 0x76,
  0x72, 0xef, 0xe0, 0x67, 0x64, 0x6e, 0xf4, 0x02, 0x85, 0x74, 0xef, 0xe0,
  0x88, 0xb2, 0x32, 0x74, 0xe8, 0xe0, 0x5d, 0xcb, 0xe4, 0x03, 0x07, 0x87,
  0x7a, 0x6f, 0x6e, 0xe5, 0xe0, 0x58, 0x45, 0x6c, 0x61, 0x73, 0xe9, 0xe0,
  0x4a, 0x05, 0x68, 0xe1, 0xc7, 0x08, 0xae, 0x60, 0x48, 0x19, 0xe0, 0x40,
  0x3d, 0xee, 0x60, 0x88, 0x4e, 0x2f, 0xc2, 0x33, 0xed, 0x04, 0xe0, 0x8a,
  0xa5, 0xee, 0xe0, 0x88, 0x42, 0xec, 0x0b, 0x15, 0x0a, 0x13, 0x0e, 0x60,
  0x21, 0x30, 0xe0, 0x69, 0x25, 0xf5, 0x05, 0x0a, 0xe0, 0x87, 0xad, 0x72,
  0x69, 0x6e, 0x61, 0x63, 0x69, 0x6f, 0xee, 0xd2, 0x72, 0x6d, 0xe2, 0xe0,
  0x72, 0x90, 0xef, 0x02, 0x84, 0xe3, 0xe0, 0x4c, 0xa5, 0xae, 0xc1, 0x39,
  0xe5, 0x02, 0x88, 0x79, 0x2e, 0x67, 0x61, 0xed, 0xe0, 0x89, 0xc9, 0x73,
  0xeb, 0x60, 0x67, 0x10, 0xe0, 0x22, 0x3e, 0x63, 0xae, 0x08, 0x4f, 0xc9,
  0x60, 0x58, 0x4e, 0xd9, 0x19, 0xe3, 0xe0, 0x21, 0xd0, 0xe1, 0x05, 0x23,
  0xe0, 0x83, 0x6d, 0xf9, 0x06, 0x0f, 0x08, 0xe0, 0x8a, 0x31, 0x73, 0x74,
  0x61, 0x74, 0x69, 0x6f, 0xee, 0x04, 0xe0, 0x8a, 0x3d, 0xad, 0xe0, 0x33,
  0x78, 0x69, 0x74, 0x2e, 0x70, 0xec, 0xe0, 0x88, 0x10, 0x63, 0x6f, 0xe4,
  0xcb, 0xc3, 0xf4, 0x02, 0x89, 0x74, 0x65, 0x72, 0x2d, 0x61, 0xf0, 0xe0,
  0x7e, 0x85, 0x66, 0x6f, 0x72, 0x6d, 0x73, 0xe8, 0xe0, 0x68, 0xf5, 0xe9,
  0x17, 0x04, 0x08, 0x05, 0x0c, 0x06, 0x12, 0x07, 0x09, 0x05, 0x07, 0x19,
  0x16, 0x60, 0x27, 0x87, 0x5f, 0x58, 0x60, 0x30, 0x60, 0xcf, 0xaa, 0xfa,
  0xe0, 0x84, 0xc8, 0x78, 0x6f, 0x6c, 0x69, 0xee, 0xe0, 0x7a, 0x4d, 0x76,
  0xef, 0xe0, 0x5b, 0xdf, 0xf3, 0x06, 0x60, 0x6f, 0xe9, 0xd1, 0xc9, 0x74,
  0xef, 0xe0, 0x81, 0xaf, 0x6f, 0x6e, 0xe5, 0xe0, 0x72, 0xed, 0xee, 0x08,
  0x05, 0x60, 0x86, 0xf9, 0x42, 0xd4, 0x81, 0x6f, 0xeb, 0xe0, 0x6e, 0x36,
  0xe2, 0xe0, 0x47, 0x2e, 0x6d, 0x69, 0x65, 0xee, 0xe0, 0x81, 0x24, 0xec,
  0x04, 0xe0, 0x77, 0x7b, 0xef, 0xe0, 0x83, 0xd4, 0x6b, 0xe5, 0xe0, 0x7d,
  0x23, 0x67, 0x62, 0x6f, 0xe1, 0xe0, 0x6f, 0xf4, 0xe5, 0x03, 0x07, 0x88,
  0x6d, 0x6f, 0x6e, 0xf4, 0xe0, 0x80, 0xfc, 0x64, 0x6d, 0x6f, 0x6e, 0xf4,
  0xe0, 0x87, 0x3c, 0x62, 0x6f, 0xf8, 0xe0, 0x80, 0x36, 0xe3, 0x05, 0x0a,
  0xe0, 0x86, 0xad, 0xf4, 0x04, 0xe0, 0x73, 0x46, 0x75, 0xf2, 0xe0, 0x7b,
  0x50, 0x61, 0x72, 0xe4, 0xe0, 0x7c, 0xed, 0x61, 0xe3, 0xe0, 0x63, 0xb3,
  0xe8, 0x0a, 0x04, 0x0d, 0x07, 0x15, 0x07, 0x06, 0xe0, 0x89, 0x35, 0x79,
  0xf3, 0xcc, 0xe4, 0x78, 0x2e, 0x65, 0x6e, 0x73, 0x63, 0x61, 0x6c, 0x65,
  0xe4, 0xe0, 0x87, 0x3c, 0xf5, 0x60, 0x3d, 0xb8, 0xe0, 0x30, 0x5d, 0xef,
  0x04, 0xe0, 0x70, 0x8d, 0x74, 0xef, 0x06, 0x60, 0x86, 0x72, 0xc2, 0xd8,
  0x67, 0x72, 0x61, 0x70, 0xe8, 0xe0, 0x86, 0x9f, 0x69, 0x6c, 0x69, 0xf0,
  0xe0, 0x86, 0x66, 0xe4, 0x60, 0x84, 0x07, 0xc5, 0x33, 0x61, 0x72, 0x6d,
  0x61, 0xe3, 0x04, 0xe0, 0x86, 0x86, 0x69, 0x65, 0xee, 0x04, 0xe0, 0x88,
  0x66, 0xf3, 0xe0, 0x7b, 0x27, 0xe7, 0x07, 0x04, 0x04, 0x03, 0xe0, 0x68,
  0xc8, 0xf7, 0xe0, 0x88, 0xe0, 0xe6, 0xe0, 0x5b, 0x6d, 0xe1, 0xce, 0x85,
  0xae, 0xe0, 0x6e, 0x90, 0xe6, 0x06, 0x60, 0x84, 0x38, 0xc4, 0xcb, 0x69,
  0xfa, 0xe0, 0x72, 0x0f, 0xe5, 0x0c, 0x12, 0x27, 0x05, 0x09, 0x06, 0x06,
  0x60, 0x86, 0x96, 0xc2, 0x08, 0xf3, 0x02, 0x83, 0xe3, 0xde, 0x06, 0x61,
  0x72, 0xef, 0x02, 0x81, 0x2d, 0x75, 0x72, 0xe2, 0xe0, 0x77, 0xfb, 0xf2,
  0x04, 0x04, 0x12, 0x84, 0xf5, 0xe0, 0x50, 0x49, 0xf3, 0x02, 0x87, 0x70,
  0x65, 0x63, 0xf4, 0xe0, 0x33, 0xeb, 0x6f, 0xae, 0x60, 0x55, 0xf3, 0xe0,
  0x2e, 0xdd, 0xed, 0xe0, 0x75, 0xc9, 0xae, 0x60, 0x62, 0x0c, 0x59, 0xa4,
  0xc7, 0xdd, 0x70, 0xf0, 0xe0, 0x72, 0x7f, 0xee, 0x04, 0xe0, 0x4a, 0xaf,
  0xfa, 0xe0, 0x86, 0x63, 0x65, 0x77, 0xe5, 0xe0, 0x76, 0x5b, 0x63, 0x6f,
  0xf2, 0xe0, 0x5f, 0x85, 0xae, 0x60, 0x80, 0x93, 0x03, 0x42, 0x85, 0x43,
  0x21, 0xc0, 0x6f, 0xe4, 0x04, 0xe0, 0x68, 0xe3, 0x6e, 0xf3, 0xe0, 0x65,
  0x33, 0xe3, 0x02, 0x84, 0xe3, 0xe0, 0x85, 0xec, 0xae, 0x60, 0x83, 0x37,
  0x42, 0xe9, 0xc0, 0x95, 0x62, 0xae, 0x60, 0x59, 0x4d, 0x60, 0x27, 0x21,
  0x03, 0xc6, 0x3b, 0xe1, 0x11, 0x1a, 0x04, 0x05, 0x10, 0x40, 0x4c, 0x1a,
  0x0c, 0x40, 0x51, 0x08, 0x07, 0x29, 0xe0, 0x87, 0x2f, 0xf9, 0x06, 0x07,
  0x06, 0xe0, 0x88, 0x49, 0x77, 0x68, 0x69, 0xf2, 0xe0, 0x7d, 0x72, 0x6e,
  0x6f, 0xf7, 0xe0, 0x7a, 0x46, 0x6c, 0x6f, 0xe1, 0xe0, 0x36, 0x3c, 0xf6,
  0xe0, 0x80, 0x0c, 0x74, 0xf2, 0xe0, 0x85, 0x13, 0x73, 0x73, 0x65, 0x6e,
  0x67, 0x65, 0x72, 0x2d, 0x61, 0x73, 0x73, 0x6f, 0xe3, 0xe0, 0x67, 0xfb,
  0xf2, 0x09, 0x0f, 0x06, 0x04, 0x09, 0x07, 0xe0, 0x85, 0x1f, 0xf4, 0x06,
  0x04, 0x60, 0x85, 0x3d, 0xb2, 0xee, 0xe0, 0x52, 0x14, 0xe9, 0xe0, 0x73,
  0x6c, 0x6f, 0x63, 0xe8, 0xe0, 0x68, 0xa0, 0xed, 0xe0, 0x7f, 0xd5, 0x6c,
  0x69, 0x61, 0x6d, 0x65, 0xee, 0xe0, 0x45, 0xe9, 0x69, 0xf3, 0x60, 0x7b,
  0x67, 0xcc, 0x95, 0xe1, 0x06, 0x05, 0x06, 0xe0, 0x42, 0x84, 0x73, 0xe9,
  0xe0, 0x64, 0x9d, 0x6c, 0x6c, 0xe5, 0xe0, 0x60, 0x9f, 0x63, 0x68, 0x75,
  0xf4, 0xe0, 0x75, 0x0e, 0xee, 0x03, 0x09, 0x88, 0x74, 0x68, 0x65, 0x6f,
  0x6e, 0xf3, 0xe0, 0x70, 0xa6, 0x65, 0x6c, 0xae, 0x60, 0x6f, 0xb8, 0xcc,
  0x7a, 0x61, 0x73, 0xef, 0xc2, 0xc7, 0xec, 0x02, 0x84, 0xed, 0xe0, 0x6b,
  0x7c, 0x65, 0xf2, 0xe0, 0x72, 0x83, 0x67, 0xe5, 0x04, 0xe0, 0x87, 0xb2,
  0xf3, 0x03, 0x0e, 0x9e, 0x70, 0x65, 0x65, 0x64, 0x6d, 0x6f, 0x62, 0x69,
  0x6c, 0x69, 0xfa, 0xe0, 0x7b, 0xcf, 0xae, 0x07, 0x08, 0x09, 0x0f, 0xe0,
  0x7b, 0xdc, 0x77, 0x69, 0x61, 0x72, 0xe4, 0xe0, 0x5f, 0x36, 0x74, 0x6f,
  0x72, 0x70, 0x72, 0x6f, 0xea, 0xd3, 0x1e, 0x67, 0xe1, 0xe0, 0x64, 0x96,
  0x2d, 0x72, 0x65, 0x73, 0x65, 0x61, 0x72, 0x63, 0x68, 0x2e, 0x69, 0x74,
  0x2e, 0x68, 0x73, 0x2d, 0x68, 0x65, 0x69, 0x6c, 0x62, 0x72, 0x6f, 0xee,
  0xe0, 0x5a, 0x3a, 0xe4, 0x03, 0xdd, 0x0a, 0xf5, 0xe0, 0x7f, 0x2d, 0x62,
  0x69, 0x61, 0xee, 0xe0, 0x47, 0xdc, 0x61, 0x73, 0xae, 0x03, 0x0c, 0x8f,
  0x6d, 0x61, 0x73, 0x73, 0x69, 0x76, 0x65, 0x67, 0xf2, 0xe0, 0x61, 0x2e,
  0x68, 0x6f, 0x73, 0x74, 0x65, 0x64, 0x2d, 0x62, 0x79, 0x2d, 0x70, 0x72,
  0xe5, 0xc0, 0xcd, 0x62, 0x65, 0x65, 0x62, 0xf9, 0xe0, 0x70, 0x05, 0xae,
  0x60, 0x7b, 0xbc, 0x43, 0x68, 0x42, 0x25, 0x43, 0x84, 0xc0, 0x95, 0xae,
  0x07, 0x0d, 0x60, 0x72, 0x67, 0xd4, 0xa5, 0x74, 0x61, 0x77, 0xeb, 0x04,
  0xe0, 0x36, 0xb0, 0x74, 0xef, 0xe0, 0x36, 0xae, 0x61, 0x7a, 0x75, 0x72,
  0x65, 0x77, 0x65, 0x62, 0x73, 0x69, 0x74, 0xe5, 0xe0, 0x6c, 0xaf, 0xef,
  0x2a, 0x11, 0x38, 0x09, 0x2e, 0x10, 0x1e, 0x40, 0x67, 0x40, 0x8b, 0x41,
  0x70, 0x40, 0x5c, 0x1f, 0x41, 0x09, 0x40, 0x5b, 0x40, 0x40, 0x40, 0x63,
  0x0a, 0x30, 0x29, 0x40, 0x51, 0x40, 0x44, 0x2b, 0x22, 0x40, 0x5f, 0x18,
  0x0d, 0x60, 0x37, 0x74, 0xd2, 0x41, 0xfa, 0x05, 0x07, 0xe0, 0x83, 0x3d,
  0x75, 0xae, 0x60, 0x7d, 0xd2, 0xc3, 0x4b, 0xef, 0xe0, 0x84, 0x84, 0xf9,
  0x08, 0x0c, 0x05, 0x04, 0x15, 0xe0, 0x78, 0xb3, 0x73, 0x74, 0x72, 0x65,
  0x2d, 0x73, 0x6c, 0x69, 0xe4, 0xe0, 0x5a, 0x4e, 0x6f, 0xe4, 0xe0, 0x3e,
  0x5f, 0x67, 0xe1, 0xdb, 0xd1, 0xe1, 0x07, 0x60, 0x24, 0x71, 0xe0, 0x60,
  0xac, 0x6d, 0xe1, 0x04, 0xe0, 0x78, 0xde, 0x7a, 0x61, 0x6b, 0xe9, 0xe0,
  0x75, 0x1e, 0x2e, 0xec, 0xe0, 0x72, 0x68, 0xf8, 0x04, 0xe0, 0x31, 0xa2,
  0xae, 0xe0, 0x65, 0x00, 0xf7, 0x03, 0x09, 0x93, 0x6f, 0x2e, 0x63, 0x6f,
  0x64, 0xe5, 0xe0, 0x82, 0x6d, 0xee, 0x05, 0x08, 0xe0, 0x5d, 0xbd, 0x70,
  0x72, 0x6f, 0x76, 0xe9, 0xe0, 0x7a, 0x95, 0x2e, 0xf0, 0xe0, 0x85, 0x53,
  0xe1, 0x02, 0x87, 0x72, 0x69, 0x61, 0x73, 0xe1, 0xc5, 0x90, 0xee, 0xe0,
  0x40, 0x9f, 0xf6, 0x06, 0x4d, 0xbb, 0xe0, 0x75, 0x93, 0x65, 0x72, 0x68,
  0x61, 0x6c, 0xec, 0xe0, 0x7e, 0x79, 0xf5, 0x04, 0x09, 0x07, 0x84, 0x74,
  0x73, 0x79, 0x73, 0x74, 0x65, 0xed, 0xd1, 0x5c, 0xed, 0x60, 0x43, 0x96,
  0xe0, 0x3d, 0x0b, 0xe4, 0xe0, 0x38, 0xc9, 0x63, 0xe8, 0xe0, 0x4a, 0x18,
  0xf4, 0x0a, 0x17, 0x18, 0x07, 0x04, 0x60, 0x83, 0x7f, 0xc0, 0x5a, 0x73,
  0xf5, 0x05, 0x0c, 0xe0, 0x7f, 0x17, 0xeb, 0x04, 0xe0, 0x84, 0x20, 0x69,
  0xae, 0x60, 0x66, 0x86, 0xd7, 0xe0, 0xe3, 0xe0, 0x2c, 0x82, 0xef, 0x09,
  0x04, 0x04, 0x60, 0x3b, 0x55, 0xe0, 0x30, 0xcf, 0xf9, 0xe0, 0x3d, 0xcc,
  0xe9, 0xe0, 0x23, 0xfb, 0x66, 0x75, 0xeb, 0xe0, 0x66, 0xdd, 0x68, 0x65,
  0x72, 0xae, 0xe0, 0x78, 0xd9, 0xe5, 0xe0, 0x79, 0x4a, 0xe1, 0x09, 0x06,
  0x04, 0x60, 0x25, 0x70, 0xe0, 0x41, 0x41, 0xf2, 0x60, 0x80, 0x42, 0xc2,
  0x0f, 0xf0, 0xe0, 0x64, 0x0d, 0xeb, 0x04, 0xe0, 0x23, 0xab, 0x69, 0xae,
  0x60, 0x79, 0x4f, 0x48, 0xf4, 0xc1, 0x48, 0xf3, 0x0a, 0x21, 0x05, 0x16,
  0x09, 0x06, 0x25, 0xe0, 0x7b, 0x4b, 0xf4, 0x03, 0xc7, 0x54, 0xf2, 0x02,
  0x93, 0xef, 0x06, 0x47, 0x26, 0xe0, 0x52, 0xf2, 0xf7, 0x04, 0xe0, 0x6d,
  0xf1, 0x77, 0x6c, 0x6b, 0xf0, 0xe0, 0x80, 0x02, 0x65, 0x2d, 0x74, 0xef,
  0xe0, 0x3a, 0xf0, 0x6f, 0xf9, 0xe0, 0x24, 0x89, 0xe8, 0x02, 0x84, 0xf5,
  0xe0, 0x4a, 0x20, 0xe9, 0x02, 0x84, 0xee, 0xe0, 0x49, 0xe9, 0x6d, 0x61,
  0xae, 0x60, 0x81, 0xc3, 0xc1, 0x44, 0xe5, 0x04, 0xe0, 0x7d, 0x98, 0xf4,
  0xe0, 0x44, 0x89, 0x63, 0x68, 0xf2, 0xe0, 0x42, 0xcd, 0xe1, 0x02, 0x85,
  0x73, 0xe3, 0xe0, 0x76, 0x74, 0xeb, 0x02, 0x8c, 0xe9, 0x04, 0xe0, 0x48,
  0xb5, 0x6b, 0x61, 0x6d, 0xe9, 0xe0, 0x51, 0x99, 0xe1, 0x06, 0x60, 0x83,
  0x55, 0xc1, 0xf6, 0x73, 0x61, 0x79, 0xe1, 0xe0, 0x2c, 0x69, 0x2e, 0xe8,
  0x02, 0x87, 0x6f, 0x72, 0x64, 0xe1, 0xe0, 0x75, 0xf5, 0x65, 0xe4, 0xe0,
  0x78, 0x89, 0xf2, 0x0b, 0x04, 0x0d, 0x06, 0x0b, 0x40, 0xef, 0x3c, 0xe0,
  0x74, 0x94, 0xf8, 0xe0, 0x81, 0x91, 0xf3, 0x07, 0x60, 0x54, 0x4c, 0xe0,
  0x29, 0x01, 0x69, 0xf4, 0xe0, 0x83, 0xc9, 0xeb, 0x60, 0x6c, 0x64, 0xcf,
  0xef, 0xe9, 0x02, 0x84, 0x73, 0xf4, 0xd8, 0xb4, 0xe7, 0xe0, 0x71, 0xc7,
  0xe7, 0x05, 0x06, 0xe0, 0x84, 0xfa, 0x61, 0x6e, 0xe9, 0xe0, 0x82, 0xca,
  0xae, 0x21, 0x06, 0x0a, 0x19, 0x09, 0x0c, 0x17, 0x0f, 0x0c, 0x0a, 0x12,
  0x0e, 0x13, 0x4a, 0xf7, 0x60, 0x49, 0x0c, 0x2d, 0x40, 0x46, 0x12, 0x4b,
  0x17, 0x04, 0x14, 0x28, 0x40, 0x78, 0x5b, 0x41, 0xc5, 0x84, 0xf9, 0x60,
  0x83, 0x28, 0xc1, 0x5a, 0xf5, 0x60, 0x81, 0xf2, 0x0a, 0x2f, 0x40, 0xb7,
  0xc1, 0xee, 0xf3, 0x60, 0x43, 0x04, 0x60, 0x35, 0x5c, 0x48, 0x09, 0x41,
  0x5f, 0x20, 0x07, 0x03, 0x17, 0x18, 0x10, 0x40, 0x8e, 0x19, 0x20, 0x20,
  0x3a, 0xc1, 0x74, 0xf2, 0x60, 0x81, 0xd6, 0x3f, 0x40, 0xca, 0xc0, 0xf4,
  0xee, 0x60, 0x81, 0xc6, 0x40, 0x65, 0x40, 0x8b, 0x40, 0x5b, 0xc1, 0x93,
  0xed, 0x60, 0x7b, 0x62, 0x44, 0xd9, 0x41, 0x7f, 0x07, 0x03, 0x17, 0x18,
  0x0d, 0x40, 0x91, 0x19, 0x20, 0x20, 0x3a, 0x40, 0x40, 0xc1, 0x34, 0xeb,
  0x60, 0x81, 0x83, 0x20, 0x1e, 0x1b, 0x0d, 0x1f, 0x40, 0x95, 0x40, 0x70,
  0xc1, 0x74, 0xe9, 0x60, 0x60, 0x7b, 0x60, 0x21, 0x37, 0x03, 0x40, 0xef,
  0x3b, 0x9f, 0xe8, 0x60, 0x81, 0x92, 0x40, 0xcd, 0x40, 0x93, 0xc0, 0x40,
  0xe7, 0x60, 0x81, 0x5e, 0x40, 0x41, 0x18, 0x2c, 0x40, 0x72, 0x23, 0x36,
  0x1b, 0x1f, 0x40, 0x40, 0xc1, 0x34, 0xe3, 0x60, 0x7f, 0xed, 0x41, 0xb8,
  0x0d, 0x1f, 0x40, 0xab, 0x40, 0x5a, 0xc0, 0x40, 0xe2, 0x60, 0x77, 0xd6,
  0x49, 0x68, 0x20, 0x07, 0x17, 0x0f, 0x19, 0x03, 0x1c, 0x40, 0x72, 0x19,
  0x20, 0x3b, 0x9f, 0xe1, 0x60, 0x77, 0x1c, 0x4a, 0x2f, 0x1e, 0x03, 0x40,
  0x44, 0x40, 0x47, 0x40, 0x64, 0x20, 0x1b, 0x40, 0x5f, 0xc1, 0x34, 0xe1,
  0x05, 0x11, 0xe0, 0x79, 0x8e, 0x6e, 0x67, 0xe5, 0x04, 0xe0, 0x84, 0x0a,
  0x63, 0x6c, 0x6f, 0x75, 0x64, 0x2e, 0xf4, 0xe0, 0x76, 0xbf, 0x63, 0x6c,
  0xe5, 0x05, 0x15, 0xe0, 0x83, 0xe3, 0x67, 0x6f, 0x76, 0x63, 0x6c, 0x6f,
  0x75, 0x64, 0x61, 0x70, 0x70, 0x73, 0xae, 0x04, 0xe0, 0x83, 0xe0, 0xf5,
  0xe0, 0x7b, 0xbe, 0x63, 0x6c, 0x6f, 0x75, 0xe4, 0xe0, 0x72, 0x27, 0xae,
  0x12, 0x4b, 0x50, 0x60, 0x2a, 0x8c, 0x4e, 0x03, 0x50, 0xb8, 0x60, 0x2c,
  0x2f, 0x36, 0x40, 0x51, 0xc0, 0x86, 0xed, 0xe0, 0x82, 0x92, 0xf0, 0x05,
  0x09, 0x0b, 0x05, 0xb8, 0xf0, 0x04, 0xe0, 0x7a, 0xf6, 0xe5, 0xe0, 0x7b,
  0x71, 0xef, 0x02, 0x84, 0xec, 0xe0, 0x42, 0xf7, 0xe3, 0xe0, 0x43, 0xd6,
  0x69, 0xeb, 0xe0, 0x83, 0x50, 0xe5, 0x02, 0x86, 0x72, 0x61, 0x75, 0xee,
  0xdc, 0xb1, 0xee, 0x06, 0x09, 0x08, 0xe0, 0x83, 0x84, 0x74, 0x75, 0x6e,
  0x6e, 0x65, 0xec, 0xe0, 0x4e, 0x94, 0x73, 0x6f, 0x63, 0x69, 0xe1, 0xe0,
  0x5d, 0x78, 0xe3, 0x02, 0x8d, 0x72, 0x61, 0x66, 0x74, 0x2e, 0x68, 0x6f,
  0x73, 0x74, 0xe9, 0xe0, 0x61, 0x35, 0x6c, 0x6f, 0x75, 0xe4, 0xe0, 0x6a,
  0xe2, 0x61, 0xec, 0xe0, 0x45, 0x6b, 0xef, 0x0a, 0x06, 0x04, 0x05, 0x60,
  0x40, 0xae, 0xe0, 0x40, 0xd1, 0x73, 0x68, 0xe9, 0xe0, 0x35, 0xc7, 0xf0,
  0xe0, 0x64, 0x74, 0x6b, 0xf5, 0xe0, 0x28, 0x68, 0x67, 0xf5, 0xe0, 0x62,
  0x68, 0xee, 0x16, 0x03, 0x09, 0x09, 0x18, 0x1d, 0x06, 0x12, 0x0a, 0x09,
  0x0f, 0x08, 0x05, 0x18, 0x60, 0x2c, 0xb2, 0x60, 0x49, 0xff, 0xca, 0x29,
  0xfa, 0xc0, 0x87, 0x74, 0x68, 0x65, 0x77, 0x69, 0xe6, 0xe0, 0x77, 0x49,
  0x70, 0x6f, 0x72, 0x74, 0x65, 0xf2, 0xe0, 0x58, 0xe9, 0xef, 0x05, 0x04,
  0xe0, 0x64, 0x6c, 0xed, 0xe0, 0x3c, 0xff, 0xae, 0x04, 0xe0, 0x7d, 0x55,
  0x66, 0x75, 0x6b, 0xf5, 0x60, 0x7b, 0xfd, 0xc4, 0x9f, 0xec, 0x04, 0xe0,
  0x83, 0x00, 0x69, 0x6e, 0xe5, 0x05, 0x07, 0xe0, 0x82, 0xf1, 0xae, 0x60,
  0x37, 0xa1, 0xe0, 0x23, 0xec, 0x2d, 0x73, 0x65, 0x72, 0x76, 0xe5, 0xe0,
  0x37, 0x7a, 0x6a, 0x75, 0xeb, 0xe0, 0x46, 0x16, 0xe9, 0x05, 0x08, 0xe0,
  0x73, 0xbe, 0x6e, 0x66, 0x65, 0x72, 0xee, 0xe0, 0x76, 0xae, 0xe4, 0xe0,
  0x6a, 0x91, 0x68, 0x65, 0x72, 0x63, 0x75, 0x6c, 0xe5, 0xe0, 0x43, 0x57,
  0xe7, 0x60, 0x3e, 0x1d, 0x60, 0x43, 0x12, 0xc1, 0x96, 0x64, 0x69, 0x67,
  0x69, 0x74, 0x61, 0x6c, 0x6f, 0x63, 0x65, 0x61, 0xee, 0xe0, 0x7b, 0xb6,
  0x63, 0x69, 0x6c, 0x6c, 0xe1, 0xe0, 0x66, 0xfa, 0x61, 0xe7, 0xe0, 0x45,
  0xfd, 0xae, 0x08, 0x08, 0x60, 0x57, 0x08, 0xe0, 0x22, 0x3e, 0x73, 0x74,
  0x61, 0x67, 0x69, 0x6e, 0x67, 0x2e, 0x65, 0x78, 0x70, 0xef, 0xe0, 0x7b,
  0x91, 0xad, 0x09, 0x06, 0x0a, 0x11, 0x06, 0x0f, 0xe0, 0x81, 0x87, 0x76,
  0x61, 0xf0, 0xe0, 0x71, 0x36, 0x74, 0x68, 0x65, 0x2d, 0x77, 0x65, 0xe2,
  0xe0, 0x6d, 0x00, 0xf2, 0x02, 0x85, 0x69, 0xef, 0xe0, 0x70, 0xa3, 0x61,
  0x6e, 0x63, 0x68, 0x65, 0xf2, 0xe0, 0x6d, 0x6f, 0x6b, 0x33, 0xf3, 0xe0,
  0x70, 0x94, 0xe6, 0x02, 0x85, 0x6f, 0xf2, 0xe0, 0x64, 0xed, 0x6c, 0x65,
  0x65, 0xeb, 0xe0, 0x7b, 0x51, 0x61, 0x70, 0x74, 0x69, 0x62, 0xec, 0xe0,
  0x6b, 0x31, 0xed, 0x0a, 0x06, 0x05, 0x05, 0x21, 0x06, 0x07, 0xe0, 0x81,
  0xf7, 0xf5, 0x56, 0xe7, 0xe0, 0x26, 0xa4, 0x6f, 0x74, 0xe5, 0xca, 0xa9,
  0x6e, 0x69, 0xf7, 0xc3, 0xbc, 0xe9, 0x08, 0x06, 0x0b, 0x60, 0x3c, 0xcb,
  0xc9, 0x44, 0x74, 0x61, 0xed, 0xe0, 0x38, 0xfb, 0x68, 0x61, 0x63, 0x68,
  0x69, 0x6d, 0x61, 0xee, 0xe0, 0x7b, 0x1d, 0x2e, 0xee, 0x60, 0x7d, 0x01,
  0xc1, 0x86, 0x67, 0x2e, 0xec, 0xe0, 0x59, 0x0f, 0xe5, 0x60, 0x30, 0xe7,
  0xe0, 0x4d, 0x5b, 0xe1, 0x05, 0x03, 0xe0, 0x56, 0x8c, 0xe5, 0xd6, 0x98,
  0x63, 0x68, 0x69, 0xae, 0x60, 0x75, 0x30, 0xc9, 0x37, 0xec, 0x0a, 0x07,
  0x06, 0x04, 0x05, 0x05, 0x0d, 0xe0, 0x7f, 0xd5, 0x79, 0x6d, 0x70, 0xe9,
  0xe0, 0x64, 0x52, 0x73, 0x7a, 0xf4, 0xe0, 0x62, 0x1b, 0xec, 0xe0, 0x7f,
  0xfd, 0x6b, 0xf5, 0xe0, 0x28, 0x5a, 0x65, 0xe3, 0xe0, 0x22, 0xaf, 0x62,
  0x69, 0xe1, 0x02, 0x81, 0x2d, 0x74, 0x65, 0x6d, 0xf0, 0xe0, 0x66, 0xba,
  0xe1, 0x04, 0xe0, 0x6b, 0xe6, 0x79, 0x61, 0xee, 0x5f, 0xa2, 0xe0, 0x62,
  0x08, 0xeb, 0x0c, 0x10, 0x18, 0x0b, 0x45, 0xd3, 0x60, 0x42, 0x66, 0xe0,
  0x31, 0xe1, 0xf5, 0x05, 0x04, 0xe0, 0x21, 0x31, 0xf4, 0xe0, 0x39, 0x9c,
  0x69, 0x7a, 0xf5, 0xe0, 0x39, 0xc7, 0xe9, 0x04, 0xe0, 0x67, 0xb5, 0xee,
  0x02, 0x83, 0xef, 0xc5, 0xf8, 0x61, 0x77, 0xe1, 0x04, 0xe0, 0x81, 0x76,
  0xae, 0x60, 0x7c, 0x14, 0xc3, 0x6c, 0xe5, 0x06, 0x60, 0x22, 0x91, 0xdc,
  0x39, 0x67, 0xe1, 0xca, 0x25, 0xe1, 0x04, 0x05, 0x0e, 0x88, 0x7a, 0xe1,
  0xe0, 0x2c, 0xd0, 0x79, 0xe1, 0x04, 0xe0, 0x7d, 0xd1, 0x6d, 0x61, 0xae,
  0x60, 0x79, 0xed, 0xc5, 0x70, 0x77, 0x61, 0xae, 0x60, 0x73, 0x88, 0xc6,
  0x1b, 0xe7, 0xd0, 0xe1, 0x6a, 0xe9, 0x04, 0xe0, 0x77, 0x35, 0xf9, 0xe0,
  0x2b, 0xfc, 0xe9, 0x08, 0x04, 0x08, 0x0b, 0x0c, 0xe0, 0x7b, 0x68, 0x7a,
  0xf5, 0xd2, 0x96, 0x74, 0x61, 0xae, 0x60, 0x6b, 0xf7, 0xd3, 0x3c, 0xf3,
  0x04, 0xe0, 0x3c, 0xb2, 0x68, 0x69, 0xe4, 0xe0, 0x44, 0xc5, 0xf2, 0x02,
  0x84, 0xed, 0xe0, 0x3e, 0x75, 0x61, 0xf3, 0xe0, 0x40, 0x82, 0xe1, 0xe0,
  0x3e, 0x6c, 0xe8, 0x0a, 0x05, 0x06, 0x0e, 0x60, 0x3b, 0xf3, 0xe0, 0x3d,
  0xa6, 0x74, 0x61, 0xf7, 0xc8, 0xfb, 0x6b, 0x75, 0xf2, 0xe0, 0x44, 0x9f,
  0xe9, 0x04, 0xe0, 0x52, 0x02, 0x72, 0x61, 0xae, 0x60, 0x44, 0x47, 0xe0,
  0x2e, 0xeb, 0x61, 0xf2, 0xe0, 0x61, 0xda, 0xe7, 0x08, 0x10, 0x0b, 0x07,
  0x1f, 0xe0, 0x57, 0x3f, 0xf5, 0x02, 0x88, 0x6e, 0x69, 0xae, 0x60, 0x73,
  0x73, 0xc4, 0x63, 0x63, 0xe8, 0xe0, 0x79, 0xe0, 0xef, 0x02, 0x84, 0xf3,
  0xe0, 0x25, 0x84, 0xf2, 0xe0, 0x32, 0x29, 0xe9, 0x60, 0x3d, 0x0e, 0xe0,
  0x36, 0xf1, 0xe1, 0x0a, 0x0a, 0x06, 0x60, 0x3c, 0x49, 0x48, 0x9f, 0xd3,
  0xb0, 0x77, 0xe1, 0x04, 0xe0, 0x32, 0x30, 0xf2, 0xe0, 0x43, 0xfd, 0x73,
  0x61, 0xf7, 0xe0, 0x37, 0xf2, 0xeb, 0xe0, 0x76, 0x18, 0xae, 0x60, 0x51,
  0x69, 0xe0, 0x2c, 0xca, 0xe6, 0x03, 0x08, 0xaa, 0x75, 0x6e, 0x61, 0x74,
  0xef, 0xe0, 0x45, 0x1b, 0xe6, 0x02, 0xa3, 0x69, 0xe3, 0x02, 0x91, 0x69,
  0x61, 0x6c, 0xae, 0x04, 0xe0, 0x6c, 0x4c, 0x61, 0x63, 0x61, 0x64, 0x65,
  0xed, 0xe0, 0x5d, 0x7e, 0xe5, 0x04, 0xe0, 0x80, 0x65, 0x2d, 0x6f, 0x6e,
  0x2d, 0x74, 0xe8, 0xe0, 0x7c, 0x77, 0xae, 0xe0, 0x61, 0x85, 0xae, 0x05,
  0x04, 0xe0, 0x7e, 0x7e, 0xea, 0xe0, 0x7f, 0xb7, 0xe2, 0xe0, 0x7d, 0xa7,
  0xe4, 0x08, 0x0d, 0x0a, 0x60, 0x57, 0xb5, 0xca, 0x33, 0xef, 0x02, 0x84,
  0xee, 0xe0, 0x73, 0x54, 0xae, 0x60, 0x73, 0xa5, 0xca, 0xff, 0x65, 0xf3,
  0x04, 0xe0, 0x59, 0xce, 0xf3, 0xe0, 0x59, 0xcd, 0xe1, 0x02, 0x84, 0xf7,
  0xe0, 0x2c, 0x0f, 0xf4, 0xe0, 0x3f, 0xc1, 0xe3, 0x05, 0x02, 0x02, 0x0d,
  0x84, 0xf3, 0x84, 0xf0, 0x82, 0x69, 0x2e, 0x63, 0x75, 0x73, 0x74, 0x6f,
  0x6d, 0x65, 0xf2, 0xe0, 0x58, 0xe6, 0xe8, 0xe0, 0x41, 0xff, 0x65, 0x6c,
  0x6f, 0xf4, 0xe0, 0x64, 0x51, 0xe2, 0x06, 0x09, 0x11, 0x04, 0x1e, 0x8c,
  0xf5, 0x04, 0xe0, 0x79, 0x09, 0xf3, 0xe0, 0x20, 0x3a, 0x73, 0x65, 0x72,
  0xf6, 0x04, 0xe0, 0x68, 0xf3, 0x61, 0x62, 0x6c, 0x65, 0x68, 0xf1, 0xe0,
  0x75, 0x4f, 0xee, 0xe0, 0x77, 0xf5, 0xea, 0x02, 0x96, 0x65, 0x63, 0x74,
  0x73, 0xae, 0x02, 0x84, 0x72, 0x6d, 0xe1, 0x88, 0x6c, 0xf0, 0x04, 0xe0,
  0x74, 0x27, 0x67, 0xae, 0xe0, 0x58, 0xea, 0x2e, 0xe1, 0xe0, 0x7c, 0x80,
  0xe9, 0x06, 0x60, 0x7d, 0x71, 0xc2, 0x42, 0x68, 0xe9, 0xe0, 0x71, 0xe0,
  0xe1, 0x02, 0x85, 0x6e, 0x61, 0xfa, 0xd5, 0x78, 0x6d, 0x61, 0xae, 0x60,
  0x50, 0xb9, 0xd0, 0x56, 0xe1, 0x05, 0x05, 0xe0, 0x70, 0x54, 0x72, 0xe1,
  0xe0, 0x60, 0xe8, 0x6d, 0x69, 0x73, 0x68, 0x69, 0x72, 0x61, 0x73, 0x61,
  0xf4, 0xe0, 0x7d, 0x4c, 0x33, 0x36, 0x35, 0x2e, 0x63, 0x6c, 0x6f, 0x75,
  0x64, 0xae, 0xe0, 0x5e, 0x8e, 0x30, 0xef, 0xe0, 0x7f, 0x31, 0xee, 0x1f,
  0x0b, 0x29, 0x12, 0x1a, 0x1d, 0x14, 0x08, 0x42, 0xad, 0x04, 0x16, 0x09,
  0x41, 0x50, 0x1c, 0x40, 0x41, 0x12, 0x41, 0xba, 0x0b, 0x06, 0x5c, 0x36,
  0x60, 0x26, 0x67, 0x58, 0xfa, 0xa6, 0xfa, 0x04, 0xe0, 0x7f, 0x4f, 0xae,
  0x60, 0x6f, 0xf0, 0xc7, 0x5a, 0xf9, 0x09, 0x07, 0x04, 0x0a, 0x57, 0x3c,
  0xe0, 0x60, 0xa3, 0x75, 0x7a, 0x65, 0xee, 0xe0, 0x43, 0x1c, 0xf3, 0xe0,
  0x6c, 0xf4, 0xe3, 0x04, 0xe0, 0x7f, 0x2f, 0x2e, 0xed, 0xe0, 0x71, 0xe9,
  0xe1, 0x02, 0x84, 0xf4, 0xe0, 0x78, 0x2b, 0xee, 0xc4, 0x37, 0xf8, 0x02,
  0x86, 0x61, 0x2e, 0xe5, 0xe0, 0x34, 0x43, 0xae, 0x04, 0xe0, 0x79, 0xa0,
  0xe7, 0xe0, 0x5d, 0xa5, 0xf5, 0x07, 0x04, 0x53, 0x4f, 0xe0, 0x6b, 0xb3,
  0xef, 0xe0, 0x62, 0xeb, 0x6d, 0xe1, 0x04, 0xe0, 0x22, 0xba, 0x74, 0x61,
  0xae, 0x60, 0x74, 0x88, 0xc8, 0x73, 0xf4, 0x06, 0x04, 0x08, 0xe0, 0x7c,
  0xd9, 0xf2, 0xe0, 0x7b, 0x1e, 0x64, 0x6c, 0x6c, 0x2e, 0xf4, 0xe0, 0x6b,
  0x1c, 0xae, 0x60, 0x75, 0x96, 0x45, 0xbd, 0x04, 0x41, 0xb4, 0x85, 0xf3,
  0x07, 0x04, 0x60, 0x62, 0x24, 0xc8, 0x09, 0xf7, 0xe0, 0x7b, 0x3e, 0x75,
  0x70, 0x64, 0x61, 0xf4, 0xe0, 0x6b, 0x56, 0xf2, 0x60, 0x7c, 0x29, 0x40,
  0xaa, 0xc1, 0xef, 0xef, 0x18, 0x0c, 0x20, 0x0f, 0x40, 0xfa, 0x14, 0x40,
  0x83, 0x09, 0x08, 0x40, 0x45, 0x04, 0x08, 0x11, 0x08, 0x25, 0x14, 0x60,
  0x66, 0x8e, 0xd5, 0x94, 0x7a, 0x61, 0x77, 0x61, 0x6f, 0x6e, 0x73, 0x65,
  0xee, 0xe0, 0x7b, 0x15, 0xf7, 0x09, 0x04, 0x05, 0x07, 0x60, 0x66, 0x69,
  0xd8, 0x13, 0xf4, 0xe0, 0x7a, 0x2d, 0x72, 0xf5, 0xe0, 0x7b, 0xa7, 0x61,
  0x72, 0x75, 0xe4, 0xe0, 0x6c, 0x3c, 0x2d, 0x64, 0xee, 0xe0, 0x21, 0x19,
  0xf6, 0x06, 0x53, 0x88, 0xe0, 0x66, 0xcc, 0x65, 0x63, 0x6f, 0x72, 0xe5,
  0xe0, 0x75, 0x08, 0xf4, 0x09, 0x05, 0x0f, 0x1a, 0x40, 0xbb, 0xe0, 0x7b,
  0xde, 0x74, 0xe5, 0xe0, 0x6d, 0x6f, 0xef, 0x05, 0x05, 0xe0, 0x74, 0x70,
  0x67, 0x61, 0xf7, 0xde, 0xb5, 0xe4, 0xe0, 0x39, 0x7b, 0xe9, 0x02, 0x84,
  0xef, 0xe0, 0x64, 0x3e, 0xe3, 0x02, 0x86, 0x69, 0x61, 0xf3, 0xe0, 0x7b,
  0x14, 0x65, 0x61, 0x62, 0x6c, 0x65, 0x2e, 0xee, 0xe0, 0x79, 0xe1, 0x65,
  0x62, 0x6f, 0x6f, 0xeb, 0x03, 0xc0, 0x8f, 0xae, 0x07, 0x05, 0x07, 0x04,
  0x20, 0x20, 0xbf, 0x73, 0x61, 0xad, 0xc0, 0x99, 0x6d, 0x65, 0xad, 0x40,
  0x78, 0xda, 0x20, 0x69, 0xec, 0xda, 0x91, 0x65, 0x75, 0xad, 0x04, 0x04,
  0x07, 0x85, 0x77, 0xe5, 0xc0, 0x5b, 0x73, 0x6f, 0x75, 0x74, 0xe8, 0xda,
  0x9f, 0x6e, 0x6f, 0xf2, 0xc0, 0x5e, 0x63, 0x65, 0x6e, 0x74, 0x72, 0x61,
  0xec, 0xda, 0x91, 0xe3, 0x03, 0xc0, 0x6c, 0x6e, 0x2d, 0x6e, 0x6f, 0x72,
  0x74, 0xe8, 0x02, 0x84, 0x77, 0x65, 0x73, 0x74, 0x2d, 0x31, 0x2e, 0x73,
  0x61, 0x67, 0x65, 0x6d, 0x61, 0x6b, 0x65, 0xf2, 0xe0, 0x5b, 0xdf, 0xe1,
  0x02, 0xab, 0x70, 0xad, 0x03, 0x15, 0xaf, 0x73, 0x6f, 0x75, 0x74, 0xe8,
  0x03, 0xda, 0x5f, 0x65, 0x61, 0x73, 0x74, 0xad, 0x05, 0x11, 0x5a, 0x47,
  0x82, 0xb4, 0xda, 0x5a, 0x6e, 0x6f, 0x72, 0x74, 0x68, 0x65, 0x61, 0x73,
  0x74, 0xad, 0x04, 0x5a, 0x47, 0x82, 0xb3, 0xda, 0x49, 0x66, 0x2d, 0x73,
  0x6f, 0x75, 0x74, 0xe8, 0xda, 0x2f, 0x2d, 0x66, 0x69, 0x70, 0x73, 0xae,
  0x02, 0x90, 0x75, 0x73, 0xad, 0x04, 0x5a, 0x04, 0xa1, 0x67, 0x6f, 0x76,
  0xad, 0x02, 0x89, 0x65, 0xe1, 0x89, 0x63, 0x61, 0xad, 0x03, 0xd9, 0xfb,
  0x77, 0x65, 0x73, 0xf4, 0xda, 0x0b, 0x61, 0x69, 0x72, 0x65, 0xf3, 0xd1,
  0x48, 0xf3, 0x02, 0x86, 0x68, 0x69, 0xf2, 0xe0, 0x41, 0xa5, 0xe5, 0x04,
  0xe0, 0x7b, 0x40, 0x67, 0x61, 0xf7, 0xe0, 0x2f, 0xf7, 0xf2, 0x04, 0x09,
  0x35, 0x89, 0x77, 0x61, 0xf9, 0x60, 0x28, 0xd4, 0xe0, 0x44, 0xf5, 0xf4,
  0x04, 0xe0, 0x6e, 0x30, 0xe8, 0x06, 0x08, 0x13, 0xe0, 0x4e, 0xa1, 0x66,
  0x6c, 0x61, 0x6e, 0xeb, 0xe0, 0x68, 0x50, 0xe5, 0x02, 0x87, 0x75, 0x72,
  0x6f, 0xf0, 0xe0, 0x4e, 0xaa, 0x61, 0x73, 0x74, 0x75, 0x73, 0xb5, 0xe0,
  0x6d, 0xae, 0x63, 0x65, 0x6e, 0x74, 0x72, 0x61, 0x6c, 0x75, 0xf3, 0x60,
  0x4e, 0x91, 0xdf, 0x11, 0x65, 0x2d, 0x6f, 0x67, 0x2d, 0xf5, 0xe0, 0x74,
  0x4c, 0xe4, 0x07, 0x0c, 0x04, 0x0c, 0xe0, 0x74, 0x26, 0x72, 0xe5, 0x02,
  0x84, 0xe9, 0xe0, 0x3f, 0xb3, 0xad, 0xe0, 0x6d, 0xb5, 0x6b, 0xe1, 0xdd,
  0xe8, 0x65, 0x73, 0x74, 0x65, 0x2d, 0x69, 0x64, 0x63, 0xae, 0xe0, 0x25,
  0xfe, 0xad, 0x03, 0x04, 0x86, 0xef, 0xe0, 0x74, 0x21, 0x66, 0x72, 0xef,
  0xe0, 0x75, 0x03, 0x61, 0xf5, 0xe0, 0x4a, 0x1e, 0xef, 0x04, 0xe0, 0x66,
  0x9b, 0xf0, 0xe0, 0x75, 0xd5, 0x6e, 0x6f, 0x69, 0x63, 0xe8, 0xe0, 0x38,
  0x09, 0xed, 0x06, 0x07, 0x05, 0xe0, 0x37, 0xf3, 0x65, 0xae, 0x60, 0x2c,
  0x92, 0xc3, 0x7a, 0x62, 0xf2, 0xe0, 0x52, 0xea, 0xae, 0x16, 0x04, 0x08,
  0x06, 0x04, 0x5b, 0x99, 0x60, 0x33, 0xd8, 0x5e, 0xdc, 0x1c, 0x20, 0x40,
  0xea, 0x40, 0x90, 0x47, 0x4c, 0xc3, 0x61, 0xf4, 0xe0, 0x79, 0xd9, 0xf0,
  0x60, 0x79, 0xd8, 0x40, 0xcf, 0xc0, 0x40, 0xee, 0x60, 0x7a, 0x14, 0xc0,
  0x47, 0xe9, 0xe0, 0x7a, 0xb9, 0x62, 0xf2, 0xe0, 0x5c, 0x3d, 0xeb, 0xe0,
  0x6e, 0xa6, 0x69, 0x70, 0xae, 0x60, 0x63, 0xec, 0xd6, 0x69, 0xe8, 0x02,
  0x89, 0xef, 0x04, 0xe0, 0x35, 0x9f, 0xf3, 0xe0, 0x56, 0x38, 0x65, 0xea,
  0xe0, 0x36, 0xae, 0xe7, 0x47, 0xdf, 0x60, 0x28, 0x2c, 0xc7, 0xad, 0xe4,
  0x02, 0x9a, 0xe5, 0x02, 0x88, 0x73, 0x2e, 0x6b, 0x38, 0xf3, 0xe0, 0x59,
  0x06, 0x62, 0x61, 0x6c, 0x61, 0x6e, 0x63, 0x65, 0x72, 0x2e, 0x6c, 0x69,
  0xee, 0xe0, 0x62, 0xed, 0x61, 0xae, 0x60, 0x40, 0xd3, 0xe0, 0x39, 0x2e,
  0xe2, 0x03, 0x06, 0x86, 0x75, 0x73, 0xe8, 0xe0, 0x53, 0x13, 0x6f, 0x72,
  0xe9, 0xe0, 0x76, 0x91, 0x65, 0xef, 0xca, 0x23, 0x2d, 0x69, 0x70, 0xae,
  0x0a, 0x60, 0x68, 0xa6, 0x4f, 0xd9, 0x40, 0x56, 0xc2, 0xe8, 0xe3, 0x60,
  0x68, 0x8b, 0xcf, 0xc4, 0xed, 0xe0, 0x34, 0x9e, 0xec, 0x05, 0x08, 0xe0,
  0x7b, 0xfc, 0xae, 0x60, 0x72, 0xb9, 0x41, 0x46, 0xc6, 0x34, 0x2d, 0x61,
  0x6d, 0x73, 0xad, 0xe0, 0x42, 0x8f, 0xea, 0x04, 0xe0, 0x74, 0xa4, 0xf3,
  0xe0, 0x6d, 0x34, 0xe9, 0x0e, 0x09, 0x0d, 0x40, 0x96, 0x07, 0x1a, 0x08,
  0x25, 0x1f, 0x0e, 0xe0, 0x7a, 0xb5, 0x79, 0x6f, 0x64, 0x6f, 0x67, 0x61,
  0xf7, 0xc9, 0x92, 0xf4, 0x02, 0x84, 0xf4, 0xe0, 0x6c, 0xaa, 0x65, 0x72,
  0xef, 0xe0, 0x71, 0xe0, 0xf3, 0x05, 0x11, 0xe0, 0x76, 0x78, 0xf3, 0x05,
  0x05, 0xe0, 0x6c, 0x90, 0x68, 0xe9, 0xe0, 0x34, 0xf3, 0xe1, 0x60, 0x79,
  0x0e, 0xc1, 0x31, 0x68, 0xe9, 0x0c, 0x04, 0x05, 0x0c, 0x19, 0x04, 0x10,
  0x03, 0x0a, 0x1c, 0xc3, 0xb3, 0xf7, 0xe0, 0x72, 0xb2, 0x74, 0x6f, 0xf3,
  0xc9, 0x57, 0xef, 0x04, 0xe0, 0x74, 0xab, 0x6b, 0x6f, 0x70, 0xf0, 0xe0,
  0x5c, 0x7d, 0x6e, 0xef, 0x03, 0x07, 0x87, 0x73, 0x68, 0x69, 0xed, 0xe0,
  0x36, 0x93, 0x6f, 0x6d, 0x6f, 0xf4, 0xe0, 0x73, 0x8a, 0x6d, 0x69, 0xf9,
  0xe0, 0x35, 0xda, 0x6d, 0xe5, 0xdc, 0xc3, 0x6b, 0xe1, 0x03, 0xd1, 0x3b,
  0xf4, 0x04, 0xe0, 0x6d, 0xab, 0x73, 0x75, 0xf2, 0xe0, 0x3f, 0x83, 0xe9,
  0xdf, 0x1c, 0x68, 0x61, 0x72, 0x61, 0xae, 0x60, 0x72, 0x5d, 0xc3, 0x99,
  0xe1, 0x04, 0x05, 0x08, 0x85, 0x7a, 0xe1, 0xe0, 0x33, 0x3f, 0x77, 0x61,
  0x6b, 0x75, 0xf2, 0xe0, 0x73, 0xdc, 0x72, 0xe9, 0xe0, 0x6e, 0x70, 0x69,
  0xfa, 0xe0, 0x74, 0x13, 0xae, 0x60, 0x6d, 0x73, 0xcb, 0xa4, 0x72, 0x61,
  0x73, 0xe1, 0xe0, 0x3f, 0xbc, 0xee, 0x03, 0x0b, 0x84, 0xef, 0x04, 0xe0,
  0x2e, 0xb0, 0x6d, 0x69, 0xf9, 0xe0, 0x75, 0x78, 0xea, 0xe0, 0x79, 0x2a,
  0xe8, 0x60, 0x31, 0x7f, 0xe0, 0x33, 0x88, 0x6d, 0x73, 0x69, 0x74, 0xe5,
  0xe0, 0x77, 0x47, 0xeb, 0x07, 0x0b, 0x04, 0x09, 0xe0, 0x79, 0x38, 0xef,
  0x04, 0xe0, 0x79, 0x85, 0x6c, 0x61, 0xe5, 0xe0, 0x5c, 0xac, 0xeb, 0xe0,
  0x66, 0x8c, 0xe9, 0x04, 0xe0, 0x78, 0xec, 0xf4, 0xe0, 0x67, 0xf0, 0x61,
  0xe8, 0xe0, 0x3f, 0x23, 0xe9, 0x05, 0x04, 0x04, 0x04, 0x83, 0xfa, 0xe0,
  0x3e, 0xe0, 0xed, 0xe0, 0x6d, 0x5a, 0x6b, 0xe1, 0xd8, 0xda, 0xe8, 0xcf,
  0x7e, 0x67, 0x61, 0x74, 0x61, 0xae, 0x60, 0x75, 0xbf, 0xc3, 0x14, 0x65,
  0x72, 0x75, 0x63, 0x68, 0x6f, 0x6d, 0x6f, 0x73, 0x63, 0xe9, 0xe0, 0x75,
  0x1d, 0xe3, 0x05, 0x0b, 0xe0, 0x78, 0xd5, 0x68, 0x69, 0x6e, 0x61, 0x6e,
  0xae, 0x60, 0x5b, 0x83, 0xcd, 0xb7, 0xae, 0x60, 0x2a, 0x75, 0x60, 0x4a,
  0xf8, 0xc3, 0xc0, 0xe8, 0x08, 0x06, 0x05, 0x60, 0x73, 0x3c, 0xc4, 0x76,
  0x73, 0x2e, 0xf5, 0xe0, 0x77, 0xba, 0x6c, 0xe6, 0xe0, 0x51, 0x74, 0x2d,
  0x73, 0x65, 0x72, 0xf6, 0xe0, 0x76, 0xbc, 0xe7, 0x08, 0x21, 0x12, 0x60,
  0x65, 0x94, 0xd4, 0xaf, 0x72, 0x6f, 0xeb, 0x02, 0x94, 0xae, 0x08, 0x60,
  0x6e, 0xcc, 0x44, 0xa2, 0xc5, 0xbe, 0xf0, 0x04, 0xe0, 0x66, 0xa5, 0x69,
  0x7a, 0xfa, 0xe0, 0x66, 0xd8, 0x2d, 0x66, 0x72, 0x65, 0xe5, 0xe0, 0x56,
  0xf6, 0xef, 0x04, 0xe0, 0x7a, 0x50, 0xae, 0x60, 0x2e, 0x51, 0x60, 0x29,
  0xbc, 0x54, 0x31, 0x48, 0xdb, 0xc3, 0x12, 0x68, 0xe5, 0xe0, 0x67, 0xdd,
  0xe6, 0x07, 0x03, 0x60, 0x65, 0x95, 0xd4, 0x9e, 0xf3, 0xc5, 0x83, 0xec,
  0x60, 0x56, 0xb4, 0xe0, 0x23, 0x7e, 0xe5, 0x12, 0x05, 0x11, 0x12, 0x06,
  0x41, 0x10, 0x2d, 0x0f, 0x05, 0x07, 0x09, 0x08, 0x60, 0x76, 0x4f, 0xc2,
  0x33, 0x79, 0xe1, 0xe0, 0x31, 0xd0, 0xf8, 0x04, 0xe0, 0x74, 0x2a, 0xf4,
  0x04, 0xe0, 0x7a, 0x0a, 0x64, 0x69, 0x72, 0xe5, 0xe0, 0x54, 0xbb, 0xf7,
  0x07, 0x60, 0x3c, 0x87, 0xe0, 0x3d, 0x74, 0x7a, 0x65, 0x61, 0x6c, 0x61,
  0x6e, 0xe4, 0xe0, 0x3b, 0xa6, 0x75, 0x73, 0xf4, 0xe0, 0x64, 0x8f, 0xf4,
  0x0e, 0x06, 0x04, 0x0d, 0x08, 0x06, 0x40, 0xd4, 0x60, 0x54, 0x30, 0xe0,
  0x24, 0xb3, 0x77, 0x6f, 0xf2, 0xe0, 0x77, 0x04, 0xf4, 0xe0, 0x78, 0x55,
  0x6c, 0xe9, 0x02, 0x85, 0x66, 0xf9, 0xe0, 0x72, 0xd1, 0xe2, 0xe0, 0x5e,
  0x97, 0x67, 0x61, 0x6d, 0x65, 0xf2, 0xe0, 0x5a, 0xde, 0x66, 0x6c, 0xe9,
  0xe0, 0x70, 0x83, 0xae, 0x20, 0x08, 0x0c, 0x11, 0x0f, 0x0e, 0x14, 0x0c,
  0x05, 0x0d, 0x11, 0x09, 0x12, 0x4a, 0xbf, 0x60, 0x3d, 0xd2, 0x40, 0x6a,
  0x2d, 0x19, 0x12, 0x4b, 0x13, 0x04, 0x04, 0x3c, 0x40, 0x8c, 0xdb, 0x2d,
  0xf5, 0x60, 0x76, 0xb6, 0x0a, 0x2f, 0xc0, 0xb7, 0xf4, 0x60, 0x76, 0x8e,
  0x3e, 0x0f, 0x19, 0x40, 0x91, 0x39, 0x3b, 0x9f, 0xf3, 0x60, 0x6d, 0x1a,
  0x49, 0x68, 0x27, 0x1a, 0x18, 0x10, 0x40, 0x63, 0x2b, 0x19, 0x20, 0xc1,
  0xce, 0xf0, 0x60, 0x76, 0x71, 0x27, 0x03, 0x17, 0x18, 0x40, 0x9e, 0x19,
  0x40, 0x40, 0x1b, 0x9f, 0xee, 0x60, 0x6c, 0x53, 0x4a, 0x2f, 0x40, 0x65,
  0x40, 0x8b, 0x40, 0x5b, 0xc1, 0x93, 0xed, 0x60, 0x70, 0x1c, 0x44, 0xd9,
  0x41, 0x7f, 0x07, 0x03, 0x17, 0x18, 0x0d, 0x40, 0x91, 0x19, 0x20, 0x20,
  0xc0, 0x7a, 0xeb, 0x60, 0x76, 0x40, 0x20, 0x39, 0x0d, 0x1f, 0x41, 0x05,
  0xc1, 0x74, 0xea, 0x60, 0x77, 0x64, 0xa0, 0xe9, 0x60, 0x55, 0x36, 0x60,
  0x21, 0x37, 0x03, 0x28, 0x40, 0xc7, 0x3b, 0x9f, 0xe7, 0x60, 0x76, 0x22,
  0x40, 0x41, 0x18, 0x40, 0x9e, 0x23, 0x36, 0x1b, 0x1f, 0x40, 0x40, 0xc1,
  0x34, 0xe5, 0x60, 0x71, 0x0d, 0x45, 0xd0, 0x2b, 0xc2, 0x07, 0xe2, 0x60,
  0x6c, 0xa0, 0x49, 0x68, 0x20, 0x07, 0x17, 0x0f, 0x19, 0x03, 0x40, 0x8e,
  0x19, 0x20, 0x3b, 0x9f, 0xe1, 0x60, 0x6b, 0xe7, 0x4a, 0x2f, 0x1e, 0x03,
  0x40, 0x44, 0x40, 0x47, 0x40, 0x84, 0x1b, 0x40, 0x5f, 0xc1, 0x34, 0x2d,
  0x66, 0x72, 0x65, 0xe1, 0xe0, 0x40, 0x08, 0xf3, 0x06, 0x07, 0x0b, 0xe0,
  0x6b, 0xdc, 0x73, 0xe5, 0x53, 0x83, 0xe0, 0x5b, 0xfb, 0x6f, 0x64, 0xe4,
  0x04, 0xe0, 0x65, 0xfb, 0xf4, 0xe0, 0x65, 0xf7, 0xae, 0x02, 0x8a, 0x62,
  0x75, 0x73, 0x6b, 0x65, 0x72, 0xf5, 0xe0, 0x73, 0xd7, 0x61, 0x6b, 0x65,
  0x72, 0xf3, 0xcb, 0xf8, 0xf2, 0x04, 0xe0, 0x70, 0xf6, 0x64, 0x70, 0x6f,
  0x6c, 0x2e, 0x6f, 0xf6, 0xe0, 0x77, 0xcb, 0x6d, 0xf5, 0xe0, 0x6a, 0xcc,
  0x65, 0x64, 0x6c, 0xe5, 0xe0, 0x4e, 0x5f, 0x64, 0x72, 0x65, 0x2d, 0x65,
  0xe9, 0xe0, 0x21, 0x5e, 0x61, 0x74, 0x2d, 0x75, 0xf2, 0xe0, 0x6f, 0x7f,
  0xae, 0x09, 0x60, 0x2d, 0x71, 0x60, 0x48, 0x3b, 0xc0, 0xd7, 0xf5, 0x60,
  0x75, 0x9f, 0xc2, 0xd7, 0xe3, 0x04, 0xe0, 0x78, 0x6d, 0xae, 0x60, 0x67,
  0x8c, 0xca, 0xfb, 0xe2, 0x60, 0x63, 0xc8, 0xd2, 0xaf, 0xe1, 0x1c, 0x04,
  0x0e, 0x05, 0x23, 0x10, 0x30, 0x0c, 0x08, 0x40, 0x45, 0x40, 0x66, 0x06,
  0x40, 0x7a, 0x04, 0x0a, 0x40, 0x68, 0x0d, 0x09, 0x08, 0x60, 0x73, 0x95,
  0xc2, 0x62, 0xf9, 0xe0, 0x6a, 0x71, 0xf6, 0x08, 0x60, 0x65, 0xad, 0x4f,
  0x36, 0xc0, 0xae, 0x6f, 0xe9, 0xe0, 0x75, 0xec, 0x75, 0xf3, 0xe0, 0x2e,
  0xd3, 0xf4, 0x07, 0x15, 0x4d, 0x52, 0xe0, 0x31, 0xb0, 0x75, 0xf2, 0x02,
  0x8c, 0x62, 0x72, 0x75, 0x6b, 0x73, 0x67, 0x79, 0x6d, 0xee, 0xe0, 0x63,
  0x70, 0x61, 0xec, 0xe0, 0x74, 0xeb, 0xae, 0x60, 0x28, 0xbf, 0xdc, 0x79,
  0x73, 0xf5, 0x04, 0xe0, 0x6a, 0x4b, 0x73, 0x68, 0x69, 0x6f, 0x62, 0x61,
  0xf2, 0xe0, 0x6a, 0x43, 0xf2, 0x07, 0x08, 0x0b, 0x05, 0xe0, 0x69, 0xf6,
  0x76, 0xe9, 0x60, 0x3a, 0x63, 0xe0, 0x30, 0xe2, 0xf5, 0x02, 0x84, 0xf4,
  0xe0, 0x22, 0xcf, 0xf3, 0xe0, 0x31, 0xa6, 0x69, 0xf4, 0xe0, 0x32, 0xa0,
  0xe1, 0x02, 0x87, 0x73, 0x68, 0x69, 0xee, 0xe0, 0x75, 0x96, 0xae, 0x60,
  0x6d, 0xc9, 0xc8, 0x11, 0xf0, 0x02, 0x84, 0xef, 0xe0, 0x5a, 0x12, 0x6c,
  0xe5, 0xe0, 0x5c, 0x06, 0x6f, 0x73, 0x68, 0x69, 0xed, 0xe0, 0x66, 0x3d,
  0xee, 0x0a, 0x05, 0x0c, 0x04, 0x04, 0x05, 0x07, 0x03, 0x04, 0x88, 0x79,
  0xef, 0xe0, 0x3b, 0x54, 0xf4, 0x02, 0x84, 0xef, 0xe0, 0x3b, 0x83, 0x61,
  0xee, 0xe0, 0x66, 0x28, 0xf0, 0xe0, 0x69, 0xc7, 0xee, 0xe0, 0x2b, 0xcf,
  0x6d, 0x6f, 0xeb, 0xd9, 0x84, 0x6b, 0x6f, 0x6b, 0xf5, 0xe0, 0x6f, 0xe1,
  0xea, 0xd9, 0x36, 0xe7, 0xe0, 0x70, 0x65, 0x62, 0x75, 0xae, 0x60, 0x57,
  0xf5, 0xc0, 0x61, 0xe1, 0x40, 0xa6, 0xe0, 0x57, 0xbe, 0xed, 0x05, 0x0f,
  0x0a, 0x39, 0x89, 0xf3, 0x02, 0x88, 0x73, 0x6b, 0x6f, 0x67, 0xe1, 0xe0,
  0x6f, 0x88, 0xef, 0xe0, 0x72, 0x4c, 0xe9, 0x04, 0xe0, 0x70, 0x44, 0x6b,
  0xe1, 0xe0, 0x29, 0xe8, 0xe5, 0x06, 0x03, 0x0a, 0xe0, 0x77, 0x3e, 0xf2,
  0xc0, 0x89, 0x67, 0xe1, 0x04, 0xe0, 0x2e, 0x1b, 0xf7, 0xe0, 0x3b, 0x46,
  0xae, 0x11, 0x06, 0x07, 0x60, 0x3c, 0x2b, 0x56, 0xa8, 0x4c, 0x5a, 0x41,
  0x8b, 0x29, 0x53, 0x35, 0xc0, 0x56, 0xf0, 0x60, 0x75, 0x97, 0xc0, 0x82,
  0xed, 0x60, 0x72, 0xc7, 0x41, 0x89, 0xaf, 0xe5, 0x60, 0x75, 0x16, 0xc2,
  0x07, 0xe4, 0x04, 0xe0, 0x64, 0x9c, 0x61, 0xec, 0xd4, 0x57, 0x61, 0xf3,
  0xe0, 0x53, 0xbd, 0x6c, 0x63, 0x68, 0xe9, 0xc4, 0x40, 0xeb, 0x03, 0x04,
  0x86, 0xec, 0xe0, 0x37, 0x2b, 0x69, 0x6a, 0xe9, 0xe0, 0x38, 0x2a, 0xe1,
  0x0c, 0x0f, 0x03, 0x1d, 0x0f, 0x13, 0x08, 0x5c, 0x9d, 0xe0, 0x4b, 0x01,
  0xf4, 0x04, 0x05, 0xc7, 0xf0, 0x73, 0xf5, 0xe0, 0x2a, 0xaf, 0x6f, 0xed,
  0xe0, 0x71, 0x46, 0xf3, 0xd4, 0x9c, 0xee, 0x02, 0x93, 0xef, 0x03, 0x05,
  0x85, 0x74, 0xef, 0xe0, 0x6c, 0xf2, 0x6a, 0xef, 0xe0, 0x6c, 0x58, 0xae,
  0x60, 0x73, 0x0c, 0xb7, 0x69, 0x69, 0x6b, 0x61, 0xf7, 0xdf, 0x14, 0xed,
  0x05, 0x04, 0xe0, 0x32, 0x09, 0x75, 0xf2, 0xc4, 0x70, 0x69, 0xe3, 0xe0,
  0x4a, 0x51, 0xe7, 0x05, 0x40, 0x77, 0xd7, 0x93, 0x61, 0x77, 0x61, 0xae,
  0x60, 0x68, 0xe0, 0x46, 0xa8, 0x43, 0x97, 0xc1, 0x85, 0x64, 0x6f, 0x6d,
  0x61, 0xf2, 0xe0, 0x30, 0xdc, 0xae, 0x60, 0x69, 0x08, 0xc4, 0x42, 0xe9,
  0xe0, 0x57, 0x78, 0x68, 0xe1, 0x04, 0xe0, 0x71, 0x1f, 0xf2, 0xe0, 0x38,
  0x78, 0xe7, 0x03, 0x0c, 0x89, 0xef, 0x04, 0xe0, 0x71, 0x12, 0x79, 0xe1,
  0x57, 0xec, 0xe0, 0x5e, 0x86, 0xe9, 0x04, 0xe0, 0x6f, 0x02, 0xf3, 0xe0,
  0x64, 0xca, 0xe1, 0x09, 0x07, 0x10, 0x0c, 0x0b, 0x0f, 0x04, 0xdb, 0x30,
  0x74, 0xef, 0x46, 0x32, 0xe0, 0x6d, 0xaf, 0xf3, 0x02, 0x84, 0xf5, 0xe0,
  0x6d, 0x54, 0x61, 0x6b, 0x69, 0xae, 0x60, 0x57, 0xb4, 0xdc, 0x9f, 0xf2,
  0x04, 0xe0, 0x31, 0x01, 0x65, 0x79, 0x61, 0xed, 0xe0, 0x30, 0xfd, 0x6f,
  0x6b, 0xe1, 0x04, 0xe0, 0x71, 0x26, 0x6b, 0xf9, 0xde, 0x35, 0x6e, 0xef,
  0x02, 0x85, 0x68, 0xe1, 0xe0, 0x21, 0x21, 0xae, 0x60, 0x72, 0x9f, 0xc1,
  0x8e, 0xe9, 0xe0, 0x39, 0xc7, 0x68, 0xe1, 0xc4, 0x30, 0x63, 0x68, 0x69,
  0x6b, 0x61, 0x74, 0x73, 0x75, 0x75, 0xf2, 0xe0, 0x69, 0x47, 0xe2, 0x04,
  0xe0, 0x76, 0x03, 0x61, 0xf2, 0xd7, 0xd6, 0x61, 0x6d, 0x65, 0x73, 0x6a,
  0xe5, 0xd2, 0xb2, 0x34, 0xf5, 0xe0, 0x5f, 0xd6, 0xed, 0x24, 0x42, 0x1f,
  0x12, 0x16, 0x40, 0x9b, 0x1c, 0x22, 0x29, 0x06, 0x41, 0xaa, 0x06, 0x15,
  0x0e, 0x13, 0x07, 0x43, 0x4b, 0x0d, 0x41, 0x5e, 0x06, 0x1d, 0x0b, 0x60,
  0x35, 0xe9, 0x51, 0xcc, 0x5f, 0x9a, 0x41, 0x5f, 0xa0, 0xf9, 0x1b, 0x05,
  0x05, 0x1f, 0x40, 0x6b, 0x0f, 0x0c, 0x1f, 0x05, 0x05, 0x17, 0x07, 0x07,
  0x07, 0x05, 0x08, 0x32, 0x08, 0x37, 0x09, 0x13, 0x2d, 0x1a, 0xe0, 0x73,
  0xcc, 0x77, 0xe9, 0xe0, 0x5e, 0x11, 0x76, 0xee, 0xe0, 0x4c, 0x2f, 0xf4,
  0x03, 0x07, 0x85, 0x75, 0x6c, 0x65, 0xe1, 0xe0, 0x74, 0x7d, 0x69, 0xf3,
  0xe0, 0x5f, 0x7b, 0x61, 0x62, 0x69, 0x74, 0x2e, 0x63, 0xef, 0x04, 0xe0,
  0x74, 0x7a, 0xae, 0xe0, 0x25, 0x2c, 0xf3, 0x05, 0x09, 0x40, 0x40, 0x8c,
  0x79, 0x6e, 0x6f, 0x6c, 0x6f, 0xe7, 0xe0, 0x73, 0xda, 0x70, 0x72, 0x65,
  0x61, 0x64, 0x73, 0x68, 0x6f, 0x70, 0xae, 0x0d, 0x07, 0x06, 0x05, 0x05,
  0x60, 0x68, 0x53, 0x4c, 0x24, 0x0b, 0x24, 0x8a, 0xee, 0x60, 0x74, 0x82,
  0x40, 0x6f, 0x9a, 0xe9, 0x60, 0x74, 0xc0, 0xc0, 0x45, 0xe6, 0x60, 0x74,
  0x97, 0xb0, 0xe4, 0x60, 0x74, 0xb5, 0xad, 0xe3, 0x06, 0x60, 0x61, 0xbc,
  0xd2, 0xb1, 0xef, 0x04, 0xe0, 0x71, 0x7c, 0xed, 0x48, 0xa0, 0xe0, 0x6c,
  0x69, 0x68, 0x6f, 0xf0, 0x04, 0xe0, 0x3c, 0x58, 0x69, 0xe6, 0xe0, 0x54,
  0x4c, 0x65, 0x63, 0x75, 0x72, 0x69, 0x74, 0x79, 0x63, 0x61, 0x6d, 0x65,
  0x72, 0xe1, 0xe0, 0x5e, 0x1c, 0xf2, 0x02, 0x85, 0x64, 0xe2, 0xe0, 0x45,
  0xb4, 0x61, 0x64, 0x77, 0xe5, 0xe0, 0x3e, 0xdc, 0x71, 0x6e, 0x61, 0x70,
  0x63, 0x6c, 0x6f, 0x75, 0xe4, 0xe0, 0x59, 0xb7, 0xf0, 0x04, 0x03, 0x04,
  0x87, 0xf3, 0xdd, 0x93, 0xe9, 0xe0, 0x59, 0x0e, 0x68, 0x6f, 0x74, 0xef,
  0xe0, 0x39, 0xaa, 0xe5, 0x02, 0x85, 0x74, 0xf3, 0xe0, 0x53, 0xf0, 0xf0,
  0xe0, 0x23, 0xf7, 0x6f, 0xeb, 0xe0, 0x6f, 0xd6, 0x6e, 0x61, 0xf3, 0xde,
  0x17, 0xed, 0x02, 0x88, 0x65, 0x64, 0x69, 0x61, 0xf0, 0xe0, 0x70, 0xf2,
  0x61, 0x69, 0x6c, 0x65, 0x72, 0x2e, 0x63, 0x6f, 0x6d, 0xae, 0xc0, 0x79,
  0x6b, 0x6f, 0x6c, 0xe1, 0xe0, 0x56, 0x6f, 0x6a, 0x69, 0x6e, 0xef, 0xe0,
  0x5e, 0x98, 0x69, 0x70, 0x68, 0xef, 0xe0, 0x23, 0x57, 0x68, 0x6f, 0xed,
  0xcf, 0x8f, 0x67, 0x6f, 0x76, 0x2e, 0xf3, 0xe0, 0x51, 0xc1, 0xe6, 0x06,
  0x08, 0x0a, 0x10, 0xc0, 0xc0, 0x74, 0x70, 0xae, 0x60, 0x71, 0x01, 0xc0,
  0x56, 0x72, 0x69, 0x74, 0x7a, 0xae, 0x60, 0x59, 0x1f, 0xdb, 0x16, 0x6f,
  0x72, 0x75, 0x6d, 0x2e, 0x63, 0x6f, 0x6d, 0x6d, 0x75, 0x6e, 0x69, 0xf4,
  0xe0, 0x51, 0x8b, 0x61, 0x73, 0x74, 0xae, 0x60, 0x53, 0x74, 0xd5, 0x4d,
  0x65, 0x66, 0x66, 0x65, 0xe3, 0xe0, 0x65, 0xc0, 0xe4, 0x08, 0x06, 0x10,
  0x07, 0x06, 0x04, 0xcc, 0x92, 0x6f, 0x62, 0xe9, 0xe0, 0x21, 0x56, 0x6e,
  0x73, 0xae, 0x09, 0x60, 0x30, 0xe8, 0x5b, 0x9f, 0xe0, 0x27, 0x8d, 0xf4,
  0xe0, 0x52, 0xde, 0x69, 0x73, 0x73, 0xe5, 0xe0, 0x53, 0x0c, 0x64, 0x6e,
  0x73, 0xae, 0xcd, 0xb9, 0xe2, 0xe0, 0x4e, 0x15, 0x61, 0x74, 0x74, 0xef,
  0xe0, 0x70, 0x5e, 0x63, 0x6c, 0x6f, 0x75, 0x64, 0xee, 0xe0, 0x4a, 0x3b,
  0x62, 0x6f, 0x78, 0xae, 0x06, 0x60, 0x5b, 0x8f, 0xd4, 0x40, 0x63, 0x6f,
  0x6d, 0x70, 0x61, 0xee, 0xe0, 0x51, 0x27, 0xe1, 0x04, 0x06, 0x06, 0x8c,
  0x73, 0x75, 0xf3, 0xe0, 0x62, 0xc4, 0x6d, 0x61, 0xfa, 0xe0, 0x70, 0x1d,
  0x64, 0x64, 0x72, 0xae, 0x60, 0x46, 0xb0, 0x60, 0x21, 0xb2, 0xca, 0x60,
  0x63, 0x74, 0x69, 0x76, 0x65, 0x64, 0x69, 0x72, 0x65, 0x63, 0x74, 0x6f,
  0xf2, 0xe0, 0x53, 0x05, 0xae, 0x0a, 0x60, 0x69, 0x95, 0x42, 0x42, 0x47,
  0x30, 0x09, 0x82, 0x63, 0x61, 0x6e, 0x76, 0xe1, 0x04, 0xe0, 0x6a, 0x70,
  0x73, 0x69, 0xf4, 0xe0, 0x58, 0x7a, 0xad, 0x03, 0x06, 0x8a, 0x72, 0x6f,
  0xf5, 0xe0, 0x25, 0x9a, 0x67, 0x61, 0x74, 0x65, 0x77, 0x61, 0xf9, 0xe0,
  0x4c, 0x92, 0x66, 0x69, 0x72, 0x65, 0x77, 0x61, 0xec, 0xe0, 0x20, 0x31,
  0xf8, 0x04, 0xe0, 0x73, 0xa9, 0x2d, 0x63, 0x65, 0x6e, 0x74, 0x72, 0x61,
  0x6c, 0x2d, 0xb1, 0xe0, 0x68, 0xa4, 0xf7, 0x07, 0x60, 0x30, 0xf5, 0xe0,
  0x42, 0x9f, 0x63, 0x6c, 0x6f, 0x75, 0x64, 0x6e, 0x6f, 0x6e, 0x70, 0x72,
  0xef, 0xe0, 0x71, 0xcc, 0xf5, 0x0d, 0x14, 0x39, 0x20, 0x05, 0x0c, 0x06,
  0x04, 0x53, 0xd3, 0xe0, 0x5f, 0x1d, 0xf4, 0x02, 0x87, 0x75, 0x61, 0x6c,
  0xae, 0xe0, 0x5e, 0x12, 0x73, 0xf5, 0x04, 0xe0, 0x32, 0xdc, 0xfa, 0xe0,
  0x2e, 0x28, 0xf3, 0x04, 0x13, 0x0f, 0x8c, 0x69, 0xe3, 0x05, 0x05, 0xe0,
  0x73, 0x53, 0x69, 0xe1, 0xe0, 0x4a, 0x2b, 0x61, 0xae, 0x60, 0x5d, 0xf2,
  0xd2, 0x38, 0x65, 0x75, 0xed, 0x04, 0xe0, 0x73, 0x45, 0xae, 0x60, 0x6a,
  0xb1, 0x44, 0x34, 0xc2, 0x8f, 0x61, 0x73, 0x68, 0xe9, 0x04, 0xe0, 0x6b,
  0x89, 0xed, 0xe0, 0x2b, 0x3b, 0xae, 0x60, 0x68, 0xcb, 0xc8, 0xd0, 0xf2,
  0x03, 0x0a, 0x84, 0xef, 0x02, 0x84, 0xf4, 0xe0, 0x2a, 0xf6, 0xf2, 0xd0,
  0xa3, 0xed, 0xe0, 0x5a, 0x06, 0xe1, 0x04, 0x04, 0xd9, 0x1c, 0xf4, 0xe0,
  0x36, 0x6e, 0x6b, 0x61, 0xed, 0xdd, 0x14, 0x6f, 0xf3, 0xe0, 0x5d, 0x2b,
  0xee, 0x02, 0x84, 0xe9, 0xe0, 0x26, 0x09, 0x61, 0xeb, 0xe0, 0x2e, 0x53,
  0xeb, 0x5b, 0x00, 0xe0, 0x4a, 0x8e, 0x69, 0xeb, 0xdd, 0xb3, 0x67, 0xe9,
  0xe0, 0x6b, 0xd3, 0xf4, 0x08, 0x09, 0x60, 0x71, 0x45, 0x1f, 0xc1, 0x75,
  0x6c, 0x73, 0x2e, 0x72, 0x75, 0xee, 0xe0, 0x5d, 0xf2, 0xae, 0x60, 0x6a,
  0xce, 0x03, 0x03, 0x42, 0x1f, 0xc3, 0x84, 0xf3, 0x07, 0x04, 0x60, 0x70,
  0x2d, 0xc2, 0x96, 0xeb, 0xe0, 0x6e, 0xab, 0xae, 0x0c, 0x05, 0x60, 0x6a,
  0xa7, 0x03, 0x42, 0x22, 0x40, 0x63, 0xc3, 0x21, 0x73, 0xe8, 0xe0, 0x45,
  0x42, 0xe6, 0xe0, 0x57, 0x40, 0xf2, 0x06, 0x60, 0x70, 0xc9, 0xc1, 0xdd,
  0xe1, 0x02, 0x9a, 0x70, 0x2e, 0x61, 0x63, 0x63, 0x65, 0x73, 0x73, 0x70,
  0x6f, 0x69, 0x6e, 0x74, 0x2e, 0x73, 0x33, 0x2d, 0x67, 0x6c, 0x6f, 0x62,
  0x61, 0xec, 0xe0, 0x69, 0x06, 0x67, 0xef, 0xe0, 0x30, 0x42, 0xf0, 0x60,
  0x70, 0xed, 0xc1, 0x96, 0xef, 0x18, 0x13, 0x24, 0x18, 0x40, 0x4c, 0x11,
  0x40, 0x41, 0x06, 0x0f, 0x0b, 0x25, 0x27, 0x17, 0x06, 0x08, 0x60, 0x6e,
  0x6d, 0x40, 0xcb, 0xc1, 0xaf, 0xf6, 0x04, 0xe0, 0x72, 0x60, 0xe9, 0x04,
  0xe0, 0x70, 0xac, 0x6d, 0x69, 0x65, 0x6e, 0x74, 0xef, 0xe0, 0x6f, 0x2d,
  0xf4, 0x02, 0x9c, 0xef, 0x08, 0x07, 0x08, 0x57, 0x37, 0xe0, 0x5b, 0x00,
  0x79, 0x61, 0x6d, 0xe1, 0xe0, 0x6a, 0x9a, 0x72, 0x63, 0x79, 0x63, 0xec,
  0xe0, 0x64, 0x02, 0xe2, 0xe0, 0x2d, 0xbc, 0x65, 0xe7, 0xe0, 0x25, 0xda,
  0xf3, 0x08, 0x05, 0x05, 0x60, 0x5b, 0xf4, 0xd1, 0x14, 0x6a, 0xef, 0xe0,
  0x5f, 0x58, 0x65, 0xf5, 0xe0, 0x6a, 0x55, 0x63, 0xef, 0xe0, 0x6f, 0x80,
  0xf2, 0x06, 0x06, 0x0c, 0x04, 0x26, 0x83, 0x74, 0x67, 0xe1, 0xe0, 0x4a,
  0xa2, 0xef, 0x04, 0xe0, 0x2b, 0xf6, 0x74, 0x73, 0x75, 0xeb, 0xe0, 0x26,
  0x2f, 0xed, 0xe0, 0x62, 0xe6, 0xe9, 0x04, 0x10, 0x04, 0x87, 0xf9, 0x02,
  0x85, 0x6f, 0x73, 0xe8, 0xd8, 0x12, 0xe1, 0x04, 0xe0, 0x68, 0xa0, 0xed,
  0xd2, 0x4c, 0x6f, 0xeb, 0xc1, 0x74, 0x6d, 0x61, 0x63, 0xe8, 0xe0, 0x65,
  0x6b, 0x67, 0x75, 0xe3, 0xe0, 0x29, 0xb6, 0xe5, 0xc9, 0xe0, 0x64, 0x6f,
  0xf6, 0xe0, 0x5d, 0x89, 0xef, 0x04, 0xe0, 0x71, 0x8d, 0x6e, 0x73, 0x63,
  0x61, 0x6c, 0x65, 0xae, 0x60, 0x5f, 0xf8, 0xd1, 0x6f, 0xee, 0x0b, 0x23,
  0x06, 0x07, 0x60, 0x5a, 0x89, 0x54, 0xbf, 0xc1, 0x04, 0x7a, 0xe1, 0x06,
  0x09, 0x0b, 0xe0, 0x6f, 0x2f, 0xe5, 0x02, 0x91, 0x64, 0x65, 0x6c, 0x6c,
  0xe1, 0x8c, 0xad, 0x02, 0x88, 0x65, 0x2d, 0x64, 0x65, 0x6c, 0x6c, 0x61,
  0x2d, 0x62, 0x72, 0x69, 0xe1, 0xe0, 0x4b, 0xc4, 0x67, 0x6f, 0x6c, 0xe9,
  0xda, 0x73, 0x65, 0xf9, 0x60, 0x64, 0xe8, 0xcc, 0x9a, 0x61, 0xf3, 0xe0,
  0x6e, 0x7c, 0xed, 0x60, 0x6b, 0xdf, 0xc5, 0x98, 0xec, 0x05, 0x05, 0xe0,
  0x6f, 0x05, 0x69, 0xf3, 0xe0, 0x68, 0xc0, 0xe4, 0xe0, 0x6f, 0x88, 0xeb,
  0x04, 0xe0, 0x63, 0xa4, 0x75, 0x72, 0xe5, 0xe0, 0x33, 0x5a, 0xe4, 0x09,
  0x11, 0x07, 0x26, 0x60, 0x3f, 0xd9, 0xd2, 0x55, 0xe5, 0x04, 0xe0, 0x67,
  0x56, 0xec, 0x04, 0xe0, 0x2e, 0x78, 0x73, 0x63, 0x61, 0xf0, 0xe0, 0x5a,
  0x2e, 0xe1, 0x60, 0x2d, 0x9f, 0xe0, 0x43, 0x9d, 0xae, 0xc8, 0xa4, 0xe3,
  0x02, 0x89, 0x6b, 0x2e, 0x70, 0x73, 0x74, 0xed, 0xe0, 0x47, 0xff, 0xe8,
  0x02, 0x86, 0x69, 0x7a, 0xf5, 0xe0, 0x66, 0x71, 0xe1, 0x06, 0x60, 0x65,
  0x00, 0xc5, 0x1c, 0x2d, 0x73, 0x61, 0x6e, 0x64, 0x62, 0x6f, 0xf8, 0xe0,
  0x65, 0x72, 0xe2, 0x04, 0xe0, 0x24, 0xb5, 0xe9, 0x06, 0x60, 0x6e, 0xae,
  0xc2, 0x52, 0xae, 0x60, 0x25, 0xf8, 0x60, 0x33, 0x15, 0x41, 0xfd, 0xc7,
  0xd6, 0x61, 0x72, 0xe5, 0xe0, 0x3a, 0x9e, 0xae, 0x60, 0x6b, 0x09, 0x40,
  0x73, 0xc3, 0x11, 0xad, 0x02, 0x89, 0x73, 0x69, 0x65, 0x6d, 0x65, 0xee,
  0xe0, 0x57, 0x9d, 0x69, 0x2d, 0x72, 0xe1, 0xe0, 0x63, 0xf1, 0xee, 0x60,
  0x64, 0x6f, 0xcc, 0x64, 0xed, 0x05, 0x04, 0xe0, 0x50, 0x7e, 0xf6, 0xe0,
  0x56, 0x68, 0xe1, 0x04, 0xe0, 0x70, 0xbf, 0x66, 0x61, 0xee, 0xe0, 0x6d,
  0x26, 0xec, 0x06, 0x60, 0x6d, 0xda, 0xc2, 0xd8, 0xe2, 0x60, 0x4d, 0x33,
  0xe0, 0x23, 0x7e, 0xeb, 0x07, 0x04, 0x47, 0x7a, 0xe0, 0x69, 0x25, 0xf4,
  0xe0, 0x6e, 0x6c, 0x6d, 0x2e, 0x66, 0xe1, 0xe0, 0x63, 0x57, 0x6a, 0x6f,
  0x6e, 0xe4, 0xe0, 0x26, 0xb7, 0xe9, 0x19, 0x1c, 0x40, 0x56, 0x40, 0x46,
  0x40, 0x43, 0x18, 0x40, 0xd0, 0x11, 0x40, 0xaa, 0x0d, 0x23, 0x0a, 0x07,
  0x0c, 0x19, 0x0f, 0x05, 0x10, 0xd3, 0xc5, 0x7a, 0xf5, 0x04, 0x07, 0x06,
  0x85, 0x73, 0x61, 0x77, 0xe1, 0xe0, 0x35, 0x03, 0x6e, 0x61, 0xed, 0xe0,
  0x65, 0xe7, 0x6d, 0xe1, 0xe0, 0x21, 0xcc, 0xe8, 0xe0, 0x68, 0xb3, 0xf9,
  0x02, 0x93, 0xef, 0x02, 0x84, 0xf4, 0xe0, 0x51, 0xaa, 0x73, 0x68, 0x69,
  0xae, 0x60, 0x62, 0xc5, 0x41, 0x11, 0x45, 0x5d, 0xb3, 0xe1, 0x09, 0x0d,
  0x05, 0x07, 0x08, 0x11, 0xe0, 0x62, 0x56, 0xfa, 0x03, 0xd1, 0x4a, 0x61,
  0x6b, 0x69, 0xae, 0x60, 0x5e, 0xc4, 0xcf, 0x7a, 0x77, 0xe1, 0xe0, 0x22,
  0xd9, 0x73, 0x68, 0x69, 0xf2, 0xe0, 0x34, 0x75, 0x6d, 0x61, 0xae, 0x60,
  0x62, 0x5d, 0xc0, 0x6f, 0xeb, 0x02, 0xb5, 0xef, 0x02, 0x84, 0x6e, 0xef,
  0xd2, 0x95, 0xae, 0x60, 0x34, 0xa6, 0xe0, 0x2d, 0xa7, 0xe4, 0xe0, 0x51,
  0x5e, 0xf4, 0x07, 0x11, 0x15, 0x0b, 0xe0, 0x6f, 0xcc, 0x74, 0x77, 0x61,
  0x6c, 0xe4, 0x04, 0xe0, 0x5c, 0x85, 0x73, 0x65, 0x72, 0x76, 0xe5, 0xe0,
  0x37, 0x32, 0x73, 0xf5, 0x03, 0x05, 0x84, 0x6b, 0xe5, 0xe0, 0x6a, 0xdb,
  0xe5, 0xe0, 0x65, 0xda, 0x62, 0x69, 0x73, 0xe8, 0xe0, 0x6d, 0x60, 0xef,
  0x07, 0x60, 0x26, 0x1f, 0xe0, 0x40, 0x69, 0xf9, 0xc5, 0x7a, 0xe1, 0x02,
  0x84, 0xee, 0xe0, 0x2f, 0x67, 0xeb, 0x53, 0x86, 0xe0, 0x54, 0x8d, 0xf3,
  0x04, 0x04, 0x0a, 0x88, 0x75, 0xe7, 0xd1, 0x8d, 0x68, 0x69, 0x6d, 0x61,
  0xae, 0x60, 0x63, 0x42, 0xc5, 0x5e, 0x63, 0x6f, 0x6e, 0x66, 0x75, 0xf3,
  0xdc, 0x0c, 0xe1, 0x04, 0x05, 0x12, 0x83, 0x77, 0xe1, 0xe0, 0x2f, 0x11,
  0x74, 0x6f, 0xae, 0x09, 0x60, 0x32, 0xeb, 0x60, 0x2f, 0xe1, 0xc5, 0x08,
  0xf3, 0x60, 0x63, 0x17, 0xc5, 0x1c, 0xf3, 0xd3, 0xb8, 0x6b, 0x69, 0x2e,
  0xef, 0x60, 0x68, 0x1d, 0xc5, 0x47, 0xf2, 0x02, 0x88, 0x65, 0x6e, 0xae,
  0x50, 0x47, 0xe0, 0x58, 0x35, 0x63, 0x6c, 0x6f, 0x75, 0x64, 0xae, 0x60,
  0x4e, 0x6c, 0x5c, 0xe8, 0xc1, 0xf3, 0xee, 0x07, 0x09, 0x16, 0x10, 0x06,
  0xc2, 0x36, 0xf4, 0x04, 0xe0, 0x6f, 0x57, 0xf3, 0xe0, 0x31, 0x56, 0xef,
  0x08, 0x06, 0x04, 0x54, 0x57, 0xe0, 0x50, 0x6a, 0x6b, 0x61, 0xed, 0xe0,
  0x2e, 0xfb, 0xe8, 0xe0, 0x6d, 0x24, 0xe2, 0xcf, 0xbf, 0xe9, 0x04, 0xe0,
  0x6f, 0x38, 0xf3, 0x04, 0xe0, 0x49, 0x10, 0x69, 0x74, 0x65, 0xae, 0xd0,
  0x05, 0x63, 0x6f, 0xed, 0xe0, 0x3c, 0x52, 0xe1, 0x07, 0x08, 0x40, 0x7e,
  0xe0, 0x32, 0xe8, 0x74, 0x6f, 0xae, 0x60, 0x6b, 0x62, 0xc1, 0x9c, 0xed,
  0x03, 0xc0, 0x75, 0xe9, 0x10, 0x0a, 0x07, 0x05, 0x0a, 0x06, 0x0c, 0x08,
  0x05, 0x06, 0x0f, 0x08, 0x50, 0x53, 0xc4, 0xa6, 0x79, 0x61, 0x6d, 0x61,
  0x73, 0x68, 0x69, 0xf2, 0xd7, 0x01, 0x75, 0x6f, 0x6e, 0x75, 0xed, 0xd9,
  0xb4, 0x74, 0xe1, 0xe0, 0x66, 0xfc, 0x73, 0x61, 0x6e, 0x72, 0x69, 0x6b,
  0xf5, 0xe0, 0x32, 0x41, 0x6f, 0x67, 0x75, 0xee, 0xd1, 0x53, 0xed, 0x02,
  0x85, 0x69, 0x6e, 0xef, 0xd3, 0xed, 0xe1, 0xe0, 0x64, 0x23, 0xe9, 0x03,
  0xd2, 0x8a, 0xf3, 0xe0, 0x20, 0x53, 0x65, 0xe3, 0xe0, 0x3f, 0xd6, 0x62,
  0x6f, 0xf3, 0xe0, 0x6c, 0x83, 0xe1, 0x04, 0x04, 0xd0, 0x70, 0xf7, 0xe0,
  0x5d, 0xac, 0x73, 0x68, 0x69, 0xe7, 0xda, 0x99, 0xae, 0x60, 0x5d, 0x39,
  0x43, 0xb2, 0xc6, 0xa8, 0x2d, 0x61, 0x6c, 0x70, 0xf3, 0xe0, 0x42, 0x45,
  0x61, 0xf4, 0xe0, 0x65, 0xa0, 0x6b, 0x61, 0xed, 0xda, 0x5f, 0xed, 0x02,
  0x85, 0x6f, 0xfa, 0xe0, 0x5b, 0x95, 0xe1, 0x04, 0xe0, 0x67, 0x6c, 0xf4,
  0xe0, 0x22, 0xb5, 0xec, 0x05, 0x06, 0xe0, 0x6e, 0x77, 0x61, 0xee, 0x60,
  0x6c, 0x18, 0x81, 0xae, 0x20, 0x06, 0x06, 0x0b, 0x08, 0x06, 0x09, 0x0a,
  0x09, 0x09, 0x0b, 0x06, 0x06, 0x09, 0x09, 0x60, 0x2d, 0xcb, 0x5b, 0x88,
  0x40, 0x44, 0x56, 0x5b, 0x48, 0xbf, 0x42, 0x23, 0x40, 0x5c, 0xc0, 0x5a,
  0xf6, 0x60, 0x6c, 0x22, 0xc0, 0x84, 0xf5, 0x60, 0x6b, 0xa9, 0xc2, 0xa5,
  0xf4, 0x60, 0x6b, 0x6a, 0x1e, 0x0f, 0x19, 0x40, 0x91, 0x39, 0xbb, 0xf3,
  0x60, 0x6b, 0x3f, 0x40, 0x59, 0xc0, 0x9e, 0xf2, 0x60, 0x6b, 0x9d, 0xc1,
  0xbe, 0xf0, 0x60, 0x6b, 0x31, 0x40, 0x41, 0x18, 0xc0, 0xf7, 0xee, 0x60,
  0x6b, 0x48, 0x40, 0x65, 0x40, 0xab, 0xc1, 0xce, 0xed, 0x60, 0x69, 0xbf,
  0x41, 0x7f, 0x39, 0xc2, 0xa5, 0xeb, 0x60, 0x6b, 0x35, 0x1e, 0x41, 0x2d,
  0xc1, 0x93, 0xe9, 0x60, 0x4a, 0x13, 0x60, 0x21, 0x62, 0x40, 0xc7, 0xc0,
  0x5a, 0xe7, 0x60, 0x6b, 0x01, 0xc0, 0xf7, 0xe5, 0x60, 0x6b, 0xc7, 0xc2,
  0x32, 0xe3, 0x60, 0x6b, 0x36, 0x18, 0x40, 0xd7, 0xc0, 0x5a, 0xe2, 0x60,
  0x6b, 0x45, 0x10, 0x40, 0xa7, 0x20, 0xbb, 0xe1, 0x60, 0x6b, 0x03, 0x21,
  0x40, 0x8b, 0x40, 0x84, 0x9b, 0xeb, 0x04, 0xe0, 0x68, 0x19, 0xe1, 0x03,
  0xc3, 0xa1, 0xf3, 0xe0, 0x6b, 0x8e, 0xe8, 0x04, 0xe0, 0x5a, 0xb8, 0xe1,
  0x02, 0x8c, 0xf2, 0x04, 0xe0, 0x66, 0x99, 0x61, 0xae, 0x60, 0x60, 0x35,
  0xc5, 0xe1, 0x6d, 0x61, 0xae, 0x60, 0x3e, 0xcb, 0x60, 0x21, 0x97, 0x40,
  0x91, 0x45, 0xdb, 0xc4, 0xac, 0x67, 0x72, 0x61, 0x74, 0x69, 0x6f, 0xee,
  0xe0, 0x54, 0x52, 0x66, 0x75, 0x6e, 0xe5, 0xe0, 0x64, 0xa0, 0xe5, 0x04,
  0xe0, 0x6b, 0x9d, 0xec, 0x60, 0x2d, 0xbc, 0xe0, 0x28, 0x27, 0xe4, 0x05,
  0x0a, 0xe0, 0x54, 0x97, 0x74, 0x72, 0x65, 0x2d, 0x67, 0x61, 0xf5, 0xe0,
  0x34, 0xe2, 0x6f, 0x72, 0x69, 0xae, 0x60, 0x63, 0x07, 0xc8, 0x36, 0x63,
  0x72, 0xef, 0x02, 0x86, 0x73, 0x6f, 0xe6, 0xe0, 0x6b, 0x63, 0xec, 0xe0,
  0x33, 0x52, 0x62, 0xf5, 0xe0, 0x5f, 0xa9, 0xe1, 0x02, 0x89, 0xf3, 0x04,
  0xe0, 0x4e, 0xad, 0xf4, 0xe0, 0x5b, 0x13, 0xed, 0xe0, 0x6a, 0xd8, 0xae,
  0x60, 0x3e, 0xd7, 0x60, 0x28, 0x92, 0xc3, 0x84, 0xe7, 0x07, 0x60, 0x42,
  0xc4, 0xe0, 0x2a, 0x7a, 0x64, 0xe2, 0xe0, 0x49, 0xf2, 0xe5, 0x12, 0x0b,
  0x0a, 0x17, 0x16, 0x06, 0x1b, 0x2a, 0x1e, 0x06, 0x40, 0x74, 0x20, 0x60,
  0x55, 0x9d, 0xd6, 0x44, 0xf8, 0x04, 0xe0, 0x6c, 0x0c, 0x69, 0x63, 0xef,
  0xe0, 0x58, 0x12, 0xf4, 0x04, 0xe0, 0x38, 0xb1, 0x61, 0xe1, 0xe0, 0x5d,
  0xd5, 0x73, 0xf3, 0x03, 0x07, 0x84, 0x77, 0x69, 0x74, 0xe8, 0xe0, 0x6b,
  0xec, 0xe9, 0xe0, 0x63, 0x11, 0x65, 0x72, 0x6c, 0xe9, 0xe0, 0x66, 0x02,
  0xf2, 0x04, 0x08, 0xd5, 0xbd, 0x73, 0x65, 0x69, 0x6e, 0xe5, 0xe0, 0x39,
  0xfd, 0x63, 0xeb, 0x04, 0xe0, 0x6c, 0xe7, 0xed, 0xdd, 0x4a, 0xee, 0x60,
  0x6b, 0xae, 0xc1, 0x35, 0xed, 0x06, 0x05, 0x05, 0xe0, 0x6b, 0x1e, 0x73,
  0xe5, 0xe0, 0x5e, 0x2c, 0x6f, 0xf2, 0xe0, 0x35, 0x85, 0x62, 0x65, 0x72,
  0x73, 0x2e, 0x6c, 0xe9, 0xe0, 0x38, 0xe6, 0xec, 0x0a, 0x05, 0x07, 0x60,
  0x5d, 0x66, 0x41, 0x62, 0xc5, 0x21, 0x68, 0xf5, 0xe0, 0x67, 0xa3, 0x62,
  0x6f, 0x75, 0xf2, 0xe0, 0x53, 0xea, 0x2e, 0x63, 0x6c, 0x6f, 0x75, 0x64,
  0x6c, 0x65, 0x74, 0x73, 0x2e, 0x63, 0x6f, 0x6d, 0x2e, 0xe1, 0xe0, 0x6b,
  0xc1, 0xe9, 0x02, 0x88, 0x77, 0x61, 0xae, 0x60, 0x5f, 0x40, 0xc2, 0xe2,
  0xee, 0x02, 0x87, 0x66, 0x6f, 0x72, 0xf5, 0xe0, 0x50, 0x8a, 0x2d, 0x69,
  0x73, 0x65, 0x72, 0xf6, 0xe0, 0x45, 0x55, 0x67, 0x75, 0xf2, 0xe0, 0x64,
  0xcd, 0xe4, 0x07, 0x07, 0x3b, 0x0a, 0xe0, 0x6c, 0x21, 0x75, 0x73, 0x61,
  0xea, 0xe0, 0x2c, 0xf7, 0xe9, 0x03, 0x0e, 0x84, 0xef, 0x02, 0x81, 0x2d,
  0x63, 0x61, 0x6d, 0x70, 0x69, 0x64, 0xe1, 0xe0, 0x5e, 0xc0, 0x63, 0xe9,
  0xdd, 0x25, 0xe1, 0x05, 0x0d, 0xe0, 0x6c, 0x3d, 0x74, 0x65, 0x63, 0x68,
  0xae, 0x04, 0xe0, 0x60, 0xa5, 0xe2, 0xe0, 0x49, 0x51, 0xae, 0x08, 0x60,
  0x66, 0xea, 0x41, 0xfe, 0xc2, 0x16, 0x73, 0x74, 0x72, 0x61, 0x70, 0xe9,
  0xe0, 0x6b, 0x0a, 0x65, 0x63, 0x69, 0x6e, 0xae, 0x60, 0x5e, 0x2a, 0xcd,
  0x3e, 0xae, 0x0c, 0x06, 0x07, 0x60, 0x62, 0xde, 0x40, 0x96, 0x44, 0x99,
  0xc2, 0x65, 0xf3, 0x60, 0x69, 0x7d, 0xc0, 0xa7, 0xf0, 0x60, 0x6a, 0x1e,
  0x1a, 0xc0, 0xf6, 0xe5, 0x60, 0x69, 0xd3, 0xc0, 0x84, 0xae, 0x0b, 0x05,
  0x09, 0x60, 0x20, 0xe0, 0x60, 0x30, 0x8a, 0xd7, 0xb1, 0xf5, 0x60, 0x69,
  0x1c, 0x83, 0xf3, 0x60, 0x49, 0x0d, 0x60, 0x20, 0x0a, 0xc1, 0x09, 0xe5,
  0x60, 0x63, 0xe3, 0xc8, 0x02, 0xad, 0x5e, 0x3a, 0xe0, 0x48, 0xdf, 0xe4,
  0x60, 0x64, 0x8f, 0xc7, 0x4b, 0xe3, 0x08, 0x04, 0x07, 0x60, 0x69, 0x5f,
  0xc2, 0x62, 0x70, 0xf2, 0xc1, 0x45, 0x6b, 0x69, 0x6e, 0xf3, 0xe0, 0x5c,
  0xc6, 0x64, 0x69, 0x72, 0xae, 0x60, 0x53, 0x30, 0xd4, 0x76, 0xe2, 0x04,
  0xe0, 0x69, 0xc4, 0xae, 0x60, 0x62, 0x68, 0xc6, 0xe9, 0xe1, 0x17, 0x0f,
  0x09, 0x40, 0x80, 0x30, 0x40, 0x51, 0x12, 0x04, 0x31, 0x0a, 0x2c, 0x17,
  0x2c, 0x23, 0x06, 0x07, 0x0f, 0x19, 0xe0, 0x69, 0x64, 0xfa, 0x02, 0x85,
  0x75, 0xf2, 0xe0, 0x56, 0x42, 0x6f, 0x77, 0x73, 0xfa, 0xe0, 0x2a, 0xcf,
  0x79, 0x66, 0x69, 0x72, 0x73, 0xf4, 0xe0, 0x58, 0x11, 0xf4, 0x09, 0x0f,
  0x40, 0x58, 0x06, 0x05, 0xe0, 0x69, 0x6b, 0xf4, 0x04, 0xe0, 0x64, 0x9d,
  0x61, 0x2d, 0x76, 0x61, 0x72, 0x6a, 0xea, 0xe0, 0x55, 0x89, 0x73, 0xf5,
  0x0a, 0x06, 0x04, 0x05, 0x12, 0x03, 0x10, 0x03, 0x04, 0x86, 0x7a, 0x61,
  0xeb, 0xe0, 0x5e, 0xe4, 0x79, 0xe1, 0xd1, 0x8f, 0x75, 0xf2, 0xe0, 0x4c,
  0xb6, 0xf3, 0x02, 0x8b, 0x68, 0xe9, 0x04, 0xe0, 0x23, 0x59, 0x67, 0xe5,
  0xe0, 0x64, 0x23, 0x61, 0xeb, 0xd1, 0xa3, 0xee, 0xd5, 0x66, 0xed, 0x02,
  0x89, 0x6f, 0x74, 0x6f, 0xae, 0x60, 0x63, 0x3d, 0xc4, 0x6d, 0xe1, 0xe0,
  0x4c, 0x15, 0xeb, 0xd0, 0x39, 0xe5, 0xe0, 0x63, 0xc4, 0xe4, 0x60, 0x65,
  0x77, 0xc3, 0x68, 0xe2, 0x02, 0x84, 0x75, 0xf3, 0xcf, 0x4c, 0xe1, 0xe0,
  0x2f, 0x80, 0x72, 0x69, 0xf8, 0xe0, 0x6a, 0xd1, 0x6c, 0xe1, 0xe0, 0x44,
  0x7c, 0xe5, 0xe0, 0x41, 0xaf, 0xf3, 0x08, 0x04, 0x0d, 0x0a, 0x07, 0xe0,
  0x5c, 0xee, 0xf5, 0xe0, 0x26, 0x02, 0x73, 0xe1, 0x02, 0x81, 0x2d, 0x63,
  0x61, 0x72, 0x72, 0xe1, 0xe0, 0x41, 0x95, 0x68, 0x69, 0xeb, 0x4d, 0x55,
  0x60, 0x3e, 0x79, 0xca, 0xab, 0x66, 0x6a, 0x6f, 0xf2, 0xe0, 0x26, 0x04,
  0x61, 0xeb, 0xe0, 0x20, 0x80, 0xf2, 0x0a, 0x0f, 0x07, 0x05, 0x05, 0x15,
  0x0c, 0xe0, 0x68, 0x1f, 0xf5, 0x02, 0x85, 0x6d, 0x6f, 0xf2, 0xd6, 0x62,
  0x67, 0x61, 0x6d, 0xe5, 0xe0, 0x59, 0x3b, 0x73, 0x68, 0x61, 0xec, 0xe0,
  0x54, 0x62, 0x72, 0xe9, 0xe0, 0x68, 0xa0, 0x6e, 0xe1, 0xe0, 0x37, 0xea,
  0x6b, 0xe5, 0x04, 0xe0, 0x5c, 0xc0, 0xf4, 0x08, 0x60, 0x52, 0xa0, 0x55,
  0x1b, 0xc2, 0xd8, 0x70, 0x6c, 0xe1, 0xe0, 0x64, 0xcc, 0x69, 0xee, 0x02,
  0x84, 0xe7, 0xe0, 0x5f, 0x05, 0xe5, 0xe0, 0x54, 0x65, 0x63, 0xe8, 0xe0,
  0x61, 0xd5, 0xf0, 0x04, 0xe0, 0x6a, 0x77, 0x2e, 0x66, 0x61, 0x73, 0x74,
  0x6c, 0xf9, 0x60, 0x34, 0x3a, 0xe0, 0x35, 0xde, 0x6f, 0xf2, 0xd4, 0x9f,
  0xee, 0x0b, 0x05, 0x05, 0x0d, 0x60, 0x61, 0x80, 0x41, 0x5a, 0xc7, 0x69,
  0x74, 0xef, 0xe0, 0x2c, 0x36, 0x6e, 0xef, 0xe0, 0x58, 0xd8, 0xe7, 0x04,
  0xe0, 0x68, 0x7c, 0x79, 0x73, 0x68, 0x6c, 0xe1, 0xe0, 0x62, 0x63, 0xe1,
  0x02, 0x84, 0xf5, 0xe0, 0x4f, 0x2f, 0x67, 0x65, 0x6d, 0xe5, 0xe0, 0x3f,
  0x34, 0x6d, 0x75, 0x72, 0x6f, 0x67, 0x61, 0xf7, 0xe0, 0x2d, 0xd8, 0xec,
  0x07, 0x07, 0x08, 0x03, 0xe0, 0x2c, 0x90, 0x73, 0x65, 0x6c, 0xf6, 0xe0,
  0x68, 0x42, 0x6f, 0x70, 0x6f, 0x6c, 0xf3, 0xe0, 0x3e, 0x8b, 0xe2, 0xc4,
  0xbd, 0xe1, 0x02, 0x86, 0x79, 0x73, 0x69, 0xe1, 0xd5, 0x8d, 0x74, 0x76,
  0x75, 0x6f, 0x70, 0xed, 0xe0, 0x60, 0xb2, 0xeb, 0x03, 0x08, 0x87, 0x75,
  0x72, 0x61, 0x7a, 0xe1, 0xe0, 0x21, 0x42, 0x69, 0x6e, 0x6f, 0xe8, 0xe0,
  0x25, 0x5c, 0xe5, 0xe0, 0x2c, 0xa9, 0xe9, 0x0a, 0x05, 0x0b, 0x0c, 0x60,
  0x36, 0x9e, 0xe0, 0x26, 0x15, 0x7a, 0x75, 0xf2, 0xca, 0xed, 0xee, 0x04,
  0xe0, 0x69, 0x9b, 0x74, 0x65, 0xee, 0xe0, 0x64, 0x0a, 0xec, 0x04, 0xe0,
  0x64, 0x2d, 0x2d, 0x62, 0x6f, 0xf8, 0xe0, 0x2b, 0xc4, 0x62, 0x61, 0xf2,
  0xca, 0x24, 0xe7, 0x03, 0x0f, 0x8b, 0x69, 0x63, 0x70, 0x61, 0x74, 0x74,
  0x65, 0x72, 0x6e, 0xf3, 0x60, 0x62, 0xb3, 0xc5, 0xd7, 0x65, 0x6e, 0x74,
  0x6f, 0x73, 0x69, 0x74, 0xe5, 0xe0, 0x54, 0xaf, 0x61, 0xfa, 0xe0, 0x62,
  0xd4, 0x66, 0x65, 0xec, 0xe0, 0x5d, 0x6d, 0x65, 0x62, 0x61, 0x73, 0xe8,
  0xd5, 0x57, 0xe4, 0x02, 0x84, 0xf2, 0xe0, 0x5f, 0x42, 0x65, 0x74, 0x68,
  0x69, 0xf3, 0xe0, 0x60, 0x1e, 0xe3, 0x03, 0x06, 0x8b, 0x68, 0x69, 0xe4,
  0xe0, 0x61, 0xc5, 0xe5, 0x02, 0x84, 0xf2, 0xe0, 0x55, 0x1c, 0xe9, 0xe0,
  0x5a, 0x7b, 0xe1, 0xe0, 0x31, 0x34, 0xae, 0x60, 0x61, 0x59, 0x03, 0xc2,
  0x22, 0xec, 0x1e, 0x12, 0x0d, 0x40, 0x6f, 0x2e, 0x29, 0x41, 0x31, 0x04,
  0x0c, 0x41, 0x26, 0x0f, 0x40, 0xbe, 0x1c, 0x17, 0x41, 0xb9, 0x60, 0x2d,
  0x75, 0x59, 0xf7, 0x58, 0xf5, 0x03, 0xc1, 0x41, 0xf9, 0x04, 0xe0, 0x69,
  0x39, 0xee, 0x02, 0x84, 0xf8, 0xe0, 0x4d, 0x86, 0xe7, 0x60, 0x56, 0x66,
  0xca, 0x08, 0xf6, 0x06, 0x60, 0x4a, 0xd6, 0xde, 0x4f, 0xae, 0x60, 0x4a,
  0xe3, 0xd6, 0x3d, 0xf5, 0x12, 0x07, 0x09, 0x0a, 0x11, 0x04, 0x02, 0x0f,
  0x0b, 0x51, 0x01, 0x60, 0x42, 0x2c, 0x44, 0xa8, 0xd0, 0xec, 0x79, 0x61,
  0x6e, 0xe9, 0xe0, 0x47, 0xdb, 0xf8, 0x04, 0xe0, 0x67, 0x51, 0xf5, 0xe0,
  0x43, 0x1d, 0xf4, 0x04, 0xe0, 0x3d, 0x5f, 0x72, 0xe1, 0xe0, 0x59, 0xb7,
  0xee, 0x02, 0x84, 0xee, 0xe0, 0x5b, 0x11, 0xe4, 0x04, 0xe0, 0x67, 0x09,
  0x62, 0xe5, 0xe0, 0x37, 0x86, 0xeb, 0xe0, 0x59, 0xb3, 0xe8, 0x8b, 0xe7,
  0x05, 0x04, 0xe0, 0x64, 0x00, 0xf3, 0xe0, 0x64, 0x03, 0x61, 0xee, 0xe0,
  0x3d, 0x37, 0xe3, 0x02, 0x84, 0xe3, 0xe0, 0x60, 0x93, 0xe1, 0xe0, 0x4d,
  0xcf, 0xe2, 0x05, 0x06, 0xe0, 0x53, 0xdb, 0x6c, 0x69, 0xee, 0xe0, 0x53,
  0xd9, 0x61, 0x72, 0xf4, 0xc7, 0xa3, 0xf4, 0x06, 0x47, 0xac, 0xe0, 0x60,
  0xfd, 0xe4, 0x06, 0x60, 0x66, 0xb3, 0xc1, 0xef, 0xae, 0x0a, 0x06, 0x04,
  0x59, 0xca, 0x60, 0x2c, 0x81, 0xd4, 0x31, 0xf5, 0x60, 0x55, 0x0e, 0xd0,
  0xb3, 0xe7, 0xe0, 0x66, 0x16, 0xe3, 0x04, 0xe0, 0x65, 0xe2, 0x6f, 0x2e,
  0xe9, 0xe0, 0x65, 0xc4, 0xf0, 0x09, 0x0e, 0x43, 0x3e, 0x60, 0x59, 0x15,
  0xc0, 0x7a, 0xec, 0x04, 0xe0, 0x68, 0x73, 0x66, 0x69, 0x6e, 0x61, 0x6e,
  0xe3, 0xe0, 0x31, 0x22, 0x67, 0x2e, 0x6f, 0x62, 0x6a, 0x65, 0x63, 0x74,
  0x73, 0x74, 0x6f, 0x72, 0x61, 0xe7, 0xe0, 0x41, 0x8d, 0xef, 0x13, 0x05,
  0x24, 0x0a, 0x05, 0x07, 0x05, 0x1c, 0x17, 0x1c, 0x04, 0x07, 0x07, 0x3b,
  0x0d, 0x27, 0xe0, 0x64, 0xcf, 0x77, 0xe9, 0xe0, 0x4e, 0x44, 0xf6, 0x02,
  0x8c, 0xe5, 0x06, 0x60, 0x4c, 0xf5, 0xdb, 0x41, 0x73, 0xe9, 0xe0, 0x3d,
  0x7e, 0x61, 0x62, 0x6c, 0xe5, 0x02, 0x87, 0x70, 0x72, 0x6f, 0xea, 0xe0,
  0x3e, 0xb7, 0xae, 0x60, 0x4c, 0xb2, 0x43, 0x5f, 0xd1, 0x18, 0xf4, 0x04,
  0xe0, 0x55, 0x4c, 0xf4, 0x60, 0x66, 0x47, 0xa0, 0x73, 0xe5, 0xe0, 0x3c,
  0xbc, 0x72, 0x65, 0x6e, 0xf3, 0xe0, 0x37, 0x39, 0x70, 0xf0, 0xe0, 0x60,
  0x36, 0xee, 0x03, 0x04, 0x8b, 0xe7, 0xe0, 0x55, 0x98, 0xe4, 0x04, 0xe0,
  0x58, 0xde, 0x72, 0x69, 0xee, 0xe0, 0x5c, 0x6e, 0xad, 0x04, 0xe0, 0x2e,
  0x8e, 0xb2, 0xe0, 0x2e, 0x8e, 0xed, 0x07, 0x09, 0x60, 0x4c, 0x39, 0xc5,
  0xf3, 0x62, 0x61, 0x72, 0xe4, 0x60, 0x5d, 0x17, 0xc2, 0x8c, 0xae, 0x60,
  0x65, 0x72, 0xc0, 0x91, 0xec, 0x04, 0xe0, 0x67, 0xc9, 0xe9, 0x02, 0x88,
  0x74, 0x61, 0x70, 0x75, 0xee, 0xe0, 0x55, 0x6f, 0x70, 0x6f, 0xf0, 0x04,
  0xe0, 0x66, 0x7a, 0x6d, 0xe3, 0xe0, 0x67, 0x7d, 0xea, 0xe0, 0x65, 0x7c,
  0x69, 0x73, 0x69, 0xf2, 0xe0, 0x5b, 0x0f, 0x68, 0x6d, 0x75, 0xf3, 0xe0,
  0x4f, 0x15, 0xe7, 0x05, 0x09, 0xe0, 0x65, 0xfb, 0x6f, 0x69, 0x70, 0xae,
  0x60, 0x66, 0x82, 0xc0, 0x49, 0xe9, 0x02, 0x87, 0x73, 0x74, 0x69, 0xe3,
  0xe0, 0x62, 0x66, 0xee, 0x02, 0x85, 0x74, 0xef, 0xe0, 0x4e, 0xf4, 0x6c,
  0x69, 0x6e, 0x65, 0xae, 0x08, 0x60, 0x5b, 0xd6, 0x44, 0xa2, 0xc5, 0xbe,
  0xf3, 0x04, 0xe0, 0x5e, 0x0d, 0x65, 0x72, 0x76, 0x69, 0xe3, 0xe0, 0x66,
  0xc3, 0xe4, 0x02, 0x84, 0xfa, 0xe0, 0x52, 0x82, 0xe9, 0x60, 0x54, 0x90,
  0xd0, 0x6b, 0xe3, 0x05, 0x04, 0xe0, 0x61, 0x69, 0xeb, 0xe0, 0x50, 0x5f,
  0x61, 0xec, 0x03, 0x09, 0x89, 0x74, 0xef, 0x04, 0xe0, 0x4c, 0xf1, 0xee,
  0xd3, 0xc7, 0x70, 0x6c, 0x61, 0x79, 0x65, 0xf2, 0xe0, 0x5b, 0x9d, 0x63,
  0x65, 0xf2, 0xe0, 0x58, 0x8b, 0xe1, 0x04, 0xe0, 0x41, 0x40, 0xe2, 0xe0,
  0x51, 0x4d, 0xee, 0xe0, 0x50, 0x7e, 0xec, 0x04, 0xe0, 0x65, 0x3a, 0xe3,
  0x60, 0x3f, 0xb3, 0xe0, 0x27, 0x6b, 0xe9, 0x12, 0x1c, 0x0a, 0x36, 0x2d,
  0x13, 0x13, 0x0f, 0x17, 0x07, 0x04, 0x54, 0xe8, 0x60, 0x4e, 0xdb, 0xc2,
  0x62, 0xf6, 0x05, 0x05, 0xe0, 0x4f, 0x07, 0x6f, 0xf2, 0xe0, 0x59, 0x66,
  0xe5, 0x04, 0xe0, 0x66, 0xf5, 0xad, 0x03, 0xca, 0x0b, 0x77, 0x65, 0x62,
  0x73, 0xe9, 0xe0, 0x4f, 0xd9, 0x74, 0x74, 0x6c, 0x65, 0x73, 0x74, 0xe1,
  0xe0, 0x50, 0xac, 0xee, 0x04, 0x0c, 0x16, 0x8b, 0x6f, 0x64, 0x65, 0x6f,
  0x62, 0x6a, 0x65, 0x63, 0xf4, 0xe0, 0x62, 0x3b, 0xeb, 0x04, 0xe0, 0x66,
  0xc9, 0x79, 0x61, 0x72, 0xe4, 0x04, 0xe0, 0x5c, 0x31, 0x2d, 0x63, 0x6c,
  0x6f, 0x75, 0xe4, 0xe0, 0x5e, 0x3f, 0xe4, 0x02, 0x84, 0xe5, 0xe0, 0x2d,
  0x88, 0xe1, 0xe0, 0x61, 0x9d, 0x63, 0xef, 0xc7, 0x30, 0xed, 0x05, 0x05,
  0xe0, 0x64, 0xcf, 0x69, 0xf4, 0xe0, 0x44, 0xe9, 0xe1, 0x03, 0x05, 0x86,
  0x6e, 0xef, 0xe0, 0x50, 0xd1, 0x2e, 0x7a, 0xef, 0xe0, 0x52, 0xde, 0x2d,
  0x63, 0x69, 0x74, 0x79, 0xae, 0x06, 0x60, 0x65, 0xab, 0x0d, 0x82, 0x72,
  0x6f, 0x63, 0xeb, 0xe0, 0x65, 0xdb, 0x6c, 0xec, 0x04, 0xe0, 0x63, 0xd0,
  0xe5, 0x02, 0x84, 0xf3, 0xe0, 0x57, 0x2c, 0x68, 0x61, 0xed, 0xe0, 0x22,
  0x36, 0x6b, 0xe5, 0x04, 0xe0, 0x66, 0x63, 0xf3, 0x02, 0x86, 0x63, 0x61,
  0xee, 0xe0, 0x3c, 0x3f, 0x2d, 0xf0, 0xd3, 0x81, 0xe7, 0x05, 0x04, 0xe0,
  0x63, 0xea, 0xf5, 0xe0, 0x5e, 0x18, 0x68, 0xf4, 0xe0, 0x4e, 0x57, 0x66,
  0xe5, 0x05, 0x06, 0xe0, 0x66, 0x3a, 0x73, 0x74, 0xf9, 0xe0, 0x63, 0xeb,
  0x69, 0x6e, 0x73, 0x75, 0x72, 0x61, 0xee, 0xe0, 0x5f, 0x74, 0x65, 0xf2,
  0x60, 0x4d, 0x15, 0xd7, 0x3c, 0xe4, 0xe0, 0x63, 0x6a, 0xe2, 0x02, 0x8c,
  0x70, 0x32, 0x70, 0x2e, 0x64, 0x69, 0x72, 0x65, 0xe3, 0xe0, 0x65, 0xc4,
  0xae, 0x18, 0x4d, 0x4e, 0x13, 0x1c, 0x04, 0x60, 0x3b, 0x8a, 0x0b, 0x06,
  0x03, 0x03, 0x04, 0x05, 0x1e, 0x02, 0x06, 0x0b, 0x03, 0x06, 0x1a, 0xd6,
  0xbf, 0xed, 0x60, 0x49, 0x55, 0x03, 0x11, 0x0c, 0x03, 0x03, 0xd2, 0x1d,
  0xe7, 0x02, 0x84, 0xe2, 0xe0, 0x63, 0xe6, 0xae, 0x60, 0x3a, 0x62, 0x4d,
  0x47, 0xdc, 0x4c, 0xe5, 0x14, 0x07, 0x04, 0x04, 0x04, 0x0a, 0x09, 0x1e,
  0x0f, 0x06, 0x15, 0x15, 0x60, 0x2c, 0x3e, 0x46, 0x52, 0xe0, 0x30, 0x59,
  0x7a, 0x61, 0x6a, 0xf3, 0xe0, 0x50, 0x1b, 0xf8, 0xe0, 0x5f, 0xe1, 0xf6,
  0xe0, 0x4d, 0x10, 0xf3, 0xe0, 0x53, 0x3d, 0xee, 0x04, 0xe0, 0x28, 0x35,
  0x75, 0xe7, 0xe0, 0x63, 0x6b, 0xeb, 0x04, 0xe0, 0x5d, 0xde, 0xf3, 0xe0,
  0x28, 0x2a, 0xe9, 0x04, 0x09, 0x07, 0x85, 0x74, 0x75, 0x6e, 0x67, 0x73,
  0xe5, 0xe0, 0x38, 0x6d, 0xf2, 0x60, 0x28, 0x18, 0xe0, 0x2a, 0x92, 0x6c,
  0xe1, 0xe0, 0x56, 0xa1, 0xeb, 0xe0, 0x4c, 0xdb, 0xe7, 0x08, 0x60, 0x3b,
  0xd4, 0x60, 0x27, 0xde, 0xb9, 0x6e, 0x69, 0xe3, 0xe0, 0x53, 0x3b, 0x66,
  0x72, 0xe1, 0xe0, 0x62, 0xa3, 0xe3, 0x03, 0x05, 0x86, 0x7a, 0xee, 0xe0,
  0x3a, 0xf2, 0x6c, 0x65, 0xf2, 0xe0, 0x63, 0x36, 0xe3, 0x60, 0x5c, 0xbb,
  0xc6, 0x47, 0xe2, 0x03, 0x06, 0x85, 0x74, 0x69, 0xed, 0xe0, 0x29, 0xe1,
  0x6f, 0xf2, 0xe0, 0x4f, 0xa5, 0x65, 0x73, 0xe2, 0xe0, 0x5b, 0x44, 0xe1,
  0x04, 0x06, 0x0d, 0x85, 0xf3, 0x60, 0x52, 0x72, 0xd1, 0x24, 0x70, 0x63,
  0x65, 0x6c, 0x6c, 0xae, 0x60, 0x4d, 0x4c, 0x4c, 0x52, 0xc4, 0xa2, 0x6e,
  0xe7, 0xe0, 0x27, 0xa1, 0x64, 0x70, 0x61, 0x67, 0x65, 0xf3, 0xe0, 0x49,
  0x3d, 0xe3, 0x07, 0x07, 0x60, 0x62, 0xb4, 0xc2, 0x62, 0x75, 0x62, 0x65,
  0xad, 0xe0, 0x37, 0xb2, 0xec, 0x04, 0xe0, 0x63, 0x48, 0x73, 0x74, 0x61,
  0x67, 0xe5, 0xe0, 0x63, 0x43, 0xe2, 0x04, 0xe0, 0x65, 0x04, 0x2e, 0x72,
  0x75, 0xad, 0x02, 0x86, 0x73, 0x70, 0xe2, 0xe0, 0x34, 0x02, 0x6d, 0x73,
  0xeb, 0xe0, 0x33, 0xfc, 0xe1, 0x1d, 0x06, 0x10, 0x0b, 0x15, 0x08, 0x0f,
  0x06, 0x04, 0x05, 0x33, 0x40, 0x86, 0x06, 0x06, 0x06, 0x06, 0x07, 0x40,
  0x55, 0x0b, 0x60, 0x2e, 0xb2, 0x60, 0x2d, 0x43, 0xc7, 0x4b, 0xfa, 0x60,
  0x49, 0xd8, 0xd8, 0x99, 0xf7, 0x05, 0x04, 0xe0, 0x64, 0xc4, 0xf9, 0xe0,
  0x4d, 0xd5, 0xae, 0x60, 0x5f, 0x8d, 0xc3, 0x60, 0x76, 0xe1, 0x04, 0xe0,
  0x51, 0xeb, 0x67, 0xe9, 0xe0, 0x5f, 0xa3, 0xf4, 0x07, 0x06, 0x60, 0x62,
  0x70, 0xc2, 0x35, 0x72, 0x6f, 0xe2, 0xe0, 0x62, 0xf9, 0x69, 0xee, 0x60,
  0x5c, 0x6e, 0xc6, 0x66, 0xf3, 0x03, 0xc1, 0x5c, 0xe1, 0xe0, 0x58, 0x44,
  0xf2, 0x07, 0x60, 0x27, 0x0d, 0xe0, 0x34, 0xbe, 0x61, 0x76, 0x65, 0xec,
  0xe0, 0x59, 0xfa, 0x71, 0x75, 0xe9, 0xe0, 0x4e, 0xb9, 0xf0, 0xe0, 0x4f,
  0x32, 0x6f, 0xe3, 0xe0, 0x38, 0x45, 0xee, 0x04, 0x04, 0x0a, 0x9c, 0xf8,
  0xe0, 0x5b, 0x50, 0xe7, 0x04, 0xe0, 0x4f, 0x26, 0x73, 0xef, 0xe0, 0x52,
  0x05, 0xe4, 0x06, 0x05, 0x06, 0xe0, 0x64, 0x53, 0x72, 0xef, 0xe0, 0x39,
  0x3a, 0x69, 0x6e, 0x67, 0xae, 0xd9, 0x76, 0x2d, 0x34, 0x2d, 0x73, 0x61,
  0x6c, 0xe5, 0xe0, 0x62, 0x27, 0x62, 0xe9, 0xc4, 0x74, 0xed, 0x05, 0x04,
  0xe0, 0x4d, 0x49, 0xe4, 0xe0, 0x4e, 0x41, 0xe2, 0x02, 0x88, 0x6f, 0x72,
  0x67, 0x68, 0xe9, 0xe0, 0x44, 0x76, 0x64, 0x61, 0x2d, 0x75, 0x72, 0x6c,
  0xae, 0x06, 0x10, 0x04, 0x04, 0x0e, 0x8b, 0x75, 0x73, 0xad, 0x02, 0x83,
  0x77, 0xe5, 0x83, 0x65, 0x61, 0x73, 0x74, 0xad, 0x40, 0x42, 0x8f, 0x73,
  0x61, 0xad, 0xbe, 0x6d, 0xe5, 0xc0, 0x41, 0x65, 0x75, 0xad, 0x04, 0x03,
  0x07, 0xaf, 0x77, 0xe5, 0xa6, 0x6e, 0x6f, 0xf2, 0xb6, 0x63, 0x61, 0x2d,
  0x63, 0x65, 0x6e, 0x74, 0x72, 0x61, 0xec, 0xad, 0xe1, 0x02, 0xa2, 0x70,
  0xad, 0x03, 0x07, 0x91, 0x73, 0x6f, 0x75, 0x74, 0xe8, 0x07, 0x98, 0x6e,
  0x6f, 0x72, 0x74, 0x68, 0x65, 0x61, 0x73, 0x74, 0xad, 0x03, 0x02, 0x8f,
  0xb3, 0x91, 0xb2, 0x8f, 0x65, 0x61, 0x73, 0xf4, 0x88, 0x66, 0x2d, 0x73,
  0x6f, 0x75, 0x74, 0x68, 0x2d, 0x31, 0x2e, 0x6f, 0xee, 0xc0, 0x71, 0x6b,
  0x61, 0xf3, 0xe0, 0x62, 0x85, 0x69, 0x63, 0xe8, 0xe0, 0x50, 0x6f, 0x68,
  0x70, 0xf0, 0xe0, 0x5a, 0x60, 0x64, 0x65, 0xf3, 0xe0, 0x5f, 0x01, 0x63,
  0x61, 0x69, 0xf8, 0xe0, 0x61, 0xb4, 0x62, 0x65, 0x6c, 0x69, 0x6e, 0x67,
  0xae, 0x04, 0x0b, 0x08, 0x8b, 0x75, 0x73, 0xad, 0x02, 0xac, 0x77, 0x65,
  0x73, 0x74, 0xad, 0xae, 0x65, 0x75, 0xad, 0x02, 0x86, 0x77, 0xe5, 0xa1,
  0x63, 0x61, 0x2d, 0x63, 0x65, 0x6e, 0x74, 0x72, 0x61, 0xec, 0x8d, 0x61,
  0x70, 0xad, 0x02, 0x89, 0x73, 0x6f, 0x75, 0x74, 0xe8, 0x02, 0x87, 0xad,
  0x8f, 0x6e, 0x6f, 0x72, 0x74, 0x68, 0x65, 0x61, 0x73, 0x74, 0xad, 0x02,
  0x82, 0xb2, 0x82, 0x31, 0x2e, 0x73, 0x61, 0x67, 0x65, 0x6d, 0x61, 0x6b,
  0x65, 0x72, 0x2e, 0xe1, 0xe0, 0x5e, 0xfe, 0x61, 0x6b, 0x65, 0x73, 0x76,
  0x75, 0x65, 0xed, 0xe0, 0x5f, 0x0a, 0x2d, 0x73, 0x70, 0xe5, 0xe0, 0x22,
  0x87, 0x2d, 0x6f, 0x2d, 0x67, 0x2d, 0x69, 0xad, 0xe0, 0x36, 0x02, 0xeb,
  0x21, 0x3a, 0x0a, 0x29, 0x41, 0x34, 0x04, 0x40, 0x73, 0x0d, 0x41, 0x94,
  0x2e, 0x0c, 0x14, 0x41, 0xb1, 0x40, 0x4e, 0x06, 0x04, 0x40, 0x6a, 0x0b,
  0x43, 0xb8, 0x09, 0x60, 0x23, 0x03, 0xe0, 0x32, 0xe5, 0xf9, 0x09, 0x07,
  0x60, 0x44, 0xad, 0x57, 0x04, 0xc7, 0x4b, 0x75, 0x72, 0x61, 0xe7, 0xe0,
  0x26, 0xee, 0xef, 0x05, 0x08, 0xe0, 0x43, 0xab, 0x77, 0x61, 0xae, 0x60,
  0x5b, 0x39, 0xc5, 0xbc, 0xf4, 0x02, 0x86, 0xef, 0x60, 0x60, 0xf4, 0xc1,
  0xf6, 0xe1, 0x02, 0x8a, 0xee, 0x02, 0x83, 0xe7, 0xca, 0xe5, 0xe1, 0xe0,
  0x51, 0x64, 0x6d, 0xe2, 0xe0, 0x26, 0xd3, 0xf7, 0x04, 0xe0, 0x62, 0xce,
  0xf0, 0x43, 0xaf, 0xdc, 0x7f, 0xf6, 0x05, 0x13, 0xe0, 0x44, 0x6e, 0xe9,
  0x02, 0x88, 0xf4, 0x03, 0xc7, 0xe7, 0x65, 0xf3, 0xdd, 0x22, 0xee, 0x04,
  0xe0, 0x25, 0xa8, 0xee, 0xc1, 0x72, 0xe1, 0x07, 0x04, 0x60, 0x4f, 0xb5,
  0xc5, 0x0f, 0xee, 0xe0, 0x4f, 0xd9, 0xec, 0xe0, 0x49, 0xbe, 0xf5, 0x12,
  0x05, 0x05, 0x0b, 0x24, 0x40, 0x4a, 0x08, 0x2f, 0x3a, 0x09, 0x0e, 0x0d,
  0x4b, 0xbf, 0xe0, 0x48, 0x2c, 0x7a, 0x75, 0xed, 0xdd, 0x51, 0x77, 0x61,
  0xee, 0xc8, 0xef, 0xf4, 0x04, 0xe0, 0x22, 0xa8, 0x63, 0x68, 0xe1, 0xe0,
  0x2f, 0x11, 0xf3, 0x06, 0x08, 0x0b, 0xe0, 0x4d, 0x2b, 0x74, 0x61, 0x6e,
  0x61, 0xe9, 0xe0, 0x5e, 0x51, 0x68, 0xe9, 0x04, 0xe0, 0x54, 0x92, 0xed,
  0x56, 0x91, 0xc6, 0x12, 0x61, 0x74, 0x73, 0x75, 0xae, 0x60, 0x57, 0xe8,
  0xc3, 0x81, 0xf2, 0x06, 0x03, 0x23, 0x06, 0x04, 0x84, 0x75, 0xed, 0xb6,
  0xef, 0x07, 0x03, 0x07, 0x09, 0x03, 0xdd, 0x57, 0xf4, 0xc7, 0xd4, 0x6d,
  0x61, 0x74, 0x73, 0xf5, 0xd7, 0xa3, 0x69, 0xf3, 0x04, 0xe0, 0x4d, 0xcb,
  0xe8, 0xdc, 0x79, 0xe7, 0xd3, 0x99, 0x62, 0xe5, 0xe0, 0x26, 0x0b, 0x69,
  0x79, 0xe1, 0xe0, 0x53, 0x2d, 0xe7, 0xe0, 0x50, 0x93, 0xe5, 0xe0, 0x54,
  0x93, 0xe1, 0x02, 0x85, 0x74, 0xe5, 0xe0, 0x48, 0x46, 0x73, 0x68, 0x69,
  0xeb, 0xe0, 0x54, 0x90, 0x6f, 0x6b, 0x67, 0x72, 0xef, 0xe0, 0x24, 0xc3,
  0xee, 0x04, 0x03, 0x07, 0x99, 0xef, 0xd5, 0x8c, 0x6e, 0x65, 0x70, 0xf0,
  0xe0, 0x5c, 0x62, 0xe9, 0x04, 0x08, 0x05, 0x84, 0xf4, 0x04, 0xe0, 0x5e,
  0x2a, 0xef, 0xc5, 0xe6, 0x73, 0x61, 0xeb, 0xd9, 0x72, 0xed, 0xe0, 0x4e,
  0xd5, 0xe7, 0xde, 0x2f, 0x64, 0x65, 0x6e, 0xae, 0xe0, 0x2c, 0xec, 0xed,
  0x03, 0x04, 0x8e, 0xe9, 0xe0, 0x25, 0xc8, 0xe5, 0x02, 0x85, 0x6e, 0xe1,
  0xe0, 0x4b, 0x38, 0x6a, 0x69, 0xed, 0xe0, 0x22, 0xea, 0xe1, 0x06, 0x05,
  0x07, 0x0a, 0xdb, 0x97, 0x74, 0x6f, 0xf2, 0xd9, 0x94, 0x6e, 0x6f, 0xae,
  0x60, 0x54, 0x26, 0xb5, 0x6d, 0x6f, 0x74, 0x6f, 0xae, 0x60, 0x58, 0xab,
  0xc7, 0x05, 0x6b, 0x6f, 0x67, 0xe5, 0xe0, 0x5b, 0xeb, 0x6c, 0x65, 0x75,
  0x76, 0x65, 0xee, 0xe0, 0x57, 0x03, 0xea, 0x04, 0xe0, 0x26, 0x20, 0xf5,
  0x04, 0xe0, 0x4c, 0x54, 0x6b, 0xf5, 0xc6, 0x0f, 0xe4, 0x02, 0x83, 0xef,
  0xc2, 0xc9, 0x61, 0x6d, 0x61, 0x74, 0xf3, 0xd7, 0xc7, 0x63, 0x68, 0x69,
  0x6e, 0x6f, 0xf4, 0xe0, 0x24, 0xa4, 0x73, 0xae, 0xd3, 0x0a, 0xf2, 0x0b,
  0x05, 0x1d, 0x0c, 0x0a, 0x27, 0x60, 0x5e, 0x67, 0xc2, 0x96, 0x79, 0xed,
  0xe0, 0x43, 0x18, 0xef, 0x03, 0x06, 0x8b, 0x70, 0x79, 0x76, 0xee, 0xc4,
  0x17, 0x6b, 0x73, 0x74, 0x61, 0x64, 0x65, 0x6c, 0xf6, 0xe0, 0x59, 0x77,
  0x64, 0x73, 0x68, 0x65, 0xf2, 0xe0, 0x29, 0x4f, 0x69, 0x73, 0x74, 0x69,
  0x61, 0x6e, 0xf3, 0x60, 0x51, 0xed, 0xc7, 0x07, 0xe5, 0x04, 0xe0, 0x5e,
  0x93, 0x6c, 0xec, 0xe0, 0x38, 0x10, 0xe1, 0x04, 0x0f, 0x06, 0x86, 0x73,
  0xee, 0x02, 0x87, 0x6f, 0x64, 0x61, 0xf2, 0xe0, 0x5e, 0xce, 0xe9, 0xe0,
  0x23, 0x3c, 0x6b, 0x6f, 0xf7, 0xe0, 0x4c, 0x2e, 0x67, 0x65, 0xf2, 0xe0,
  0x57, 0x0f, 0x61, 0x6e, 0x67, 0xe8, 0xe0, 0x2a, 0xac, 0xae, 0x60, 0x42,
  0xbb, 0x56, 0x3d, 0xc5, 0xa3, 0xf0, 0x08, 0x41, 0xcd, 0x60, 0x5d, 0xaa,
  0xc1, 0x75, 0xed, 0xe0, 0x60, 0xea, 0xef, 0x13, 0x12, 0x04, 0x1a, 0x18,
  0x25, 0x16, 0x0a, 0x0f, 0x3a, 0x40, 0x4c, 0x09, 0x13, 0x15, 0x05, 0x05,
  0x05, 0x89, 0xfa, 0x02, 0x85, 0x6f, 0xf7, 0xe0, 0x5f, 0xba, 0xe1, 0x05,
  0x60, 0x53, 0xff, 0x84, 0xeb, 0xe0, 0x41, 0x7f, 0xf9, 0xe0, 0x53, 0xfd,
  0xf5, 0x04, 0x05, 0x05, 0x86, 0x7a, 0xf5, 0xe0, 0x59, 0x02, 0x79, 0x61,
  0xed, 0xc6, 0x32, 0x6e, 0x6f, 0xf3, 0xe0, 0x42, 0x3c, 0x68, 0x6f, 0xeb,
  0xc5, 0xe9, 0xf4, 0x04, 0xe0, 0x41, 0x90, 0xef, 0x03, 0x03, 0x86, 0xf5,
  0xc4, 0xca, 0x68, 0x69, 0xf2, 0xe0, 0x4f, 0x19, 0xae, 0x60, 0x59, 0xa1,
  0xc3, 0x36, 0xf3, 0x04, 0x06, 0x11, 0x83, 0x75, 0x67, 0xe5, 0xe0, 0x34,
  0x28, 0xe8, 0x06, 0x40, 0xfa, 0xe0, 0x48, 0x8e, 0xe9, 0x03, 0xda, 0x6d,
  0x6d, 0x69, 0xfa, 0xe0, 0x5a, 0xdf, 0xe5, 0xd8, 0x63, 0xe1, 0x46, 0x71,
  0xe0, 0x4d, 0x8a, 0xf2, 0x03, 0x03, 0x87, 0xf9, 0xd8, 0x15, 0x69, 0x79,
  0x61, 0xed, 0xe0, 0x52, 0xe6, 0x65, 0xe1, 0x60, 0x26, 0x99, 0xe0, 0x24,
  0xb2, 0xf0, 0x04, 0xe0, 0x36, 0x75, 0x65, 0xf2, 0xe0, 0x22, 0xc9, 0xef,
  0x02, 0x84, 0xf2, 0xe0, 0x4d, 0x38, 0x62, 0x69, 0x6e, 0x2e, 0xe5, 0xe0,
  0x3d, 0xb9, 0xee, 0x08, 0x08, 0x06, 0x11, 0x0b, 0xe0, 0x4b, 0x2b, 0x79,
  0x76, 0x65, 0x6c, 0xef, 0xe0, 0x5e, 0xf3, 0x74, 0x75, 0xed, 0xe0, 0x55,
  0xd2, 0xf3, 0x02, 0x86, 0x75, 0x6c, 0x61, 0xf4, 0xdd, 0x7b, 0x6b, 0x6f,
  0x77, 0x6f, 0xec, 0xe0, 0x4d, 0xd0, 0x67, 0xf3, 0x04, 0xe0, 0x2f, 0x3f,
  0x76, 0xe9, 0xe0, 0x47, 0x57, 0x61, 0x6e, 0xae, 0x60, 0x59, 0x12, 0x89,
  0xed, 0x05, 0x06, 0x0b, 0x11, 0x87, 0x76, 0x75, 0xf8, 0xe0, 0x4b, 0x4d,
  0xef, 0x02, 0x84, 0xf2, 0xe0, 0x4e, 0x51, 0x6e, 0xef, 0xd1, 0x72, 0x6d,
  0x75, 0xee, 0x04, 0xe0, 0x5e, 0x02, 0x61, 0x6c, 0x66, 0x6f, 0x72, 0x62,
  0xf5, 0xe0, 0x47, 0x4f, 0x66, 0x6f, 0x72, 0xe2, 0xe0, 0x4b, 0x2a, 0xe1,
  0x06, 0x0f, 0x4b, 0x2b, 0xcc, 0xb1, 0x74, 0x73, 0xf5, 0x06, 0x60, 0x55,
  0xe2, 0xc9, 0xdd, 0x73, 0x68, 0x69, 0xed, 0xd3, 0x6e, 0x67, 0x61, 0x6e,
  0xe5, 0xe0, 0x5c, 0x31, 0x6c, 0x6f, 0x62, 0x72, 0x7a, 0xe5, 0xe0, 0x2e,
  0xa3, 0xeb, 0x03, 0x06, 0x85, 0x75, 0x62, 0x75, 0xee, 0xdb, 0x56, 0x6f,
  0x6e, 0xef, 0xc5, 0x7f, 0xe1, 0xe0, 0x58, 0xa8, 0xe7, 0x02, 0x84, 0xe5,
  0xe0, 0x40, 0x6b, 0xe1, 0x02, 0x85, 0x6e, 0xe5, 0xe0, 0x5b, 0xce, 0xae,
  0x60, 0x51, 0xc4, 0xc4, 0x7c, 0x66, 0xf5, 0xe0, 0x33, 0x23, 0x65, 0xec,
  0xe0, 0x5e, 0x05, 0x64, 0x61, 0xe9, 0xda, 0x46, 0x63, 0x68, 0x69, 0xae,
  0x60, 0x57, 0xc7, 0xc5, 0xb2, 0xe2, 0x03, 0x07, 0x83, 0x69, 0x65, 0x72,
  0x7a, 0xf9, 0xde, 0xa5, 0xe5, 0xc0, 0xd7, 0x61, 0x79, 0x61, 0x73, 0xe8,
  0xc3, 0x55, 0xee, 0x06, 0x09, 0x0b, 0xe0, 0x5f, 0x39, 0x78, 0x2d, 0x73,
  0x65, 0x72, 0xf6, 0xe0, 0x3d, 0xb4, 0x6f, 0x77, 0x73, 0x69, 0x74, 0x61,
  0x6c, 0xec, 0xe0, 0x4b, 0xcd, 0x69, 0x67, 0x68, 0x74, 0x70, 0x6f, 0x69,
  0x6e, 0x74, 0x2e, 0x73, 0x79, 0x73, 0x74, 0x65, 0xed, 0xe0, 0x5e, 0x85,
  0xed, 0x06, 0x60, 0x40, 0xdd, 0xde, 0x42, 0x70, 0x73, 0xf0, 0xdc, 0x7d,
  0xec, 0x03, 0x06, 0x86, 0x6f, 0x64, 0x7a, 0xeb, 0xdf, 0x3d, 0x65, 0x70,
  0xf0, 0xe0, 0x5d, 0x30, 0xe1, 0xe0, 0x55, 0x09, 0xe9, 0x17, 0x05, 0x15,
  0x0b, 0x40, 0x91, 0x27, 0x27, 0x2a, 0x14, 0x17, 0x18, 0x04, 0x0a, 0x09,
  0x0a, 0x60, 0x41, 0x8f, 0x59, 0xde, 0xc1, 0xef, 0x7a, 0xf5, 0xe0, 0x4d,
  0x77, 0xf9, 0x03, 0xd9, 0xe1, 0xef, 0x04, 0xe0, 0x59, 0x38, 0xf3, 0x06,
  0x56, 0xfc, 0xe0, 0x28, 0xd5, 0x61, 0xf4, 0xe0, 0x51, 0x07, 0xf7, 0x03,
  0xc5, 0x3a, 0xe9, 0x60, 0x20, 0xde, 0xe0, 0x3d, 0xf1, 0xf4, 0x02, 0x85,
  0x63, 0xe8, 0xe0, 0x21, 0x29, 0xe1, 0x0b, 0x06, 0x04, 0x0a, 0x0b, 0x08,
  0x17, 0x10, 0x14, 0x08, 0x8b, 0x79, 0x61, 0xed, 0xe0, 0x51, 0xee, 0x75,
  0xf2, 0xd2, 0xdc, 0x73, 0x68, 0x69, 0x6f, 0x62, 0x61, 0xf2, 0xe0, 0x51,
  0x2e, 0x6e, 0x61, 0x6b, 0x61, 0x67, 0x75, 0x73, 0x75, 0xeb, 0xda, 0x1e,
  0xed, 0x04, 0xe0, 0x5c, 0x91, 0xef, 0xc4, 0x91, 0xeb, 0x02, 0x88, 0x79,
  0x75, 0x73, 0x68, 0x75, 0xae, 0xc2, 0x59, 0xe1, 0x03, 0xd5, 0xbb, 0x74,
  0x61, 0xae, 0x60, 0x4d, 0x0d, 0xca, 0x5e, 0xe8, 0x02, 0x89, 0x69, 0x72,
  0x6f, 0x73, 0x68, 0xe9, 0xe0, 0x4f, 0x77, 0xe1, 0xe0, 0x51, 0x9c, 0x67,
  0xe1, 0x02, 0x88, 0x77, 0x61, 0xae, 0x60, 0x4c, 0xf1, 0xc9, 0xc8, 0x74,
  0x61, 0xae, 0x60, 0x51, 0x9e, 0xc2, 0x3c, 0x64, 0x61, 0x69, 0x74, 0xef,
  0xe0, 0x58, 0xec, 0xe1, 0x02, 0x84, 0x6b, 0xe9, 0xd9, 0xf6, 0xe9, 0xe0,
  0x53, 0x93, 0xae, 0x60, 0x4c, 0xcb, 0x4d, 0xba, 0xc1, 0x9c, 0xf3, 0x03,
  0x14, 0x88, 0xef, 0x05, 0x06, 0xe0, 0x5a, 0xa4, 0x73, 0x61, 0x6b, 0xe9,
  0xcf, 0xb3, 0x66, 0x75, 0x6b, 0x75, 0x73, 0xe8, 0xd0, 0xde, 0x68, 0x69,
  0x77, 0x61, 0xe4, 0xe0, 0x3f, 0x98, 0x61, 0x72, 0x61, 0xfa, 0xe0, 0x21,
  0x45, 0xf2, 0x04, 0x05, 0x0a, 0x86, 0x79, 0xf5, 0xe0, 0x53, 0x98, 0x6f,
  0x76, 0x6f, 0x67, 0x72, 0x61, 0xe4, 0xe0, 0x3f, 0xbe, 0xeb, 0x60, 0x51,
  0x67, 0xc7, 0x7f, 0xe1, 0x02, 0x84, 0x72, 0xe1, 0xd7, 0x25, 0xae, 0x60,
  0x51, 0x5b, 0xc5, 0xad, 0xee, 0x05, 0x05, 0x05, 0x09, 0x84, 0x6f, 0xeb,
  0xe0, 0x51, 0x1c, 0x6b, 0xef, 0xe0, 0x55, 0xec, 0xe7, 0x04, 0xe0, 0x4f,
  0x29, 0xf3, 0xe0, 0x45, 0x1e, 0xe4, 0xe0, 0x5b, 0x7e, 0xae, 0x03, 0xd0,
  0xf0, 0xef, 0x04, 0xe0, 0x58, 0x64, 0xee, 0xe0, 0x52, 0xbd, 0xed, 0x07,
  0x04, 0x60, 0x51, 0x1f, 0xcc, 0x95, 0xef, 0xe0, 0x58, 0x1f, 0xe9, 0x04,
  0xe0, 0x20, 0xde, 0xee, 0xdd, 0x6f, 0xec, 0x04, 0xe0, 0x36, 0x5e, 0xef,
  0x04, 0xe0, 0x5d, 0x6a, 0x61, 0x70, 0x70, 0x73, 0xae, 0x04, 0xe0, 0x5c,
  0x5d, 0xe1, 0xe0, 0x5d, 0x0b, 0xeb, 0x03, 0x0a, 0x83, 0xf5, 0x03, 0xc4,
  0x3a, 0x63, 0x68, 0xe9, 0xe0, 0x54, 0x8f, 0xef, 0xd2, 0xef, 0x69, 0x72,
  0x61, 0xf2, 0xe0, 0x4a, 0x86, 0xea, 0xe0, 0x2e, 0xaa, 0x68, 0xef, 0x03,
  0xce, 0xfd, 0x6b, 0xf5, 0xe0, 0x57, 0xc2, 0xe5, 0x04, 0xe0, 0x3f, 0x1f,
  0xee, 0xe0, 0x4b, 0x09, 0x63, 0x6b, 0x73, 0x2d, 0x61, 0x73, 0xf3, 0xe0,
  0x2a, 0xde, 0x62, 0x69, 0x63, 0x68, 0xf5, 0xc4, 0x5f, 0xe8, 0x0a, 0x05,
  0x07, 0x16, 0x08, 0x60, 0x3e, 0xde, 0xde, 0x42, 0x73, 0xea, 0xe0, 0x50,
  0x02, 0x70, 0x6c, 0x61, 0xf9, 0xe0, 0x3d, 0x6e, 0x6d, 0x65, 0x6c, 0xee,
  0x02, 0x88, 0x79, 0x74, 0x73, 0x6b, 0xf9, 0xe0, 0x3e, 0xe1, 0x69, 0x74,
  0x73, 0x6b, 0xe9, 0xe0, 0x3e, 0xe8, 0x65, 0x72, 0x73, 0x6f, 0xee, 0xe0,
  0x3e, 0xe1, 0xe1, 0x03, 0x06, 0x88, 0x72, 0xeb, 0x60, 0x3e, 0xcb, 0x83,
  0x6e, 0x68, 0x68, 0x6f, 0xe1, 0xe0, 0x52, 0xbf, 0x6b, 0x61, 0x73, 0xf3,
  0xe0, 0x5a, 0xbf, 0xe7, 0x60, 0x43, 0x5a, 0xd9, 0xac, 0xe6, 0xe0, 0x5a,
  0x01, 0xe5, 0x0d, 0x1c, 0x05, 0x16, 0x06, 0x07, 0x05, 0x60, 0x36, 0x1a,
  0xe0, 0x26, 0x8c, 0xf9, 0x03, 0x09, 0x87, 0x77, 0x6f, 0x72, 0x64, 0x2d,
  0xef, 0xe0, 0x46, 0x29, 0x70, 0x6f, 0x72, 0xf4, 0xe0, 0x5a, 0xb6, 0x6d,
  0x61, 0x63, 0x68, 0x69, 0xee, 0xc8, 0xaf, 0x74, 0xf2, 0xe0, 0x3d, 0x1b,
  0x72, 0x72, 0xf9, 0x02, 0x8b, 0x70, 0x72, 0x6f, 0x70, 0x65, 0x72, 0x74,
  0xe9, 0xe0, 0x4e, 0x89, 0x68, 0x6f, 0xf4, 0xe0, 0x43, 0xad, 0xf0, 0x5c,
  0xe1, 0xe0, 0x2b, 0x47, 0x6d, 0x62, 0x75, 0xe3, 0xe0, 0x54, 0xe6, 0x69,
  0xf3, 0xe0, 0x42, 0xd9, 0x65, 0x6e, 0x65, 0x74, 0x69, 0x63, 0xae, 0x08,
  0x60, 0x23, 0xb7, 0x5d, 0x73, 0xda, 0x31, 0xf0, 0xe0, 0x48, 0xd8, 0xe4,
  0x02, 0x84, 0xee, 0xe0, 0x27, 0x41, 0xe4, 0xe0, 0x5a, 0x11, 0xe1, 0x18,
  0x19, 0x04, 0x40, 0xa3, 0x0f, 0x40, 0x41, 0x40, 0x64, 0x40, 0x5d, 0x06,
  0x40, 0x55, 0x40, 0xc6, 0x14, 0x26, 0x1f, 0x0e, 0x28, 0x09, 0x90, 0xfa,
  0x05, 0x05, 0xe0, 0x20, 0xb4, 0x75, 0xee, 0xe0, 0x20, 0xa5, 0x69, 0x6d,
  0x69, 0x65, 0x72, 0x7a, 0x2d, 0x64, 0x6f, 0x6c, 0xee, 0xe0, 0x47, 0x0b,
  0x79, 0xe1, 0xd1, 0xb7, 0x77, 0xe1, 0x0e, 0x03, 0x05, 0x06, 0x0d, 0x03,
  0x1c, 0x10, 0x12, 0x04, 0x10, 0x07, 0x10, 0x88, 0xfa, 0xd7, 0x4c, 0x75,
  0xe5, 0xe0, 0x51, 0xbe, 0x74, 0x61, 0xee, 0xe0, 0x3d, 0xa1, 0x73, 0x61,
  0x6b, 0x69, 0xae, 0x03, 0xdf, 0x89, 0x6a, 0xf0, 0xe0, 0x3b, 0xe4, 0xf2,
  0xd7, 0x7e, 0xee, 0x03, 0x0c, 0x87, 0x69, 0x73, 0x68, 0x69, 0xae, 0x60,
  0x4e, 0xbe, 0x43, 0x57, 0xc4, 0x4d, 0x65, 0x68, 0x6f, 0xee, 0xe0, 0x4f,
  0xa0, 0x61, 0xe2, 0xe0, 0x54, 0x19, 0xed, 0x02, 0x88, 0x69, 0x6e, 0x61,
  0x6d, 0xe9, 0xe0, 0x4a, 0x90, 0x61, 0xf4, 0xe0, 0x4e, 0x85, 0xeb, 0x02,
  0x84, 0x69, 0xf4, 0xc1, 0xac, 0x61, 0x6d, 0x69, 0x2e, 0x6e, 0xe1, 0x60,
  0x51, 0xe7, 0xc6, 0x83, 0x6a, 0xe9, 0xd5, 0xd8, 0xe9, 0x02, 0x86, 0x69,
  0x73, 0xe8, 0xe0, 0x49, 0x74, 0xae, 0x60, 0x20, 0x6f, 0xe0, 0x31, 0x63,
  0x68, 0x61, 0x72, 0xe1, 0xe0, 0x3c, 0xa7, 0xe7, 0x02, 0x85, 0x75, 0x63,
  0xe8, 0xc6, 0x10, 0x6f, 0x65, 0xae, 0x60, 0x4e, 0x6d, 0xc0, 0xdc, 0x63,
  0x68, 0x69, 0x6e, 0x61, 0xe7, 0xc5, 0xcc, 0xe2, 0xe0, 0x51, 0x3f, 0xf5,
  0x02, 0x89, 0x74, 0x6f, 0x6b, 0x65, 0x69, 0xee, 0xe0, 0x51, 0xae, 0xe6,
  0xde, 0x07, 0xf4, 0x03, 0x21, 0x8a, 0x73, 0xf5, 0x04, 0x07, 0x03, 0x87,
  0x79, 0x61, 0x6d, 0xe1, 0xe0, 0x2c, 0xa7, 0xf5, 0xcf, 0x3d, 0x73, 0x68,
  0x69, 0xeb, 0xe0, 0x53, 0xd7, 0x72, 0x61, 0x67, 0x69, 0xae, 0x60, 0x4e,
  0xbe, 0xc2, 0xbc, 0xef, 0x02, 0x83, 0xf7, 0xda, 0xbb, 0xf2, 0xe0, 0x3c,
  0x2e, 0xe1, 0x05, 0x07, 0xe0, 0x59, 0x43, 0x73, 0x68, 0x69, 0xee, 0xe0,
  0x50, 0xf4, 0x67, 0x61, 0xed, 0xc1, 0x85, 0xf3, 0x07, 0x06, 0x1e, 0x1f,
  0xe0, 0x34, 0xf0, 0x7a, 0x75, 0xe2, 0xe0, 0x46, 0x06, 0xf5, 0x04, 0x03,
  0x08, 0x87, 0xf9, 0xd6, 0xa3, 0x6d, 0x69, 0x67, 0x61, 0x75, 0xf2, 0xd2,
  0x25, 0x6b, 0x61, 0x62, 0xe5, 0xe0, 0x4d, 0xca, 0x67, 0xe1, 0x60, 0x4d,
  0x72, 0xc6, 0xdd, 0x68, 0xe9, 0x04, 0x09, 0x08, 0x85, 0x77, 0xe1, 0x45,
  0x2f, 0x5a, 0x6d, 0xe0, 0x39, 0x53, 0x6d, 0x61, 0xae, 0x60, 0x4e, 0x67,
  0xc3, 0x74, 0x68, 0x61, 0xf2, 0xcd, 0xb4, 0xe2, 0xcd, 0xb1, 0xe1, 0x07,
  0x05, 0x41, 0xbe, 0xe0, 0x53, 0x8e, 0x6f, 0xeb, 0xe0, 0x53, 0xa3, 0x6d,
  0xe1, 0x04, 0xe0, 0x51, 0xba, 0x74, 0x73, 0xf5, 0xe0, 0x50, 0x7f, 0xf2,
  0x08, 0x0d, 0x06, 0x05, 0x04, 0x05, 0x08, 0x85, 0xf5, 0x02, 0x83, 0xed,
  0xdf, 0x82, 0x69, 0x7a, 0x61, 0xf7, 0xe0, 0x3c, 0x3e, 0x74, 0x75, 0xfa,
  0xe0, 0x45, 0x94, 0x70, 0xe1, 0xe0, 0x40, 0xde, 0xed, 0xe0, 0x4c, 0xf5,
  0x6c, 0xf3, 0xe0, 0x4c, 0xf0, 0xe9, 0x03, 0xc5, 0x8d, 0xf9, 0xe0, 0x3b,
  0xbd, 0x65, 0xec, 0xe0, 0x58, 0x7c, 0xe1, 0x04, 0x06, 0x10, 0x87, 0x74,
  0x73, 0xf5, 0xe0, 0x4e, 0x01, 0xf3, 0x02, 0x84, 0x75, 0x79, 0xe1, 0xac,
  0x6a, 0xef, 0x04, 0xe0, 0x4e, 0x01, 0xe8, 0xdd, 0x1f, 0x67, 0x61, 0x6e,
  0xe4, 0xe0, 0x58, 0x5b, 0x63, 0xef, 0xc4, 0x34, 0x70, 0x73, 0xe9, 0xe0,
  0x5a, 0x0c, 0xee, 0x0a, 0x05, 0x05, 0x0e, 0x07, 0x05, 0x06, 0x12, 0xc5,
  0x4c, 0x7a, 0x61, 0xeb, 0xde, 0x79, 0x75, 0xed, 0xe0, 0x4c, 0xcc, 0xef,
  0x02, 0x85, 0x79, 0xe1, 0xe0, 0x52, 0x8d, 0x6e, 0x6a, 0xe9, 0xe0, 0x48,
  0xfd, 0x6e, 0xe1, 0x60, 0x4b, 0xd7, 0xc4, 0x2a, 0x6d, 0x61, 0xeb, 0xd3,
  0xbf, 0xe9, 0x60, 0x4c, 0x15, 0xc3, 0xd4, 0xe5, 0x02, 0x8a, 0x79, 0x61,
  0x6d, 0x61, 0xae, 0x60, 0x4c, 0xfe, 0xc6, 0x4c, 0x67, 0x61, 0xf3, 0xd5,
  0x1a, 0xe1, 0x06, 0x54, 0xdd, 0xe0, 0x3f, 0xce, 0x7a, 0x61, 0x77, 0xe1,
  0xe0, 0x50, 0x69, 0xed, 0x05, 0x0e, 0x40, 0x93, 0x8d, 0xef, 0x04, 0x03,
  0xd4, 0xf5, 0xe5, 0xcf, 0xa0, 0xae, 0x60, 0x48, 0xc0, 0xcc, 0x6b, 0xe9,
  0x0c, 0x0f, 0x17, 0x04, 0x0f, 0x06, 0x20, 0x05, 0x0b, 0x06, 0x05, 0x86,
  0xf4, 0x02, 0x86, 0x73, 0x75, 0xe5, 0xe0, 0x44, 0xea, 0x6f, 0x6e, 0xe4,
  0xe0, 0x4d, 0x52, 0xf3, 0x03, 0x09, 0x86, 0xf5, 0x04, 0xe0, 0x50, 0xc3,
  0x6e, 0xe1, 0xde, 0x11, 0x68, 0x69, 0xe8, 0xe0, 0x4c, 0x31, 0x61, 0xf4,
  0xde, 0x4e, 0x6f, 0xeb, 0xd5, 0xab, 0x6e, 0xef, 0x02, 0x85, 0x79, 0x61,
  0xed, 0xdd, 0x9b, 0x6b, 0x61, 0xf7, 0xe0, 0x4c, 0x32, 0x6d, 0x69, 0xee,
  0xe0, 0x4d, 0x2a, 0xeb, 0x03, 0x07, 0x87, 0x6f, 0x61, 0x6e, 0xe9, 0xe0,
  0x31, 0xda, 0x69, 0x74, 0x61, 0x79, 0xe1, 0xcc, 0x45, 0x61, 0x77, 0x61,
  0xae, 0x04, 0xe0, 0x4d, 0x52, 0xe8, 0x60, 0x54, 0x10, 0xc3, 0xbb, 0x6a,
  0x69, 0xed, 0xcc, 0x54, 0xe9, 0x02, 0x85, 0x7a, 0x75, 0xed, 0xc4, 0x03,
  0xe3, 0xdd, 0x59, 0x67, 0x6f, 0xf2, 0xe0, 0x53, 0xf5, 0x66, 0x75, 0xf2,
  0xdd, 0x19, 0x61, 0x6d, 0xe1, 0xe0, 0x50, 0xa6, 0xae, 0x5c, 0xfe, 0xe0,
  0x34, 0xfc, 0xe5, 0x02, 0x86, 0x79, 0x61, 0x6d, 0xe1, 0xcb, 0x1e, 0x6f,
  0xeb, 0xdd, 0x8e, 0xe1, 0x03, 0x04, 0x85, 0x6b, 0xf5, 0xc5, 0x73, 0x69,
  0x73, 0xe8, 0xde, 0x19, 0x67, 0x61, 0xf9, 0xd4, 0x42, 0xec, 0x03, 0x05,
  0x86, 0x75, 0xe7, 0xe0, 0x57, 0x2d, 0x6d, 0x79, 0xeb, 0xe0, 0x45, 0x2d,
  0x69, 0xf3, 0xe0, 0x3f, 0x6e, 0xeb, 0x05, 0x04, 0x04, 0x07, 0x86, 0x75,
  0xe4, 0xdc, 0xbc, 0x6f, 0xe7, 0xca, 0xe0, 0x69, 0x6e, 0x6f, 0xeb, 0xe0,
  0x51, 0xfa, 0x65, 0x67, 0x61, 0xf7, 0xdd, 0xc6, 0x61, 0x6d, 0x69, 0x67,
  0x61, 0x68, 0x61, 0xf2, 0xe0, 0x26, 0xda, 0xe9, 0x07, 0x05, 0x04, 0x05,
  0xe0, 0x2c, 0xd1, 0x7a, 0xf5, 0xe0, 0x3a, 0xb5, 0xf4, 0xe0, 0x31, 0x2a,
  0x73, 0xe5, 0xe0, 0x4a, 0x3d, 0x6e, 0x61, 0x6e, 0xae, 0x60, 0x4c, 0x67,
  0xc5, 0xa8, 0x68, 0xef, 0x04, 0xe0, 0x3f, 0x50, 0x6b, 0x75, 0xae, 0x60,
  0x4b, 0xbe, 0xc3, 0x81, 0xe7, 0x02, 0x8c, 0x6f, 0x73, 0x68, 0x69, 0x6d,
  0x61, 0xae, 0x60, 0x51, 0x1c, 0xc5, 0xfb, 0xe1, 0x06, 0x60, 0x4f, 0x23,
  0xc4, 0x81, 0x6d, 0xe9, 0x05, 0x05, 0xe0, 0x51, 0x4c, 0x6e, 0xef, 0xe0,
  0x51, 0x91, 0x69, 0x73, 0xe8, 0xe0, 0x45, 0xe6, 0xe6, 0x04, 0xe0, 0x54,
  0x05, 0xeb, 0xe0, 0x35, 0x9e, 0xe4, 0x03, 0xc3, 0x09, 0xef, 0x02, 0x84,
  0xed, 0xe0, 0x3a, 0x5a, 0x67, 0x61, 0xf7, 0xcd, 0x06, 0x61, 0xf3, 0xe0,
  0x31, 0x01, 0x38, 0x73, 0xae, 0x60, 0x35, 0x87, 0x07, 0x07, 0x87, 0x31,
  0x32, 0xae, 0x15, 0x07, 0x0c, 0x04, 0x07, 0x04, 0x0d, 0x04, 0x60, 0x3b,
  0xa1, 0x04, 0x05, 0x14, 0x0a, 0x02, 0x14, 0x06, 0x1a, 0xda, 0x4a, 0xf7,
  0x60, 0x3b, 0xff, 0x2e, 0xd2, 0x1d, 0xf6, 0x05, 0x60, 0x3c, 0x1b, 0x86,
  0xe9, 0x60, 0x51, 0x56, 0xc7, 0x4b, 0xf5, 0xe0, 0x3c, 0x14, 0xf4, 0x60,
  0x3b, 0xb3, 0x3d, 0xdb, 0x13, 0xf3, 0xe0, 0x3c, 0x00, 0xe9, 0x06, 0x60,
  0x3b, 0xdf, 0x03, 0xa3, 0xec, 0x60, 0x51, 0x3a, 0xc7, 0x4b, 0xe4, 0xe0,
  0x3b, 0xef, 0xe3, 0x60, 0x3b, 0xf4, 0x03, 0x83, 0xea, 0x14, 0x14, 0x18,
  0x20, 0x40, 0x88, 0x04, 0x06, 0x1e, 0x1f, 0x40, 0x7b, 0x0e, 0x29, 0x31,
  0x52, 0x83, 0xe0, 0x31, 0x9a, 0xf5, 0x06, 0x04, 0x05, 0xe0, 0x3d, 0x41,
  0xf2, 0xe0, 0x56, 0x82, 0x65, 0xe7, 0xe0, 0x33, 0x35, 0xae, 0xe0, 0x49,
  0xd9, 0x73, 0xae, 0x06, 0x60, 0x52, 0xd3, 0xc2, 0x33, 0x77, 0x70, 0x65,
  0x6e, 0x67, 0x69, 0x6e, 0x65, 0x70, 0x6f, 0x77, 0x65, 0xf2, 0xe0, 0x56,
  0x7a, 0xf0, 0x09, 0x04, 0x07, 0x60, 0x32, 0xcb, 0xe0, 0x25, 0x55, 0xee,
  0xe0, 0x2c, 0x12, 0x6d, 0x6f, 0x72, 0xe7, 0xe0, 0x53, 0x24, 0xae, 0x04,
  0xe0, 0x50, 0x17, 0xee, 0x60, 0x4c, 0xa2, 0xcb, 0x22, 0xef, 0x11, 0x05,
  0x09, 0x17, 0x11, 0x04, 0x08, 0x06, 0x0f, 0x06, 0x07, 0x07, 0x60, 0x4a,
  0xe7, 0xcc, 0xb1, 0x7a, 0xe9, 0xe0, 0x54, 0x6b, 0xf9, 0x04, 0xe0, 0x57,
  0xf9, 0xef, 0xe0, 0x46, 0x83, 0xf5, 0x02, 0x87, 0x77, 0x77, 0x65, 0xe2,
  0xe0, 0x4e, 0x8c, 0x72, 0x6e, 0x61, 0xec, 0x04, 0xe0, 0x54, 0x96, 0x69,
  0xf3, 0xe0, 0x51, 0xf8, 0xf4, 0x04, 0xe0, 0x57, 0xd9, 0xe5, 0x04, 0xe0,
  0x4d, 0x44, 0x6c, 0x75, 0x6c, 0xf5, 0xe0, 0x4d, 0x40, 0xf3, 0xe0, 0x44,
  0xbd, 0xf2, 0x04, 0xe0, 0x56, 0x2e, 0xf0, 0xce, 0x60, 0x6c, 0x73, 0xf4,
  0xe0, 0x49, 0xe1, 0x69, 0xee, 0x02, 0x87, 0x76, 0x69, 0x6c, 0xec, 0xe0,
  0x3c, 0xab, 0x6d, 0xe3, 0xc6, 0xbf, 0x68, 0x61, 0x6e, 0xe1, 0xdb, 0x89,
  0x67, 0x61, 0x73, 0xfa, 0xe0, 0x56, 0x6b, 0x65, 0x74, 0x73, 0xf5, 0xe0,
  0x52, 0x91, 0xe2, 0x06, 0x52, 0x7c, 0xe0, 0x42, 0x3d, 0x6f, 0xea, 0xdc,
  0x24, 0xee, 0xe0, 0x54, 0xda, 0xed, 0x60, 0x37, 0x42, 0xde, 0x61, 0xec,
  0x06, 0x60, 0x40, 0xd3, 0xd3, 0xeb, 0x73, 0x2d, 0x73, 0x74, 0xef, 0x03,
  0x02, 0x82, 0xb3, 0x84, 0xb2, 0x82, 0x31, 0x2e, 0x65, 0x6c, 0x61, 0x73,
  0x74, 0xf8, 0xe0, 0x57, 0x10, 0xe9, 0x02, 0x8f, 0xef, 0x04, 0xe0, 0x57,
  0x5d, 0x69, 0x6e, 0x64, 0x69, 0xe1, 0x42, 0xdb, 0xe0, 0x3f, 0x71, 0x6e,
  0x73, 0x65, 0x6b, 0x69, 0x6b, 0x6f, 0x67, 0x65, 0xee, 0xe0, 0x49, 0xc0,
  0xe5, 0x0d, 0x06, 0x07, 0x05, 0x05, 0x06, 0x3f, 0x09, 0x52, 0xff, 0xe0,
  0x43, 0xd4, 0x77, 0x65, 0xec, 0xe0, 0x31, 0x53, 0x76, 0x6e, 0x61, 0xeb,
  0xe0, 0x49, 0x51, 0x74, 0xfa, 0xe0, 0x55, 0x21, 0x73, 0xf3, 0xe0, 0x47,
  0x8c, 0x6f, 0xee, 0x60, 0x37, 0xa5, 0x85, 0xec, 0x03, 0x07, 0x97, 0x6c,
  0x79, 0x62, 0x65, 0xe1, 0xd2, 0x3d, 0xe5, 0x02, 0x84, 0xee, 0xe0, 0x44,
  0xc3, 0xae, 0x08, 0x60, 0x36, 0x01, 0x57, 0x9e, 0xc8, 0x25, 0x63, 0xec,
  0x60, 0x43, 0x72, 0xc8, 0xff, 0x61, 0x73, 0x74, 0x69, 0x63, 0xae, 0x05,
  0x09, 0xe0, 0x2b, 0xd0, 0x73, 0x61, 0x76, 0x65, 0x69, 0xee, 0xe0, 0x30,
  0x46, 0x64, 0x6f, 0x67, 0x61, 0x64, 0xef, 0xe0, 0x46, 0xb0, 0xe5, 0x04,
  0xe0, 0x54, 0xf2, 0xfa, 0xe0, 0x56, 0x9e, 0x64, 0x2e, 0x77, 0x61, 0x66,
  0x61, 0xe9, 0x88, 0xe4, 0x04, 0xe0, 0x24, 0x19, 0x65, 0x76, 0x63, 0x6c,
  0x6f, 0xf5, 0xe0, 0x55, 0x03, 0xe3, 0x05, 0x1b, 0xe0, 0x4a, 0x35, 0x6c,
  0x6f, 0x75, 0xe4, 0x02, 0x87, 0xae, 0x02, 0x8d, 0xeb, 0xe0, 0x53, 0x1a,
  0x2d, 0x76, 0x65, 0x72, 0x2d, 0x6a, 0x70, 0x63, 0x2e, 0x69, 0xeb, 0xe0,
  0x20, 0x62, 0x2e, 0x6e, 0x65, 0x65, 0xee, 0xe0, 0x56, 0x17, 0xe1, 0x0a,
  0x05, 0x08, 0x0a, 0x0a, 0x60, 0x3d, 0x3f, 0xc4, 0x96, 0x77, 0x6f, 0xf2,
  0xd6, 0xaf, 0x70, 0x61, 0xee, 0x42, 0x04, 0xe0, 0x44, 0xf5, 0xee, 0x03,
  0xd3, 0x60, 0x65, 0x77, 0xe1, 0xe0, 0x3b, 0x3b, 0xed, 0x03, 0xde, 0x3b,
  0x62, 0x79, 0xec, 0xe0, 0x54, 0x22, 0x67, 0xf5, 0xe0, 0x41, 0x07, 0xae,
  0x05, 0x17, 0xe0, 0x56, 0x44, 0x73, 0x63, 0x61, 0x6c, 0x65, 0x66, 0x6f,
  0x72, 0x63, 0x65, 0xae, 0x04, 0xe0, 0x55, 0xf7, 0x63, 0x6f, 0x6d, 0x2e,
  0xe3, 0xe0, 0x33, 0x5a, 0x6c, 0x61, 0x79, 0x65, 0x72, 0x73, 0x68, 0x69,
  0x66, 0xf4, 0xe0, 0x52, 0x76, 0xe9, 0x22, 0x40, 0x45, 0x05, 0x40, 0x4b,
  0x23, 0x40, 0x8a, 0x43, 0x7f, 0x23, 0x09, 0x40, 0x58, 0x30, 0x42, 0x85,
  0x40, 0x53, 0x2d, 0x3b, 0x27, 0x05, 0x12, 0x0b, 0x08, 0x40, 0x64, 0x40,
  0x63, 0x28, 0x14, 0x86, 0xfa, 0x03, 0x3a, 0x84, 0xf5, 0x05, 0x08, 0xe0,
  0x49, 0x94, 0x6e, 0x6f, 0x6b, 0x75, 0xee, 0xe0, 0x49, 0x96, 0xed, 0x02,
  0x8c, 0xef, 0x04, 0xe0, 0x4e, 0xa0, 0x7a, 0x61, 0x6b, 0xe9, 0xe0, 0x50,
  0xee, 0xe9, 0x04, 0x06, 0x05, 0x87, 0x7a, 0x61, 0xeb, 0xe0, 0x42, 0xe2,
  0x73, 0xe1, 0xe0, 0x53, 0xc7, 0x6f, 0x74, 0x73, 0xf5, 0xe0, 0x53, 0xc2,
  0xae, 0x60, 0x4d, 0xed, 0xc5, 0xd2, 0x65, 0xee, 0xd7, 0x00, 0xae, 0xda,
  0xdf, 0x79, 0xef, 0xe0, 0x50, 0x1f, 0xf7, 0x02, 0x83, 0xe9, 0xd7, 0xd7,
  0xe1, 0x08, 0x13, 0x08, 0x09, 0x0c, 0x07, 0xcc, 0xbf, 0xf4, 0x04, 0x07,
  0xda, 0x27, 0x73, 0x75, 0x6b, 0xe9, 0xe0, 0x48, 0x41, 0x65, 0xae, 0x5a,
  0x46, 0xe0, 0x39, 0x74, 0xee, 0x04, 0xe0, 0x3f, 0xe6, 0xf5, 0xcd, 0xbd,
  0xed, 0x03, 0xcc, 0x80, 0x69, 0xfa, 0xe0, 0x48, 0x31, 0xeb, 0x04, 0xe0,
  0x42, 0x89, 0xf5, 0x03, 0xcd, 0x5b, 0xee, 0xcd, 0x19, 0x66, 0x75, 0x6e,
  0xe5, 0xe0, 0x47, 0xd0, 0x64, 0xe5, 0xe0, 0x48, 0xc1, 0xf6, 0x05, 0x05,
  0x04, 0xcc, 0x0f, 0x6f, 0x72, 0xf9, 0xd7, 0x78, 0xe7, 0xe0, 0x4d, 0x5e,
  0x61, 0x6e, 0xef, 0x02, 0x85, 0x76, 0xef, 0xe0, 0x53, 0x22, 0x2d, 0x66,
  0x72, 0x61, 0x6e, 0x6b, 0xe9, 0xe0, 0x29, 0xc8, 0xf4, 0x0c, 0x05, 0x11,
  0x05, 0x0d, 0x2e, 0x1b, 0x60, 0x50, 0x82, 0xc4, 0x5e, 0x73, 0xae, 0xe0,
  0x35, 0xed, 0xef, 0x05, 0x03, 0xe0, 0x48, 0xd3, 0xed, 0xd6, 0x74, 0x69,
  0x67, 0x61, 0x77, 0xe1, 0xe0, 0x50, 0x34, 0x69, 0xe7, 0xe0, 0x39, 0x9e,
  0x63, 0x6f, 0x75, 0x6c, 0x64, 0x62, 0x65, 0x77, 0x6f, 0xf2, 0xe0, 0x54,
  0x90, 0xe1, 0x09, 0x07, 0x05, 0x04, 0x04, 0x0a, 0xe0, 0x53, 0xcc, 0x79,
  0x61, 0x6e, 0x61, 0xe7, 0xcf, 0x62, 0x6e, 0xef, 0xe0, 0x4d, 0xfb, 0xed,
  0xe0, 0x4f, 0x57, 0x6c, 0xf9, 0xd6, 0xbf, 0xeb, 0x04, 0xe0, 0x41, 0xf7,
  0x75, 0xf2, 0xe0, 0x4a, 0x91, 0x62, 0x61, 0xf3, 0xe0, 0x51, 0x41, 0x31,
  0xae, 0x02, 0x8a, 0x65, 0x75, 0x72, 0x2e, 0x61, 0x72, 0x75, 0x62, 0x61,
  0x2e, 0x6a, 0x65, 0x6e, 0x76, 0x2d, 0x61, 0x72, 0x75, 0x62, 0xe1, 0xe0,
  0x4a, 0x53, 0xae, 0x60, 0x25, 0xb4, 0x60, 0x27, 0x27, 0x42, 0x82, 0x08,
  0xc4, 0x66, 0xf3, 0x0f, 0x05, 0x1d, 0x18, 0x12, 0x08, 0x07, 0x05, 0x23,
  0x2f, 0x1f, 0x08, 0xe0, 0x53, 0xeb, 0x75, 0xed, 0xe0, 0x35, 0x7c, 0xf4,
  0x06, 0x05, 0x0a, 0xe0, 0x54, 0xa9, 0x6d, 0xe5, 0xe0, 0x27, 0x85, 0x65,
  0x69, 0x6e, 0x67, 0x65, 0x65, 0xeb, 0xe0, 0x2d, 0x83, 0x61, 0x6e, 0x62,
  0xf5, 0xe0, 0x51, 0xe7, 0xf3, 0x02, 0x8f, 0x6d, 0x61, 0x72, 0x74, 0x65,
  0x72, 0x74, 0x68, 0x61, 0x6e, 0x79, 0xef, 0xe0, 0x53, 0x25, 0x68, 0x69,
  0xeb, 0xe0, 0x4d, 0xa4, 0x72, 0x61, 0x65, 0xec, 0x04, 0xe0, 0x3f, 0x76,
  0x6e, 0x6f, 0x72, 0x74, 0x68, 0x77, 0xe5, 0xe0, 0x44, 0xf5, 0x70, 0x6d,
  0x61, 0x6e, 0x61, 0xe7, 0xdb, 0x8f, 0x6d, 0x61, 0x69, 0xec, 0xe0, 0x51,
  0xf2, 0x6c, 0xe1, 0xe0, 0x20, 0xc2, 0x68, 0xe9, 0x03, 0x08, 0x90, 0x6e,
  0x6f, 0x6d, 0x61, 0x6b, 0xe9, 0xd7, 0xb5, 0x6b, 0xe1, 0x04, 0xe0, 0x52,
  0x50, 0x77, 0x61, 0xae, 0x60, 0x4d, 0x3d, 0x41, 0xb0, 0xc3, 0x6c, 0x67,
  0x61, 0xeb, 0xe0, 0x4e, 0xe1, 0xe5, 0x06, 0x07, 0x17, 0x04, 0xc5, 0xa1,
  0x73, 0x61, 0x6b, 0xe9, 0xe0, 0x49, 0xc4, 0xf2, 0x04, 0xe0, 0x39, 0x39,
  0xf6, 0x02, 0x89, 0x73, 0x63, 0x68, 0x75, 0x6c, 0xe5, 0xe0, 0x2c, 0xfc,
  0xae, 0x60, 0x33, 0x22, 0xd5, 0x63, 0xee, 0xe0, 0x4c, 0x2a, 0x68, 0x61,
  0xf2, 0xe0, 0x4e, 0x70, 0xe1, 0x03, 0x06, 0x86, 0x68, 0x61, 0xf9, 0xe0,
  0x35, 0x75, 0xae, 0x60, 0x4c, 0x17, 0xc2, 0x0b, 0xad, 0x02, 0x89, 0x68,
  0x6f, 0x63, 0x6b, 0x65, 0x79, 0xee, 0xd9, 0x2d, 0xe7, 0xc1, 0xef, 0xae,
  0x51, 0x54, 0x60, 0x3a, 0x9a, 0xc5, 0xa3, 0xad, 0x0c, 0x0e, 0x25, 0x06,
  0x0f, 0x0d, 0x12, 0x21, 0x06, 0x07, 0x12, 0x85, 0x77, 0x69, 0x74, 0x68,
  0x2d, 0x74, 0x68, 0x65, 0x62, 0x61, 0xee, 0xe0, 0x52, 0x16, 0x76, 0x65,
  0x72, 0x79, 0xad, 0x05, 0x06, 0x06, 0x06, 0x84, 0x73, 0x77, 0xe5, 0xe0,
  0x21, 0x36, 0x6e, 0x69, 0xe3, 0xe0, 0x3c, 0xb3, 0x67, 0x6f, 0xef, 0xe0,
  0x3e, 0x51, 0x65, 0x76, 0xe9, 0xb1, 0x62, 0xe1, 0xe0, 0x3e, 0x48, 0x75,
  0x62, 0x65, 0x72, 0xec, 0xaa, 0xf3, 0x02, 0x86, 0x6c, 0x69, 0xe3, 0xe0,
  0x4e, 0xf6, 0x61, 0x76, 0xe5, 0xe0, 0x3e, 0x33, 0x6e, 0x6f, 0x74, 0xad,
  0x02, 0x83, 0xe3, 0xc0, 0x4f, 0xe1, 0xe0, 0x47, 0xef, 0xec, 0x02, 0x8a,
  0xef, 0x03, 0xd6, 0x22, 0x63, 0x61, 0xec, 0xe0, 0x50, 0x3f, 0x65, 0xe5,
  0xe0, 0x47, 0x6d, 0x69, 0x6e, 0x74, 0x6f, 0xad, 0x03, 0x06, 0x8d, 0x67,
  0x61, 0xed, 0xe0, 0x52, 0x1b, 0x63, 0x61, 0xf2, 0x04, 0xe0, 0x52, 0x48,
  0x74, 0x6f, 0xef, 0xe0, 0x52, 0x44, 0x61, 0x6e, 0xe9, 0xe0, 0x25, 0xc0,
  0x67, 0x6f, 0xee, 0xe0, 0x3c, 0x41, 0x66, 0x6f, 0x75, 0xee, 0xe0, 0x3d,
  0xe6, 0xe3, 0x02, 0x86, 0x6f, 0x6f, 0xec, 0xe0, 0x47, 0xa6, 0x65, 0x72,
  0x74, 0x69, 0x66, 0xe9, 0xe0, 0x51, 0x7c, 0x62, 0xf9, 0xe0, 0x51, 0x10,
  0xe1, 0x05, 0x35, 0xe0, 0x47, 0x5a, 0x6e, 0xad, 0x02, 0x91, 0x65, 0xee,
  0x02, 0x86, 0x74, 0x65, 0x72, 0xf4, 0xc0, 0x99, 0x67, 0x69, 0x6e, 0xe5,
  0xe0, 0x47, 0x46, 0xe1, 0x04, 0x04, 0xc1, 0xaf, 0x72, 0xf4, 0xc1, 0xb6,
  0xe3, 0x02, 0x8b, 0xf4, 0x04, 0xe0, 0x41, 0xc0, 0x72, 0x65, 0xf3, 0xe0,
  0x51, 0xe9, 0x63, 0x6f, 0x75, 0x6e, 0x74, 0xe1, 0xe0, 0x46, 0xec, 0xad,
  0x10, 0x16, 0x16, 0x15, 0x2c, 0x10, 0x06, 0x30, 0x08, 0x12, 0x19, 0x1e,
  0x1a, 0x40, 0x40, 0xa8, 0xf4, 0x02, 0x87, 0x68, 0x65, 0x72, 0x61, 0xf0,
  0xc1, 0x84, 0xe5, 0x02, 0x86, 0x63, 0x68, 0xe9, 0xe0, 0x3b, 0xc4, 0x61,
  0xe3, 0xbd, 0xf3, 0x02, 0x86, 0x74, 0x75, 0xe4, 0xe0, 0x46, 0xbb, 0xef,
  0x02, 0x84, 0xf8, 0xe0, 0x2f, 0x45, 0x63, 0x69, 0x61, 0xec, 0xc1, 0x62,
  0xf2, 0x02, 0x89, 0x6f, 0x63, 0x6b, 0x73, 0x74, 0xe1, 0xe0, 0x51, 0x9b,
  0x65, 0x70, 0x75, 0x62, 0x6c, 0x69, 0xe3, 0xc1, 0x2a, 0xf0, 0x04, 0x04,
  0x0c, 0x8d, 0x6c, 0xe1, 0xc0, 0x60, 0x68, 0x6f, 0x74, 0x6f, 0x67, 0x72,
  0x61, 0x70, 0xe8, 0xe0, 0x46, 0xbf, 0x65, 0x72, 0x73, 0x6f, 0x6e, 0x61,
  0x6c, 0x74, 0x72, 0x61, 0xe9, 0xc0, 0xb1, 0xe1, 0x02, 0x83, 0xf4, 0xc1,
  0x0a, 0xe9, 0xe0, 0x3e, 0x8c, 0xee, 0x02, 0x86, 0x75, 0x72, 0xf3, 0xe0,
  0x3b, 0x61, 0x61, 0x73, 0x63, 0x61, 0xf2, 0xc0, 0xed, 0x6d, 0x75, 0x73,
  0x69, 0xe3, 0x9b, 0xec, 0x04, 0x1c, 0xc6, 0x27, 0xe9, 0x02, 0x8a, 0x6e,
  0x75, 0x78, 0x2d, 0x75, 0x73, 0xe5, 0xe0, 0x37, 0x6e, 0x62, 0x65, 0xf2,
  0x02, 0x86, 0x74, 0x61, 0x72, 0xe9, 0xc0, 0xcb, 0xe1, 0xe0, 0x49, 0x3f,
  0xe1, 0x02, 0x85, 0x77, 0xf9, 0xe0, 0x46, 0x69, 0x6e, 0x64, 0x73, 0x63,
  0xe1, 0xc0, 0xca, 0x6b, 0x6e, 0x69, 0x67, 0xe8, 0xe0, 0x46, 0x72, 0xe8,
  0x02, 0x84, 0xf5, 0xe0, 0x3e, 0x37, 0x61, 0x72, 0x64, 0x2d, 0x77, 0x6f,
  0x72, 0xeb, 0xe0, 0x46, 0x48, 0xe7, 0x06, 0x06, 0x06, 0xe0, 0x29, 0x3a,
  0x72, 0x65, 0xe5, 0xe0, 0x25, 0xe7, 0x6f, 0x6f, 0xe4, 0xe0, 0x46, 0x6c,
  0x65, 0x65, 0xeb, 0xe0, 0x3a, 0xff, 0xe6, 0x02, 0x8b, 0x75, 0x6c, 0x6c,
  0x73, 0x74, 0x61, 0x63, 0xeb, 0xe0, 0x46, 0x58, 0x69, 0x6e, 0x61, 0x6e,
  0x63, 0x69, 0x61, 0x6c, 0x61, 0x64, 0x76, 0x69, 0xf3, 0xe0, 0x40, 0x9f,
  0xe4, 0x02, 0x85, 0x6f, 0xe3, 0xe0, 0x40, 0x96, 0xe5, 0x02, 0x87, 0x73,
  0x69, 0x67, 0xee, 0xe0, 0x45, 0xff, 0x6d, 0x6f, 0x63, 0x72, 0xe1, 0xe0,
  0x45, 0xbe, 0xe3, 0x06, 0x0b, 0x04, 0x0d, 0x06, 0x86, 0x75, 0x62, 0x69,
  0x63, 0x6c, 0x65, 0x2d, 0x73, 0x6c, 0xe1, 0x8e, 0xf0, 0xe0, 0x42, 0xce,
  0x6f, 0x6e, 0x73, 0x65, 0x72, 0x76, 0x61, 0x74, 0x69, 0xf6, 0xe0, 0x3a,
  0x96, 0x68, 0x65, 0xe6, 0xe0, 0x3a, 0x9e, 0x65, 0x6c, 0x74, 0x69, 0xe3,
  0xa5, 0xe1, 0x02, 0x86, 0x74, 0x65, 0xf2, 0xe0, 0x45, 0xbf, 0x6e, 0x64,
  0x69, 0x64, 0xe1, 0xe0, 0x3a, 0x80, 0xe2, 0x04, 0x0a, 0x08, 0x8a, 0x75,
  0x6c, 0x6c, 0x73, 0x2d, 0x66, 0xe1, 0xe0, 0x25, 0x54, 0x72, 0x75, 0x69,
  0x6e, 0xf3, 0xe0, 0x2d, 0xf6, 0x6f, 0x6f, 0x6b, 0x6b, 0x65, 0x65, 0xf0,
  0xe0, 0x45, 0x96, 0x6c, 0x6f, 0x67, 0xe7, 0xe0, 0x45, 0x8f, 0x61, 0x6e,
  0x61, 0x72, 0x63, 0x68, 0x69, 0xf3, 0xe0, 0x45, 0x4b, 0xf2, 0x07, 0x03,
  0x08, 0x0b, 0xe0, 0x51, 0x37, 0xf5, 0xcb, 0x40, 0x69, 0xf3, 0x60, 0x22,
  0xe0, 0xe0, 0x2b, 0x69, 0x61, 0x6e, 0x2e, 0x6c, 0x69, 0x61, 0x72, 0xe1,
  0xe0, 0x27, 0x03, 0x2e, 0xed, 0xe0, 0x46, 0xaa, 0xf1, 0x04, 0xe0, 0x51,
  0x2d, 0xe8, 0xe0, 0x33, 0x5c, 0xf0, 0x06, 0x06, 0x10, 0x21, 0x04, 0x87,
  0x76, 0x36, 0xb4, 0xe0, 0x2c, 0x62, 0xe9, 0x02, 0x87, 0x72, 0x61, 0x6e,
  0xe7, 0xe0, 0x4f, 0x26, 0x66, 0x6f, 0xee, 0xe0, 0x4f, 0x6d, 0x66, 0x73,
  0xae, 0x03, 0x04, 0x89, 0x77, 0x33, 0xf3, 0x94, 0x73, 0x74, 0x6f, 0x72,
  0x61, 0x63, 0x68, 0xe1, 0x8b, 0x6e, 0x66, 0x74, 0x73, 0x74, 0x6f, 0x72,
  0x61, 0x67, 0x65, 0xae, 0xe0, 0x35, 0x81, 0xb6, 0xe0, 0x22, 0x82, 0x2e,
  0x6c, 0x69, 0x6e, 0xef, 0xd7, 0x5e, 0x2d, 0xe4, 0x04, 0xe0, 0x4f, 0xbe,
  0x79, 0x6e, 0x61, 0x6d, 0x69, 0xe3, 0xe0, 0x4d, 0x94, 0xef, 0x06, 0x07,
  0x03, 0xe0, 0x50, 0xc0, 0x70, 0x73, 0x79, 0xf3, 0xe0, 0x50, 0x2a, 0xe2,
  0xda, 0x8d, 0xae, 0x08, 0x60, 0x4b, 0x35, 0x42, 0x79, 0xc1, 0x93, 0x6e,
  0x6f, 0x63, 0x2e, 0x72, 0x75, 0x68, 0x72, 0x2d, 0x75, 0x6e, 0x69, 0x2d,
  0x62, 0x6f, 0x63, 0x68, 0x75, 0xed, 0xe0, 0x29, 0x7b, 0xee, 0x1a, 0x05,
  0x06, 0x07, 0x40, 0x67, 0x30, 0x0f, 0x40, 0x82, 0x40, 0x7e, 0x0f, 0x0e,
  0x40, 0x46, 0x19, 0x46, 0x25, 0x60, 0x36, 0xb7, 0x4e, 0xa1, 0xc2, 0xd5,
  0x7a, 0xe1, 0xe0, 0x31, 0x3e, 0x76, 0x65, 0xf3, 0xe0, 0x44, 0xf0, 0x75,
  0x79, 0x61, 0xed, 0xe0, 0x31, 0x68, 0xf4, 0x08, 0x04, 0x0c, 0x03, 0x15,
  0xe0, 0x50, 0x43, 0xf5, 0xe0, 0x4e, 0x09, 0x6f, 0x75, 0x63, 0x68, 0x2e,
  0x65, 0x6d, 0x61, 0xe9, 0xe0, 0x4f, 0x7f, 0xec, 0xdd, 0x82, 0x65, 0x72,
  0xee, 0x02, 0x88, 0x65, 0xf4, 0x60, 0x22, 0xcf, 0xe0, 0x2c, 0x0b, 0x61,
  0x74, 0x69, 0x6f, 0xee, 0xe0, 0x26, 0x99, 0xae, 0x14, 0x04, 0x04, 0x06,
  0x06, 0x40, 0x70, 0x60, 0x2a, 0x21, 0x45, 0xcc, 0x57, 0xb9, 0x43, 0xed,
  0x40, 0xf0, 0xc1, 0xb1, 0xf4, 0xe0, 0x4d, 0x7b, 0xf0, 0xe0, 0x4e, 0x21,
  0xec, 0x60, 0x4d, 0x50, 0xc0, 0xe6, 0xe3, 0x60, 0x4b, 0xc1, 0xc1, 0xe4,
  0xe1, 0x06, 0x60, 0x4d, 0x34, 0xc1, 0x4b, 0x70, 0x70, 0xec, 0xe0, 0x4f,
  0x76, 0xf3, 0x02, 0x8b, 0x75, 0xf2, 0x04, 0xe0, 0x4e, 0x55, 0x61, 0x6e,
  0xe3, 0xdb, 0x0e, 0xf4, 0x03, 0x06, 0x94, 0x69, 0x74, 0xf5, 0xe0, 0x47,
  0x87, 0x61, 0x6e, 0x63, 0xe5, 0x02, 0x8a, 0x73, 0x2e, 0x73, 0x70, 0x61,
  0x77, 0xee, 0xe0, 0x32, 0xd5, 0xae, 0xe0, 0x26, 0x6d, 0xae, 0xe0, 0x42,
  0xeb, 0xe7, 0x06, 0x60, 0x4d, 0x80, 0xc2, 0x56, 0x61, 0x74, 0x6c, 0x61,
  0xee, 0xe0, 0x4e, 0x9a, 0xe6, 0x04, 0x40, 0x67, 0x86, 0xef, 0x04, 0xe0,
  0x4f, 0xc4, 0xae, 0x19, 0x05, 0x09, 0x04, 0x06, 0x08, 0x06, 0x06, 0x06,
  0x06, 0x07, 0x4b, 0xf4, 0x60, 0x2d, 0x06, 0x33, 0x48, 0x39, 0x4b, 0x52,
  0x40, 0xde, 0xc0, 0x5f, 0xf6, 0x60, 0x4d, 0xfa, 0xba, 0xf4, 0x60, 0x4c,
  0xc5, 0x40, 0xd7, 0x40, 0x74, 0x9f, 0xf3, 0xe0, 0x4d, 0x05, 0xf0, 0x60,
  0x4c, 0xd9, 0xc1, 0x2a, 0xee, 0x60, 0x42, 0x83, 0x4a, 0x94, 0xc0, 0xe6,
  0xed, 0x60, 0x4b, 0x2b, 0xc1, 0xa0, 0xec, 0x60, 0x4c, 0xab, 0xc0, 0xe9,
  0xeb, 0x60, 0x4d, 0x03, 0xc0, 0xcb, 0xe8, 0x60, 0x4d, 0x6f, 0xc0, 0xd3,
  0xe5, 0x60, 0x4d, 0x3e, 0x2b, 0xc2, 0x07, 0xe2, 0x60, 0x43, 0x03, 0x49,
  0xb5, 0x1c, 0xc0, 0xc7, 0x69, 0x6e, 0xe9, 0xe0, 0x39, 0xc4, 0xae, 0x07,
  0x04, 0x60, 0x38, 0xe6, 0xd4, 0xd5, 0xed, 0xe0, 0x4c, 0x7e, 0xe3, 0xe0,
  0x4e, 0x1a, 0xe4, 0x06, 0x0a, 0x09, 0x12, 0xc0, 0x47, 0x75, 0x73, 0x74,
  0x72, 0xe9, 0x60, 0x41, 0x08, 0xcb, 0x0f, 0x6f, 0x6e, 0x65, 0x73, 0x69,
  0xe1, 0xe0, 0x3a, 0x29, 0xe9, 0x02, 0x86, 0x67, 0x65, 0xee, 0xe0, 0x4c,
  0x03, 0x61, 0x73, 0x6f, 0x75, 0x74, 0xe8, 0xe0, 0x3a, 0x17, 0xe5, 0x05,
  0x06, 0xe0, 0x3e, 0x28, 0x76, 0x73, 0xae, 0xe0, 0x26, 0x69, 0x70, 0x65,
  0x6e, 0x64, 0x65, 0x6e, 0x74, 0xad, 0x04, 0x09, 0x08, 0x92, 0x72, 0x65,
  0x76, 0x69, 0x65, 0xf7, 0xe0, 0x4b, 0x3f, 0x70, 0x61, 0x6e, 0x65, 0xec,
  0xe0, 0x4b, 0x37, 0x69, 0x6e, 0x71, 0xf5, 0x02, 0x86, 0x69, 0x72, 0xf9,
  0xe0, 0x4b, 0x2b, 0x65, 0x73, 0xf4, 0xe0, 0x4b, 0x25, 0x63, 0x6f, 0x6d,
  0x6d, 0x69, 0x73, 0x73, 0x69, 0xef, 0xe0, 0x29, 0xaf, 0xae, 0x4e, 0xc4,
  0x4d, 0x3d, 0x41, 0x8c, 0x60, 0x2f, 0xb6, 0x9f, 0xe3, 0x05, 0x04, 0xe0,
  0x4e, 0xc4, 0xe8, 0xe0, 0x26, 0xe8, 0x2e, 0xe8, 0xe0, 0x4e, 0x55, 0x62,
  0x72, 0x6f, 0x77, 0x73, 0x65, 0x72, 0xae, 0x60, 0x21, 0x8e, 0xe0, 0x2b,
  0x61, 0xe1, 0x08, 0x06, 0x09, 0x08, 0x07, 0x08, 0x09, 0x86, 0x7a, 0x61,
  0xf7, 0xe0, 0x2f, 0x96, 0x77, 0x61, 0x73, 0x68, 0x69, 0xf2, 0xe0, 0x47,
  0x7f, 0x74, 0x73, 0x75, 0x6b, 0xe9, 0xe0, 0x34, 0xc6, 0x73, 0x68, 0x69,
  0xeb, 0xe0, 0x2f, 0xdf, 0x6d, 0x69, 0xae, 0x60, 0x41, 0x30, 0xc0, 0x95,
  0xe7, 0x04, 0xe0, 0x4a, 0xc1, 0x61, 0xf7, 0xc8, 0xdf, 0x62, 0x65, 0xae,
  0xe0, 0x41, 0x23, 0xae, 0x60, 0x41, 0xfb, 0x43, 0x31, 0xc5, 0xc3, 0xae,
  0x0a, 0x06, 0x59, 0x79, 0x46, 0x6a, 0x49, 0x22, 0xdd, 0x51, 0xf5, 0x60,
  0x4b, 0x87, 0xc0, 0xe9, 0xee, 0x60, 0x42, 0xe1, 0x48, 0xfe, 0xc2, 0x24,
  0xad, 0x05, 0x04, 0x0a, 0x0b, 0x91, 0x76, 0x70, 0xee, 0x8e, 0x74, 0x68,
  0x65, 0x2d, 0x62, 0x61, 0xee, 0xe0, 0x3c, 0x69, 0x64, 0x73, 0x6c, 0xae,
  0x60, 0x4a, 0xfb, 0x42, 0x74, 0xc0, 0x74, 0xe2, 0x05, 0x06, 0xe0, 0x20,
  0xf3, 0x75, 0x74, 0xf4, 0xe0, 0x26, 0xff, 0x72, 0xe2, 0xe0, 0x26, 0xfc,
  0x61, 0x64, 0x64, 0xf2, 0xdf, 0xb6, 0xed, 0x0c, 0x05, 0x0c, 0x04, 0x04,
  0x60, 0x34, 0xcd, 0x56, 0xc7, 0xc2, 0x62, 0x70, 0xe5, 0xe0, 0x45, 0xd6,
  0x6d, 0xef, 0x04, 0xe0, 0x4e, 0x04, 0x62, 0x69, 0x6c, 0xe9, 0xd0, 0x65,
  0x69, 0xfa, 0xd1, 0xdc, 0xe4, 0xe0, 0x41, 0x92, 0xe1, 0x05, 0x03, 0x05,
  0x06, 0x94, 0xf2, 0xd1, 0xde, 0x6d, 0xe1, 0xe0, 0x4b, 0xe3, 0x6b, 0x61,
  0xee, 0xe0, 0x2e, 0xd3, 0x67, 0x69, 0x6e, 0xe5, 0x02, 0x84, 0xae, 0xe0,
  0x22, 0xd3, 0x2d, 0x70, 0x72, 0x6f, 0x78, 0x79, 0xae, 0xe0, 0x49, 0x8c,
  0x62, 0x61, 0xf2, 0xc3, 0x7b, 0xec, 0x09, 0x0b, 0x07, 0x06, 0x60, 0x37,
  0xdf, 0xd5, 0xc8, 0x6f, 0x76, 0x65, 0x63, 0x6f, 0x6c, 0x6c, 0xe5, 0xe0,
  0x3a, 0x46, 0x69, 0x61, 0x64, 0x62, 0xef, 0xc1, 0x70, 0xae, 0x60, 0x45,
  0xa8, 0xc2, 0x1f, 0x2d, 0x63, 0x65, 0x6e, 0x74, 0x72, 0x61, 0xec, 0xe0,
  0x48, 0xdd, 0xeb, 0x05, 0x07, 0x03, 0x07, 0x8e, 0x75, 0x73, 0x61, 0xeb,
  0xe0, 0x2e, 0xe8, 0x6f, 0xed, 0xa8, 0x69, 0xae, 0x60, 0x2e, 0xf6, 0xde,
  0x06, 0x65, 0x64, 0x61, 0xae, 0x5e, 0x97, 0x60, 0x24, 0x6c, 0x46, 0xfb,
  0x41, 0x65, 0xa0, 0xe1, 0x06, 0x03, 0x05, 0xe0, 0x4b, 0x98, 0xf7, 0xc9,
  0x20, 0x74, 0xe1, 0xe0, 0x47, 0xbb, 0x72, 0x75, 0x67, 0xe1, 0xe0, 0x43,
  0x5d, 0xe9, 0x05, 0x0b, 0x05, 0x06, 0x85, 0x7a, 0xf5, 0x02, 0x84, 0xee,
  0xe0, 0x2e, 0xac, 0xeb, 0xc8, 0xaa, 0x79, 0xe1, 0xe0, 0x2e, 0xa3, 0x74,
  0x61, 0xf4, 0xe0, 0x46, 0x35, 0x6a, 0xe9, 0xe0, 0x2e, 0x98, 0xe4, 0x45,
  0x3a, 0xe0, 0x29, 0x5b, 0x68, 0x65, 0xf9, 0xce, 0x61, 0x67, 0x6c, 0x65,
  0x73, 0x69, 0x61, 0xf3, 0x02, 0x81, 0x2d, 0x63, 0x61, 0x72, 0x62, 0xef,
  0xe0, 0x32, 0x31, 0xe6, 0x06, 0x60, 0x2e, 0xda, 0xdb, 0x81, 0xf2, 0xe0,
  0x29, 0xd1, 0xe5, 0x60, 0x38, 0x68, 0x4e, 0xf0, 0xc5, 0xbf, 0xe4, 0x09,
  0x06, 0x06, 0x04, 0x60, 0x3b, 0x80, 0xd1, 0x76, 0x76, 0xae, 0x4b, 0xa3,
  0xdf, 0xb0, 0x72, 0x65, 0xf4, 0xe0, 0x43, 0xa9, 0x66, 0xae, 0xdb, 0xb2,
  0xae, 0x0f, 0x0d, 0x06, 0x06, 0x04, 0x19, 0x60, 0x46, 0xcb, 0x40, 0x6b,
  0x41, 0xf1, 0xc0, 0x80, 0x72, 0x65, 0x70, 0xec, 0x04, 0xe0, 0x30, 0xf3,
  0x69, 0xf4, 0xe0, 0x29, 0x7a, 0x70, 0x75, 0xe2, 0xe0, 0x4c, 0xd2, 0xec,
  0x60, 0x48, 0x74, 0xc1, 0xb8, 0xe9, 0xe0, 0x4b, 0x38, 0xe6, 0x05, 0x0a,
  0xe0, 0x4a, 0x07, 0x6f, 0x72, 0x67, 0x65, 0x72, 0x6f, 0xe3, 0xe0, 0x41,
  0x47, 0x69, 0x72, 0x65, 0x77, 0x61, 0x6c, 0xec, 0xd5, 0x2a, 0xe3, 0xe0,
  0x48, 0x51, 0xe3, 0x0a, 0x0a, 0x0e, 0x41, 0x1c, 0x48, 0xce, 0xe0, 0x40,
  0xf0, 0xf5, 0x04, 0xe0, 0x4c, 0x9c, 0x72, 0xf5, 0xe0, 0x2d, 0xb8, 0xf0,
  0x05, 0x04, 0xe0, 0x32, 0x3b, 0xb1, 0xe0, 0x4b, 0x53, 0xb0, 0xe0, 0x4b,
  0x4f, 0x68, 0xe9, 0x04, 0x17, 0x19, 0x85, 0x6e, 0xef, 0x03, 0x04, 0x8a,
  0x73, 0xe5, 0xc7, 0x44, 0x6d, 0x69, 0x79, 0x61, 0xae, 0x60, 0x45, 0x8e,
  0xc4, 0xac, 0x68, 0xe5, 0xd1, 0x04, 0x6b, 0xe1, 0x02, 0x91, 0x77, 0xe1,
  0x02, 0x87, 0x6d, 0x69, 0x73, 0x61, 0xf4, 0xd0, 0xc5, 0xae, 0x60, 0x46,
  0xa3, 0xc3, 0x7e, 0xe9, 0xe0, 0x3e, 0x9d, 0x68, 0x61, 0xf2, 0xc7, 0x13,
  0x62, 0xe1, 0xe0, 0x45, 0x31, 0xe2, 0x09, 0x06, 0x04, 0x04, 0x40, 0x6b,
  0xe0, 0x49, 0x05, 0x78, 0x6f, 0xf3, 0xe0, 0x4b, 0xbc, 0xf2, 0xe0, 0x4a,
  0x03, 0x69, 0xe7, 0xc4, 0x1d, 0x61, 0x72, 0xe1, 0x04, 0xe0, 0x44, 0xc4,
  0x6b, 0x69, 0xae, 0x60, 0x42, 0xe1, 0x47, 0x28, 0xa9, 0xe1, 0x02, 0x89,
  0x6d, 0x61, 0x6c, 0x6c, 0x61, 0xed, 0xe0, 0x3d, 0x31, 0xae, 0x60, 0x35,
  0x18, 0x49, 0xea, 0xc7, 0x2d, 0x32, 0x33, 0xb4, 0xe0, 0x33, 0x7c, 0xae,
  0x08, 0x60, 0x34, 0x0c, 0x43, 0x4b, 0xd4, 0xa5, 0xf0, 0xe0, 0x48, 0xfe,
  0xe8, 0x17, 0x23, 0x03, 0x37, 0x0c, 0x10, 0x17, 0x41, 0xc0, 0x06, 0x06,
  0x0b, 0x12, 0x10, 0x41, 0xf0, 0x04, 0x40, 0xe4, 0x09, 0x14, 0xd0, 0xa0,
  0xf9, 0x07, 0x0d, 0x05, 0x05, 0xe0, 0x46, 0x0c, 0xf5, 0x02, 0x85, 0x6e,
  0xe4, 0xe0, 0x2c, 0xff, 0x67, 0xe1, 0xe0, 0x3a, 0x60, 0x70, 0x65, 0xf2,
  0xdd, 0xec, 0x6c, 0x6c, 0xe5, 0xd3, 0xd5, 0xe1, 0xe0, 0x49, 0xb9, 0xf6,
  0xd3, 0xe3, 0xf5, 0x0a, 0x06, 0x0a, 0x11, 0x05, 0x60, 0x36, 0x62, 0xd5,
  0x29, 0xf2, 0x5a, 0x79, 0xe0, 0x28, 0x74, 0x6e, 0xe7, 0x04, 0xe0, 0x41,
  0x4b, 0xf9, 0xe0, 0x20, 0xfa, 0x69, 0x73, 0x73, 0x69, 0x65, 0x72, 0x2d,
  0x6a, 0x75, 0x73, 0x74, 0x69, 0x63, 0xe5, 0xe0, 0x3a, 0x96, 0x67, 0xe8,
  0xe0, 0x3d, 0x56, 0xae, 0x60, 0x43, 0x86, 0xc7, 0xad, 0xf4, 0x04, 0xe0,
  0x4b, 0x80, 0x74, 0x70, 0x62, 0xe9, 0xe0, 0x28, 0x00, 0xf3, 0x05, 0x06,
  0xe0, 0x31, 0xc1, 0x74, 0x67, 0xf2, 0xe0, 0x40, 0xe0, 0xe2, 0xe0, 0x49,
  0x39, 0xf2, 0x07, 0x05, 0x60, 0x36, 0xad, 0xd4, 0xaf, 0x73, 0xee, 0xe0,
  0x3f, 0xc2, 0x61, 0x2e, 0x68, 0x65, 0x61, 0x6c, 0xf4, 0xe0, 0x4a, 0x7e,
  0xef, 0x14, 0x0d, 0x04, 0x29, 0x40, 0x56, 0x1f, 0x08, 0x12, 0x28, 0x40,
  0x62, 0x1c, 0x19, 0x09, 0x05, 0x10, 0xe0, 0x46, 0xfe, 0xf9, 0x04, 0xe0,
  0x32, 0x86, 0x6c, 0x61, 0x6e, 0x64, 0xe5, 0xe0, 0x41, 0xdf, 0xf5, 0xe0,
  0x36, 0x88, 0xf4, 0x05, 0x03, 0xe0, 0x4b, 0x23, 0xed, 0xd9, 0xde, 0x65,
  0xec, 0x07, 0x0c, 0x60, 0x48, 0x36, 0xc2, 0xd8, 0x77, 0x69, 0x74, 0x68,
  0x66, 0x6c, 0x69, 0x67, 0xe8, 0xe0, 0x3f, 0x04, 0xae, 0x06, 0x60, 0x3c,
  0xf6, 0xcc, 0xdb, 0xf4, 0xe0, 0x48, 0x27, 0xf3, 0x03, 0xc0, 0x48, 0xf4,
  0x06, 0x08, 0x28, 0xe0, 0x4a, 0xc8, 0x79, 0x68, 0x6f, 0x73, 0xf4, 0xe0,
  0x20, 0xaf, 0x69, 0x6e, 0xe7, 0x05, 0x15, 0xe0, 0x4a, 0xd3, 0xae, 0x02,
  0x86, 0x6f, 0x76, 0xe8, 0xe0, 0x30, 0x90, 0x6d, 0x79, 0x6a, 0x69, 0x6e,
  0x6f, 0x2e, 0x72, 0xf5, 0xe0, 0x4a, 0xd2, 0x2d, 0x63, 0x6c, 0x75, 0x73,
  0x74, 0x65, 0xf2, 0xe0, 0x2a, 0xf8, 0x65, 0xe4, 0x05, 0x58, 0x51, 0xdd,
  0x86, 0x2d, 0x62, 0x79, 0x2d, 0x66, 0x69, 0xec, 0xe0, 0x49, 0x69, 0xf0,
  0x04, 0xe0, 0x46, 0xef, 0x69, 0xf4, 0xe0, 0x21, 0x03, 0xf2, 0x06, 0x04,
  0x0f, 0xe0, 0x35, 0xec, 0xf4, 0xe0, 0x37, 0xda, 0xef, 0x02, 0x86, 0x6e,
  0x6f, 0xe2, 0xe0, 0x2b, 0x8a, 0x6b, 0x61, 0xee, 0xe0, 0x34, 0xd7, 0x6e,
  0xe9, 0xe0, 0x3d, 0xe0, 0x71, 0x75, 0x69, 0x61, 0xed, 0xe0, 0x48, 0x61,
  0xf0, 0x02, 0x88, 0x74, 0x6f, 0xae, 0x60, 0x31, 0xf3, 0xd5, 0x4e, 0x6c,
  0x69, 0x78, 0xae, 0xe0, 0x36, 0x79, 0xee, 0x09, 0x0d, 0x05, 0x07, 0x60,
  0x3c, 0xac, 0xc8, 0x0d, 0xea, 0x02, 0x83, 0xf9, 0xce, 0xa4, 0x6f, 0xae,
  0x60, 0x3d, 0xeb, 0xc4, 0xbd, 0x67, 0xef, 0xe0, 0x3c, 0xd2, 0x65, 0x66,
  0x6f, 0xf3, 0xe0, 0x45, 0x41, 0x61, 0xe9, 0xe0, 0x44, 0x9f, 0x6d, 0xe5,
  0x0d, 0x04, 0x24, 0x08, 0x06, 0x05, 0x09, 0x07, 0x03, 0x5c, 0x84, 0xc4,
  0xc1, 0x75, 0x6e, 0xe9, 0xa9, 0xf3, 0x05, 0x06, 0xe0, 0x4a, 0x2d, 0x6b,
  0x6c, 0xe5, 0xe0, 0x35, 0x50, 0xe5, 0x02, 0x84, 0xee, 0xe0, 0x35, 0x82,
  0x63, 0x75, 0x72, 0x69, 0x74, 0xf9, 0x02, 0x84, 0xf0, 0xe0, 0x20, 0xa2,
  0x6d, 0xe1, 0xe0, 0x20, 0x9d, 0x6c, 0x69, 0x6e, 0x75, 0xf8, 0xe0, 0x33,
  0x0c, 0x67, 0x6f, 0xef, 0xe0, 0x2e, 0x3d, 0x66, 0x74, 0xf0, 0xd7, 0x83,
  0xe4, 0x03, 0xdd, 0x7e, 0x65, 0xf0, 0xe0, 0x36, 0xc1, 0x62, 0x75, 0x69,
  0xec, 0xe0, 0x44, 0x0c, 0xb6, 0xdc, 0xb9, 0xae, 0x4a, 0x0b, 0xd1, 0x7c,
  0xec, 0x0b, 0x04, 0x05, 0x60, 0x33, 0x0f, 0x4c, 0x6d, 0x48, 0x7b, 0x81,
  0x74, 0xe1, 0xc6, 0x3f, 0x6d, 0xe5, 0xe0, 0x37, 0x13, 0x64, 0x69, 0x6e,
  0xe7, 0xe0, 0x46, 0xf9, 0xeb, 0x02, 0x90, 0xf5, 0x02, 0x88, 0x74, 0x6f,
  0xae, 0x60, 0x2a, 0x3e, 0xdd, 0x89, 0x72, 0xf9, 0xe0, 0x44, 0x2a, 0xeb,
  0x60, 0x30, 0xd5, 0xd6, 0xeb, 0xe6, 0x04, 0xe0, 0x47, 0xd3, 0xf5, 0xe0,
  0x47, 0x38, 0x63, 0xeb, 0xe0, 0x3a, 0xac, 0xe2, 0x02, 0x84, 0xef, 0xe0,
  0x40, 0xe2, 0x62, 0x79, 0x2d, 0x73, 0x69, 0x74, 0xe5, 0xdd, 0x81, 0x61,
  0xe2, 0xe0, 0x37, 0x1d, 0xee, 0x60, 0x32, 0xe8, 0xd6, 0xa9, 0xed, 0x60,
  0x47, 0xae, 0xc1, 0xdd, 0xec, 0x04, 0xe0, 0x44, 0x0b, 0x78, 0xae, 0x60,
  0x45, 0x32, 0x8d, 0xeb, 0x06, 0x60, 0x47, 0x6c, 0xc2, 0x08, 0xae, 0x04,
  0xe0, 0x46, 0x30, 0xe3, 0x60, 0x47, 0xf9, 0xc0, 0x62, 0xea, 0x02, 0x87,
  0x65, 0x6c, 0x6d, 0xe5, 0xe0, 0x3a, 0x1b, 0x61, 0x72, 0xf4, 0xe0, 0x40,
  0x99, 0xe9, 0x14, 0x06, 0x24, 0x0d, 0x40, 0x4f, 0x09, 0x05, 0x14, 0x10,
  0x1a, 0x05, 0x04, 0x40, 0xd1, 0x1f, 0x0a, 0xe0, 0x43, 0x11, 0x7a, 0x65,
  0xee, 0xe0, 0x3c, 0x86, 0xf4, 0x04, 0xe0, 0x39, 0xf7, 0xe1, 0x04, 0xe0,
  0x34, 0x02, 0x63, 0x68, 0xe9, 0x07, 0x09, 0x60, 0x3f, 0xda, 0xc9, 0x47,
  0xef, 0x02, 0x82, 0xf4, 0x88, 0x6d, 0x69, 0xf9, 0x84, 0x6e, 0x61, 0x6b,
  0xe1, 0xe0, 0x3f, 0xd6, 0x73, 0xe1, 0x02, 0x85, 0x79, 0x61, 0xed, 0xc4,
  0x6b, 0x6d, 0xe9, 0xcd, 0x33, 0xf2, 0x02, 0x9f, 0xef, 0x08, 0x09, 0x08,
  0x60, 0x3b, 0x20, 0xc1, 0x09, 0xf3, 0x04, 0xe0, 0x41, 0xf0, 0x61, 0xeb,
  0xc3, 0x42, 0x6e, 0x6f, 0xae, 0x4d, 0x8c, 0xe0, 0x34, 0x58, 0x6b, 0x61,
  0xf7, 0xc4, 0x45, 0xe1, 0x07, 0x04, 0x0b, 0x03, 0x04, 0x06, 0x86, 0xf9,
  0xe0, 0x2a, 0x38, 0xf4, 0x04, 0xe0, 0x3b, 0x64, 0x73, 0x75, 0xeb, 0xe0,
  0x43, 0x32, 0xf2, 0xc9, 0xfd, 0x6e, 0xe1, 0xc3, 0x17, 0x6b, 0x61, 0xf4,
  0xe0, 0x2a, 0x47, 0x69, 0x7a, 0x75, 0xed, 0xcd, 0x58, 0xe4, 0xc7, 0xd7,
  0xf0, 0x03, 0xd0, 0x96, 0x68, 0xef, 0xe0, 0x46, 0xd3, 0x6f, 0xeb, 0xe0,
  0x3f, 0xb1, 0x6e, 0xef, 0x03, 0x04, 0x83, 0x68, 0xe1, 0xc3, 0x7b, 0xe4,
  0xc0, 0xc9, 0x2e, 0x74, 0xef, 0x60, 0x29, 0x7d, 0xdb, 0x6c, 0xed, 0x03,
  0xcc, 0x3d, 0xe5, 0x04, 0xe0, 0x37, 0x89, 0x73, 0x68, 0x69, 0xed, 0xe0,
  0x2e, 0xf6, 0xeb, 0x03, 0x06, 0x85, 0x6f, 0x6e, 0xe5, 0xe0, 0x41, 0x94,
  0x69, 0xed, 0xe0, 0x41, 0x23, 0xe1, 0x02, 0x83, 0xf7, 0xc3, 0x89, 0x72,
  0xe9, 0xe0, 0x45, 0xfe, 0x6a, 0xe9, 0xe0, 0x33, 0x3e, 0xe8, 0xe0, 0x2c,
  0xd1, 0x67, 0x61, 0x73, 0x68, 0xe9, 0x0d, 0x21, 0x05, 0x08, 0x17, 0x0a,
  0x0c, 0x18, 0x19, 0x0c, 0x08, 0x07, 0x8a, 0xf9, 0x02, 0x93, 0xef, 0x02,
  0x88, 0x73, 0x68, 0x69, 0x6e, 0xef, 0xe0, 0x3e, 0x45, 0x64, 0x6f, 0x67,
  0x61, 0xf7, 0xe0, 0x29, 0xc1, 0x61, 0x6d, 0xe1, 0x04, 0xe0, 0x36, 0xc5,
  0xf4, 0xe0, 0x40, 0x8e, 0x75, 0xf2, 0xe0, 0x29, 0x25, 0x74, 0x73, 0x75,
  0x6e, 0xef, 0xe0, 0x40, 0x84, 0xf3, 0x02, 0x8b, 0x75, 0x6d, 0x69, 0x79,
  0x6f, 0x73, 0x68, 0xe9, 0xe0, 0x45, 0xff, 0x68, 0x69, 0x72, 0x61, 0x6b,
  0x61, 0xf7, 0xd5, 0xa8, 0xef, 0x04, 0xe0, 0x29, 0x87, 0x6d, 0xe9, 0xe0,
  0x41, 0x1a, 0xee, 0x02, 0x83, 0xe5, 0xcb, 0xaf, 0x61, 0x72, 0x75, 0xf3,
  0xc7, 0x9d, 0xed, 0x02, 0x88, 0x75, 0x72, 0x61, 0x79, 0xe1, 0xe0, 0x40,
  0x42, 0x61, 0x74, 0x73, 0xf5, 0x03, 0xc1, 0xdc, 0x73, 0x68, 0x69, 0xed,
  0xcb, 0x41, 0xeb, 0x02, 0x88, 0x75, 0x72, 0x75, 0x6d, 0xe5, 0xe0, 0x44,
  0x21, 0xe1, 0x04, 0xe0, 0x3a, 0x6a, 0xe7, 0x04, 0xe0, 0x36, 0x51, 0xf5,
  0xe0, 0x45, 0x8c, 0x69, 0x7a, 0xf5, 0x04, 0xe0, 0x3b, 0x54, 0x6d, 0xef,
  0xe0, 0x40, 0x66, 0x68, 0x69, 0x72, 0x6f, 0x73, 0xe8, 0xd3, 0xfe, 0x63,
  0x68, 0x69, 0xe3, 0xe0, 0x29, 0x40, 0x61, 0x67, 0x61, 0x74, 0x73, 0x75,
  0xed, 0xe0, 0x3d, 0x36, 0xae, 0x04, 0xe0, 0x42, 0x40, 0x66, 0x75, 0x6b,
  0xf5, 0x60, 0x3b, 0x33, 0xc5, 0x5d, 0xe4, 0x02, 0x8b, 0x6e, 0x73, 0xae,
  0x04, 0xe0, 0x2b, 0xa4, 0xf6, 0xe0, 0x27, 0x3b, 0xe1, 0x04, 0xe0, 0x3d,
  0x06, 0x6b, 0x61, 0xae, 0x60, 0x3a, 0xc0, 0x40, 0x4b, 0x44, 0xd0, 0xc5,
  0xa9, 0xe3, 0x04, 0xe0, 0x2b, 0x76, 0x68, 0x69, 0xf3, 0xc7, 0x25, 0xae,
  0x60, 0x41, 0x89, 0xc0, 0x73, 0xe6, 0xe0, 0x3b, 0xb5, 0xe5, 0x0e, 0x0b,
  0x06, 0x40, 0x4b, 0x08, 0x0e, 0x1b, 0x08, 0x12, 0x07, 0xe0, 0x2f, 0xff,
  0x79, 0x66, 0x6c, 0x6f, 0x77, 0xae, 0x60, 0x3d, 0xef, 0xc5, 0x14, 0x74,
  0x65, 0xed, 0xe0, 0x2a, 0x13, 0xf2, 0x09, 0x1b, 0x04, 0x14, 0x4f, 0x1a,
  0xe0, 0x37, 0xb6, 0xef, 0x02, 0x93, 0x79, 0xae, 0x04, 0xe0, 0x2f, 0xbd,
  0x6d, 0x6f, 0x72, 0x65, 0x2d, 0x6f, 0x67, 0x2d, 0x72, 0x6f, 0xed, 0xca,
  0x1d, 0x6b, 0xf5, 0xe0, 0x45, 0xff, 0xed, 0xe0, 0x38, 0xe7, 0xe5, 0x05,
  0x03, 0xe0, 0x47, 0x13, 0xae, 0xd9, 0xa2, 0x2d, 0x66, 0x6f, 0x72, 0x2d,
  0x6d, 0x6f, 0xf2, 0xe0, 0x33, 0x9b, 0x63, 0x75, 0x6c, 0x65, 0x73, 0xad,
  0x04, 0xe0, 0x45, 0xda, 0x64, 0xe5, 0xce, 0xfe, 0x70, 0x66, 0x6f, 0x72,
  0xe7, 0xe0, 0x2f, 0xeb, 0xed, 0x02, 0x84, 0xf3, 0xe0, 0x37, 0xc9, 0x6e,
  0xe5, 0x60, 0x41, 0xd6, 0xc3, 0x36, 0xec, 0x05, 0x06, 0xe0, 0x44, 0xf3,
  0x73, 0x69, 0xee, 0xe0, 0x30, 0x91, 0x69, 0x6f, 0x68, 0xef, 0x02, 0x85,
  0x73, 0xf4, 0xe0, 0x44, 0xab, 0xae, 0xe0, 0x2f, 0x0c, 0x6b, 0x69, 0x6e,
  0x61, 0xee, 0xe0, 0x3f, 0xdc, 0xe9, 0x02, 0x85, 0x79, 0xf5, 0xe0, 0x3b,
  0x09, 0x6d, 0x64, 0x6e, 0x73, 0xae, 0x60, 0x2e, 0xc6, 0xd7, 0x23, 0x67,
  0x75, 0x72, 0xe9, 0xe0, 0x3c, 0xa4, 0xe1, 0x02, 0x84, 0xf6, 0xe0, 0x3c,
  0x4b, 0x6c, 0x74, 0xe8, 0x06, 0x05, 0x06, 0xe0, 0x46, 0x8d, 0x63, 0xe1,
  0xe0, 0x43, 0x5f, 0xae, 0x60, 0x3e, 0x28, 0xc5, 0x61, 0x2d, 0x63, 0x61,
  0x72, 0x65, 0x72, 0x65, 0x66, 0x6f, 0xf2, 0xd0, 0x5d, 0x64, 0x66, 0xe3,
  0x60, 0x21, 0xcb, 0xe0, 0x24, 0xb3, 0xe2, 0x04, 0xe0, 0x44, 0xa4, 0x2e,
  0xe3, 0x04, 0xe0, 0x44, 0xf8, 0x6c, 0x64, 0x6d, 0x61, 0x69, 0xec, 0xe0,
  0x30, 0x48, 0xe1, 0x17, 0x04, 0x10, 0x0e, 0x40, 0x48, 0x3e, 0x17, 0x0d,
  0x40, 0x4b, 0x40, 0x54, 0x14, 0x29, 0x15, 0x11, 0x08, 0x0e, 0x2c, 0xe0,
  0x3e, 0xc6, 0xfa, 0xe0, 0x27, 0x43, 0x79, 0xe1, 0x02, 0x87, 0x73, 0x68,
  0x69, 0xed, 0xe0, 0x3e, 0xd9, 0x6b, 0x61, 0xf7, 0xca, 0x5b, 0xf5, 0x04,
  0xe0, 0x43, 0x5b, 0xe7, 0x04, 0xe0, 0x3b, 0xd8, 0xe5, 0xe0, 0x2d, 0x48,
  0xf4, 0x07, 0x07, 0x0a, 0x0c, 0xe0, 0x33, 0x8d, 0x74, 0x66, 0x6a, 0x65,
  0xec, 0xcd, 0x80, 0x73, 0x75, 0x6b, 0x61, 0x69, 0x63, 0xe8, 0xe0, 0x38,
  0x8a, 0xef, 0x02, 0x85, 0x79, 0x61, 0xed, 0xca, 0x10, 0x67, 0xe1, 0xca,
  0x0b, 0xe5, 0x02, 0x9b, 0x6e, 0xe1, 0x02, 0x8d, 0x64, 0x69, 0x61, 0x72,
  0x79, 0xae, 0x60, 0x42, 0xb9, 0x42, 0x2b, 0xc0, 0xdd, 0x62, 0x6c, 0x6f,
  0x67, 0xae, 0x60, 0x44, 0xd8, 0xc0, 0xdd, 0x62, 0xec, 0xe0, 0x2a, 0x4a,
  0xf3, 0x05, 0x13, 0x1b, 0xc8, 0x2d, 0xf5, 0x02, 0x8d, 0x72, 0xe1, 0x04,
  0xe0, 0x3e, 0xd8, 0x2d, 0x61, 0x70, 0xf0, 0xe0, 0x44, 0x92, 0xe4, 0xc9,
  0xd0, 0xe8, 0x02, 0x91, 0xe9, 0x02, 0x88, 0xed, 0x03, 0xd3, 0x53, 0x6f,
  0xf4, 0xc5, 0x7e, 0x6b, 0x61, 0x6d, 0xe9, 0xc5, 0x2b, 0x62, 0x61, 0x6e,
  0xe7, 0xe0, 0x2d, 0x9e, 0x61, 0xed, 0x04, 0xe0, 0x2c, 0x0f, 0xe9, 0xe0,
  0x27, 0x12, 0xf2, 0x05, 0x06, 0x05, 0xcd, 0xa3, 0x69, 0x6d, 0xe1, 0xe0,
  0x3f, 0xe1, 0x65, 0xe9, 0xe0, 0x40, 0xb5, 0xe1, 0x60, 0x37, 0xb2, 0xca,
  0x5c, 0xf0, 0x02, 0x85, 0x70, 0x6f, 0xf5, 0xdd, 0x86, 0x6d, 0xe9, 0xe0,
  0x37, 0xa7, 0xee, 0x06, 0x04, 0x03, 0x09, 0x0f, 0x8e, 0xf9, 0xe0, 0x27,
  0x08, 0xef, 0xd9, 0x3f, 0xee, 0x03, 0xc9, 0xbe, 0x61, 0xee, 0xe0, 0x43,
  0x4d, 0xe7, 0x02, 0x85, 0x6f, 0xf5, 0xe0, 0x43, 0x5c, 0x67, 0x6c, 0x69,
  0xe4, 0xe0, 0x32, 0x8a, 0xe4, 0x04, 0xe0, 0x26, 0x46, 0x63, 0x72, 0x61,
  0x66, 0x74, 0xe5, 0xe0, 0x44, 0x1e, 0xe1, 0x04, 0xe0, 0x37, 0xd0, 0xed,
  0x05, 0x08, 0xe0, 0x3a, 0xe7, 0x69, 0x67, 0x61, 0x77, 0xe1, 0xe0, 0x43,
  0x00, 0x61, 0xeb, 0xc9, 0xcc, 0xed, 0x05, 0x05, 0x14, 0x05, 0xa5, 0x75,
  0xf2, 0xe0, 0x3d, 0x7c, 0xed, 0x02, 0x88, 0x65, 0x72, 0x66, 0x65, 0xf3,
  0xe0, 0x3b, 0xce, 0x61, 0x72, 0x66, 0x65, 0x61, 0xf3, 0xe0, 0x3d, 0x4a,
  0x62, 0xf5, 0xe0, 0x2d, 0xf3, 0xe1, 0x04, 0x0d, 0x06, 0x88, 0xf4, 0x02,
  0x85, 0x6f, 0xee, 0xe0, 0x3f, 0x6f, 0x61, 0xed, 0xe0, 0x38, 0x35, 0xf2,
  0x60, 0x37, 0x1a, 0xcc, 0x07, 0x6d, 0x61, 0x74, 0x73, 0xf5, 0xe0, 0x38,
  0x84, 0x64, 0xe1, 0xe0, 0x3d, 0x93, 0x2d, 0x72, 0x61, 0x64, 0x69, 0x6f,
  0x2d, 0xef, 0xe0, 0x36, 0x79, 0xec, 0x04, 0x0b, 0xc7, 0x84, 0xe6, 0x03,
  0xca, 0xdc, 0x6d, 0x6f, 0x6f, 0xee, 0xe0, 0x44, 0x9c, 0xe4, 0xe0, 0x32,
  0x05, 0xeb, 0x03, 0x12, 0x8d, 0xf5, 0x03, 0x06, 0x84, 0x73, 0x61, 0xee,
  0xe0, 0x3a, 0xe5, 0xe9, 0xe0, 0x3a, 0xe1, 0xe2, 0xe0, 0x26, 0x10, 0xef,
  0x02, 0x84, 0xee, 0xe0, 0x33, 0x31, 0x64, 0x61, 0xf4, 0xe0, 0x25, 0x9b,
  0x61, 0x74, 0xe1, 0xe0, 0x2a, 0xd9, 0xe9, 0x06, 0x05, 0x04, 0xe0, 0x43,
  0x00, 0x70, 0xe8, 0xe0, 0x2e, 0x9e, 0xe4, 0xe0, 0x2e, 0x99, 0x62, 0x61,
  0xf2, 0xc9, 0x07, 0xe7, 0x05, 0x06, 0xe0, 0x36, 0xc9, 0xe9, 0x60, 0x3a,
  0x33, 0xc7, 0xde, 0x65, 0x62, 0xef, 0xcc, 0x90, 0x65, 0x62, 0x61, 0x72,
  0xf5, 0xe0, 0x3f, 0x17, 0xe4, 0x02, 0x85, 0x73, 0xe5, 0xe0, 0x3b, 0xb0,
  0x61, 0x6e, 0xef, 0xe0, 0x3e, 0xc7, 0xe3, 0x03, 0x0a, 0x9a, 0xeb, 0x04,
  0xe0, 0x37, 0xc8, 0x63, 0x6c, 0xf5, 0xdd, 0xc7, 0x68, 0xe9, 0x04, 0x08,
  0x05, 0x83, 0x72, 0x6f, 0x67, 0x61, 0x74, 0xe1, 0xdc, 0x4d, 0x6f, 0xea,
  0xe0, 0x40, 0x8e, 0xee, 0xc3, 0xb7, 0xea, 0xe0, 0x3c, 0x98, 0xe3, 0xe0,
  0x31, 0x45, 0xe2, 0x05, 0x04, 0xe0, 0x36, 0x60, 0xed, 0xe0, 0x36, 0x58,
  0x69, 0x6b, 0xe9, 0xe0, 0x42, 0x0e, 0xe7, 0x28, 0x04, 0x1f, 0x04, 0x0b,
  0x0f, 0x40, 0x55, 0x40, 0x6f, 0x40, 0xcd, 0x42, 0x53, 0x0d, 0x15, 0x40,
  0x5a, 0x04, 0x16, 0x40, 0xb9, 0x0c, 0x10, 0x40, 0x86, 0x1a, 0x09, 0x0b,
  0x40, 0x8b, 0x47, 0x70, 0x51, 0xcc, 0x56, 0xea, 0x4b, 0x06, 0xa3, 0xfa,
  0xe0, 0x2d, 0x59, 0xf9, 0x05, 0x07, 0xe0, 0x43, 0xf2, 0x6f, 0x6b, 0x75,
  0xf4, 0xe0, 0x37, 0x6f, 0xe5, 0x04, 0xe0, 0x41, 0xb8, 0x6f, 0x6e, 0xe7,
  0x05, 0x60, 0x24, 0x6b, 0x85, 0x67, 0xe9, 0xe0, 0x2a, 0x37, 0xf8, 0xe0,
  0x2d, 0x36, 0xf7, 0x04, 0xe0, 0x43, 0xd7, 0x61, 0x6e, 0x67, 0xea, 0xdb,
  0xf9, 0x76, 0xae, 0x04, 0x04, 0xdc, 0x03, 0xf5, 0xe0, 0x20, 0xdb, 0xe1,
  0x60, 0x41, 0xbe, 0xb9, 0xf5, 0x10, 0x09, 0x0b, 0x04, 0x0b, 0x0b, 0x04,
  0x05, 0x07, 0x5c, 0x03, 0x06, 0x5c, 0xfb, 0xca, 0x6f, 0x73, 0x68, 0x69,
  0x6b, 0x61, 0xed, 0xe0, 0x3e, 0x48, 0x6f, 0x76, 0x64, 0x61, 0x67, 0x65,
  0x61, 0x69, 0xe4, 0xda, 0x90, 0xec, 0xe0, 0x30, 0xd1, 0xea, 0x03, 0xc3,
  0x49, 0x61, 0x72, 0x61, 0xf4, 0xe0, 0x42, 0x1a, 0xe9, 0x02, 0x84, 0x74,
  0xe1, 0xde, 0x34, 0xe4, 0xe0, 0x41, 0xd7, 0xe3, 0xe0, 0x35, 0x6c, 0x62,
  0xae, 0xe0, 0x2e, 0x29, 0x61, 0x6d, 0x2e, 0xe7, 0xe0, 0x42, 0x41, 0xae,
  0x60, 0x26, 0x60, 0xd7, 0x2d, 0xf3, 0x07, 0x06, 0x60, 0x29, 0x4e, 0xda,
  0x11, 0x6a, 0x2e, 0xe2, 0xe0, 0x3f, 0xcf, 0xae, 0x10, 0x05, 0x05, 0x0d,
  0x04, 0x0e, 0x06, 0x04, 0x0a, 0x06, 0x04, 0x60, 0x39, 0x07, 0xc4, 0x8e,
  0xf6, 0x24, 0xe0, 0x3b, 0x5b, 0xf4, 0x60, 0x35, 0x68, 0x84, 0xf3, 0x05,
  0x15, 0xe0, 0x39, 0xd5, 0x76, 0x61, 0x6c, 0xe2, 0xe0, 0x3a, 0xf4, 0xf2,
  0xe0, 0x3a, 0x75, 0xef, 0x05, 0x04, 0xe0, 0x3a, 0x68, 0xf3, 0xe0, 0x39,
  0x33, 0xe6, 0xe0, 0x41, 0x4b, 0xee, 0x60, 0x39, 0xd0, 0xc0, 0x93, 0xed,
  0xe0, 0x35, 0x42, 0x6a, 0x61, 0x6e, 0x2d, 0x6d, 0x61, 0xf9, 0xe0, 0x30,
  0x49, 0xe8, 0x60, 0x35, 0x30, 0xc5, 0x1f, 0xe6, 0xe0, 0x35, 0x2a, 0xe1,
  0x04, 0xe0, 0x3b, 0x34, 0xe8, 0xe0, 0x41, 0x24, 0xf2, 0x0b, 0x06, 0x04,
  0x40, 0x44, 0x13, 0x17, 0x3f, 0xe0, 0x42, 0x3b, 0xf5, 0x60, 0x41, 0x13,
  0xc0, 0x48, 0xf0, 0xe0, 0x34, 0xd9, 0xef, 0x06, 0x06, 0x13, 0x06, 0x0b,
  0x90, 0x7a, 0x6e, 0xf9, 0xe0, 0x3e, 0xc3, 0xf5, 0x02, 0x86, 0xf0, 0x60,
  0x3f, 0x8a, 0xc3, 0x4d, 0x6e, 0x64, 0x68, 0x61, 0x6e, 0x64, 0xec, 0xe0,
  0x2f, 0xf8, 0x73, 0x73, 0xe5, 0xe0, 0x3d, 0x8a, 0xee, 0x04, 0xe0, 0x3a,
  0x31, 0x64, 0x61, 0xf2, 0xe0, 0x3d, 0x83, 0xeb, 0x04, 0xe0, 0x2a, 0x24,
  0x73, 0x2d, 0x74, 0xe8, 0x04, 0xe0, 0x2f, 0x3a, 0xe9, 0xd5, 0x2d, 0xe3,
  0xd9, 0x5b, 0xe9, 0x03, 0x08, 0x84, 0x77, 0x2e, 0x67, 0x6f, 0xf6, 0xe0,
  0x3d, 0x00, 0xf0, 0xe0, 0x40, 0xe8, 0xed, 0xca, 0xa3, 0xe5, 0x05, 0x05,
  0x08, 0xc4, 0xe3, 0x74, 0xe1, 0xe0, 0x31, 0x8c, 0x62, 0x65, 0x64, 0x6f,
  0xe3, 0xe0, 0x36, 0xe4, 0xe1, 0xe0, 0x2c, 0x45, 0xe1, 0x09, 0x0c, 0x09,
  0x09, 0x0b, 0x05, 0xe0, 0x2a, 0xb0, 0x79, 0x6a, 0x61, 0x79, 0x6c, 0x65,
  0x61, 0x67, 0xf5, 0xe0, 0x41, 0x16, 0xf4, 0x04, 0xe0, 0x2f, 0x91, 0xe9,
  0xe0, 0x3f, 0x86, 0x70, 0x68, 0x69, 0xe3, 0x60, 0x29, 0x26, 0xd6, 0x59,
  0xee, 0x05, 0x60, 0x40, 0x6e, 0x81, 0x76, 0xe9, 0xe0, 0x3a, 0x6f, 0x6a,
  0x65, 0xf7, 0xc2, 0x6f, 0x66, 0x61, 0x6e, 0xe1, 0xe0, 0x24, 0xef, 0xae,
  0x60, 0x3a, 0x36, 0x45, 0xa3, 0x40, 0x6c, 0xc0, 0xe1, 0xef, 0x11, 0x41,
  0x0b, 0x15, 0x2c, 0x13, 0x0f, 0x06, 0x17, 0x0c, 0x1a, 0x0a, 0x06, 0x0c,
  0x03, 0x0d, 0xbe, 0xf6, 0x06, 0x03, 0x04, 0xe0, 0x42, 0x11, 0xf4, 0xc4,
  0x26, 0x65, 0xf2, 0xcf, 0x0d, 0xae, 0x20, 0x07, 0x08, 0x0c, 0x18, 0x0e,
  0x0f, 0x15, 0x10, 0x0e, 0x0c, 0x04, 0x0e, 0x09, 0x0e, 0x14, 0x51, 0x81,
  0x4b, 0x13, 0x04, 0x40, 0x40, 0x5b, 0xb9, 0x43, 0x61, 0x42, 0x23, 0x17,
  0xc0, 0x45, 0xf6, 0x60, 0x3f, 0xbc, 0x40, 0x84, 0xba, 0xf5, 0x60, 0x3f,
  0x13, 0x40, 0xe6, 0xc1, 0xee, 0xf4, 0x60, 0x3f, 0x1f, 0x03, 0x0c, 0x19,
  0x40, 0x91, 0x39, 0x3b, 0x9f, 0xf3, 0x11, 0x60, 0x35, 0x5c, 0x43, 0x30,
  0x46, 0x38, 0x27, 0x1a, 0x18, 0x10, 0x40, 0xa7, 0x20, 0xc1, 0xce, 0xe3,
  0x5e, 0xe1, 0xe0, 0x22, 0xe1, 0xf0, 0x60, 0x3e, 0xbd, 0x27, 0x03, 0x17,
  0x18, 0x0d, 0x40, 0x91, 0x40, 0x74, 0x9f, 0xee, 0x0a, 0x60, 0x3f, 0xb5,
  0x40, 0x5b, 0x40, 0xb5, 0xc0, 0xde, 0xe3, 0xe0, 0x2d, 0x14, 0xed, 0x60,
  0x3d, 0x41, 0x41, 0x7f, 0x07, 0x03, 0x17, 0x18, 0x0d, 0x40, 0xaa, 0x20,
  0x20, 0x1b, 0x1f, 0x40, 0x40, 0xc1, 0x34, 0xec, 0x60, 0x35, 0x23, 0x48,
  0x09, 0x41, 0x86, 0x03, 0x2f, 0x40, 0x73, 0x2b, 0x19, 0xc0, 0x5b, 0xeb,
  0x60, 0x3e, 0x7b, 0x20, 0x1e, 0x28, 0x1f, 0x40, 0x95, 0x40, 0x70, 0xc1,
  0x74, 0xe9, 0x5d, 0x74, 0x60, 0x21, 0x3a, 0x40, 0xb6, 0x39, 0x20, 0x1b,
  0x9f, 0xe8, 0xe0, 0x3e, 0x8b, 0xe7, 0x60, 0x3e, 0x5d, 0x40, 0x59, 0x10,
  0x1c, 0x40, 0xcb, 0x1b, 0x1f, 0xc0, 0x40, 0xe5, 0x60, 0x3f, 0x1b, 0x2b,
  0x40, 0x59, 0xc1, 0xae, 0xe3, 0x60, 0x38, 0x0e, 0x46, 0x58, 0x1e, 0x03,
  0x18, 0x10, 0x40, 0xc7, 0xc0, 0x5a, 0xe2, 0x60, 0x34, 0x29, 0x40, 0xa7,
  0x49, 0x68, 0x20, 0x07, 0x17, 0x1b, 0x0d, 0x03, 0x40, 0x8e, 0x19, 0x40,
  0x5b, 0x9f, 0xe1, 0x60, 0x34, 0x15, 0x4a, 0x2f, 0x07, 0x1a, 0x40, 0x8b,
  0x40, 0x64, 0x20, 0x1b, 0xc0, 0x5f, 0xf5, 0x02, 0x8c, 0x76, 0xae, 0x60,
  0x32, 0xf3, 0x06, 0x1a, 0x41, 0x01, 0x06, 0xc8, 0xfb, 0x70, 0x69, 0xec,
  0xe0, 0x22, 0x1a, 0xf4, 0x08, 0x05, 0x08, 0x04, 0x05, 0xe0, 0x40, 0xe0,
  0x73, 0xf5, 0xe0, 0x39, 0x98, 0x70, 0x61, 0x6e, 0x74, 0x68, 0xe5, 0xcd,
  0x71, 0xef, 0xe0, 0x22, 0x53, 0x65, 0x6d, 0xe2, 0xc5, 0x58, 0x64, 0x6e,
  0x73, 0xae, 0x04, 0xe0, 0x3d, 0x99, 0xe3, 0x60, 0x3f, 0xc4, 0xbc, 0xf3,
  0x04, 0x05, 0xca, 0xe8, 0x68, 0xe9, 0xe0, 0x37, 0xdf, 0xe5, 0x04, 0xe0,
  0x36, 0xbd, 0xee, 0xe0, 0x3b, 0xb9, 0xf2, 0x02, 0x87, 0x6c, 0x69, 0x63,
  0xe5, 0xe0, 0x3b, 0x1e, 0x69, 0xfa, 0xe0, 0x38, 0x7e, 0xf0, 0x4a, 0xcf,
  0xe0, 0x35, 0xe1, 0xef, 0x02, 0x8e, 0xe7, 0x04, 0xe0, 0x40, 0xa3, 0x6c,
  0xe5, 0x42, 0x76, 0x60, 0x22, 0xb2, 0xdb, 0x79, 0x64, 0x79, 0xe5, 0xe0,
  0x2b, 0x38, 0xee, 0x04, 0xe0, 0x2d, 0x94, 0x6f, 0x68, 0x65, 0xae, 0xe0,
  0x35, 0xd4, 0xec, 0x05, 0x0b, 0xe0, 0x3e, 0x9a, 0xe6, 0x04, 0xe0, 0x40,
  0x7d, 0x66, 0x61, 0xee, 0xe0, 0x3e, 0x55, 0xe4, 0x04, 0xe0, 0x40, 0x72,
  0x70, 0xef, 0xcc, 0x11, 0xeb, 0x03, 0xca, 0x89, 0x61, 0x73, 0xe5, 0xe0,
  0x2e, 0xf7, 0x6a, 0x6f, 0x6d, 0xe5, 0xd8, 0x5f, 0xe9, 0x02, 0x83, 0xf0,
  0xd9, 0x31, 0x61, 0x6e, 0xe9, 0xe0, 0x34, 0xd2, 0xe7, 0xca, 0x70, 0xe4,
  0x02, 0x84, 0xef, 0xe0, 0x35, 0xcc, 0x61, 0x64, 0xe4, 0xe0, 0x3d, 0x9f,
  0xe2, 0x02, 0x84, 0xef, 0xe0, 0x33, 0x7b, 0xae, 0x12, 0x04, 0x08, 0x04,
  0x04, 0x04, 0x06, 0x60, 0x20, 0x4d, 0x4a, 0x5e, 0x48, 0x4d, 0x49, 0xeb,
  0xc0, 0xce, 0xf3, 0xe0, 0x3b, 0xc9, 0xf0, 0x60, 0x3d, 0x4e, 0x40, 0xe6,
  0xc0, 0x40, 0xed, 0xe0, 0x36, 0xe4, 0xe8, 0xe0, 0x3e, 0xa2, 0xe7, 0xe0,
  0x3e, 0x0b, 0xe5, 0x60, 0x3d, 0x37, 0xc0, 0xa5, 0xe3, 0x60, 0x3d, 0x4b,
  0xc1, 0x89, 0xae, 0x10, 0x04, 0x06, 0x06, 0x50, 0xb2, 0x43, 0xa9, 0x60,
  0x23, 0x7e, 0x03, 0x45, 0x3b, 0xc0, 0xd7, 0xf5, 0xe0, 0x3f, 0xf1, 0xf4,
  0x60, 0x3c, 0xef, 0x20, 0xad, 0xe9, 0x60, 0x3d, 0x52, 0xc0, 0x8e, 0x64,
  0x79, 0xee, 0xd3, 0x5f, 0xee, 0x04, 0xe0, 0x3f, 0xd9, 0x69, 0x65, 0x7a,
  0x6e, 0xef, 0xe0, 0x3a, 0x39, 0xed, 0x0b, 0x05, 0x4e, 0x79, 0x60, 0x28,
  0x10, 0x47, 0x68, 0xc1, 0xcf, 0x69, 0xee, 0xe0, 0x2d, 0x80, 0xe2, 0xe0,
  0x3c, 0xc0, 0xec, 0x0a, 0x05, 0x29, 0x15, 0x08, 0x40, 0xdc, 0xe0, 0x3e,
  0x8a, 0x75, 0xe7, 0xe0, 0x3a, 0xde, 0xef, 0x04, 0x05, 0x05, 0x84, 0x70,
  0xf0, 0xe0, 0x2c, 0xda, 0x6f, 0xed, 0xe0, 0x35, 0x47, 0xe7, 0xe0, 0x30,
  0x6f, 0xe2, 0x04, 0xe0, 0x3d, 0xc5, 0x61, 0xec, 0x04, 0xe0, 0x3f, 0x8e,
  0xae, 0x06, 0x60, 0x32, 0xf3, 0xca, 0xe8, 0xf3, 0xe0, 0x3d, 0xd4, 0xe9,
  0x02, 0x87, 0x77, 0x69, 0x63, 0xe5, 0xe0, 0x2a, 0x9d, 0xe4, 0x04, 0xe0,
  0x2c, 0xa1, 0x65, 0x6f, 0xf3, 0xe0, 0x38, 0x76, 0xe5, 0x04, 0xe0, 0x3f,
  0x69, 0xe5, 0xc0, 0xaa, 0xe1, 0xe0, 0x36, 0x44, 0x6b, 0xf0, 0xc9, 0x7f,
  0xea, 0x02, 0x83, 0xef, 0xc1, 0xd9, 0xe5, 0x04, 0x07, 0xc2, 0x42, 0xf2,
  0x03, 0xc7, 0x5f, 0xe4, 0xce, 0x16, 0xed, 0xe0, 0x3a, 0x36, 0xe9, 0x10,
  0x06, 0x40, 0x4d, 0x07, 0x16, 0x08, 0x05, 0x0b, 0x0c, 0x10, 0x48, 0x3e,
  0xe0, 0x36, 0x55, 0xf6, 0x60, 0x27, 0x43, 0xc9, 0xbb, 0xf4, 0x06, 0x06,
  0x06, 0x18, 0x05, 0x85, 0x70, 0x61, 0x67, 0xe5, 0xc9, 0x5d, 0x6c, 0x61,
  0xe2, 0xe0, 0x3d, 0xe4, 0x68, 0x75, 0xe2, 0x05, 0x0a, 0xe0, 0x32, 0xf5,
  0x70, 0x72, 0x65, 0x76, 0x69, 0x65, 0xf7, 0xe0, 0x33, 0x72, 0xae, 0x60,
  0x38, 0x11, 0xc5, 0xbe, 0x62, 0xef, 0xe0, 0x33, 0x8e, 0x61, 0x70, 0xf0,
  0xc9, 0x35, 0xad, 0x02, 0x86, 0x72, 0x65, 0x70, 0xef, 0xd1, 0x9f, 0x70,
  0x61, 0x67, 0x65, 0x73, 0x2e, 0x72, 0x69, 0x74, 0x2e, 0x65, 0xe4, 0xe0,
  0x3e, 0x0c, 0x72, 0xec, 0x60, 0x26, 0x8f, 0xcd, 0xfa, 0xee, 0x02, 0x8e,
  0xef, 0x02, 0x85, 0x7a, 0xe1, 0xe0, 0x39, 0x73, 0x77, 0x61, 0xee, 0xe0,
  0x39, 0x6d, 0x61, 0xee, 0xe0, 0x34, 0x4b, 0x6c, 0x64, 0x65, 0x73, 0xeb,
  0xe0, 0x36, 0x00, 0x69, 0xfa, 0xe0, 0x27, 0xab, 0x67, 0x2d, 0x68, 0x61,
  0x72, 0x62, 0x6f, 0xf2, 0xe0, 0x3c, 0x8a, 0xe6, 0x04, 0xe0, 0x3b, 0x3c,
  0x75, 0xae, 0x60, 0x34, 0x2a, 0xc8, 0x89, 0xe5, 0x02, 0x83, 0xec, 0xd6,
  0x2a, 0x68, 0x74, 0x61, 0x76, 0x75, 0x6f, 0xe1, 0xe0, 0x2c, 0x0e, 0x61,
  0xec, 0xd2, 0x5b, 0xe8, 0x04, 0xe0, 0x3e, 0x8a, 0x2e, 0x73, 0x72, 0xf6,
  0xe0, 0x3c, 0x61, 0xe7, 0x06, 0x60, 0x38, 0xbd, 0xc5, 0xbf, 0xe6, 0x04,
  0xe0, 0x3c, 0xe1, 0xe6, 0xe0, 0x3e, 0x1e, 0xe5, 0x0e, 0x08, 0x13, 0x0c,
  0x32, 0x07, 0x09, 0x60, 0x3b, 0x99, 0x40, 0x73, 0xc1, 0xef, 0xf4, 0x03,
  0xc4, 0x67, 0xf3, 0xe0, 0x25, 0x82, 0x72, 0x6d, 0x61, 0x6e, 0xf9, 0x02,
  0x87, 0x77, 0x65, 0x73, 0xf4, 0xe0, 0x29, 0x45, 0x6e, 0x6f, 0xf2, 0xc4,
  0x90, 0xef, 0x04, 0xe0, 0x3c, 0xae, 0x72, 0xe7, 0x60, 0x3b, 0xf7, 0xc0,
  0x9c, 0xee, 0x04, 0x11, 0x09, 0x84, 0xf4, 0x08, 0x60, 0x26, 0x3c, 0x47,
  0x40, 0xd0, 0xb3, 0x6c, 0x65, 0x6e, 0x74, 0x61, 0xf0, 0xd1, 0x23, 0xef,
  0x04, 0xe0, 0x35, 0xed, 0xf6, 0xe0, 0x35, 0xec, 0x6b, 0xe1, 0xc2, 0x0b,
  0xae, 0x08, 0x60, 0x2d, 0x31, 0x46, 0x7b, 0xc8, 0xef, 0xee, 0x60, 0x3a,
  0xd3, 0xc0, 0x5e, 0x69, 0x73, 0x65, 0xe9, 0xe0, 0x36, 0x5f, 0x68, 0x69,
  0x72, 0x6e, 0x2e, 0xee, 0xe0, 0x2b, 0xb2, 0x65, 0xeb, 0x02, 0x86, 0x67,
  0x61, 0x6c, 0xe1, 0xdd, 0x0e, 0xae, 0xe0, 0x35, 0x86, 0xe4, 0x09, 0x05,
  0x60, 0x27, 0x35, 0x55, 0x34, 0xc1, 0x75, 0x79, 0x6e, 0xe9, 0xd3, 0x63,
  0xe1, 0x04, 0xe0, 0x28, 0xfa, 0x6e, 0x73, 0xeb, 0xe0, 0x28, 0xf7, 0xe3,
  0x04, 0xe0, 0x29, 0x30, 0xf0, 0xe0, 0x2c, 0x98, 0xe2, 0x06, 0x60, 0x3d,
  0x6b, 0xc0, 0x58, 0xe9, 0xe0, 0x3a, 0xe3, 0xe1, 0x11, 0x08, 0x08, 0x06,
  0x0f, 0x33, 0x17, 0x04, 0x60, 0x35, 0xef, 0x44, 0xa5, 0x40, 0xc1, 0xc1,
  0xe5, 0xf5, 0x03, 0xc0, 0x9f, 0xec, 0xe0, 0x2b, 0x14, 0x74, 0x65, 0x77,
  0x61, 0xf9, 0xe0, 0x3b, 0xd7, 0x72, 0x64, 0xe5, 0xe0, 0x3c, 0x25, 0x6e,
  0xe7, 0x02, 0x83, 0xf7, 0xd5, 0xb4, 0x61, 0x76, 0x69, 0x69, 0xeb, 0xe0,
  0x35, 0xbd, 0xed, 0x06, 0x05, 0x20, 0xe0, 0x36, 0x6a, 0x76, 0xe9, 0xe0,
  0x30, 0xd4, 0xe5, 0x07, 0x06, 0x4e, 0x94, 0xe0, 0x2e, 0xda, 0xf3, 0x60,
  0x3c, 0x3c, 0xc1, 0x37, 0xad, 0x02, 0x89, 0x73, 0x65, 0x72, 0x76, 0x65,
  0xf2, 0xe0, 0x20, 0x52, 0x68, 0x6f, 0xf3, 0xe0, 0x31, 0xa3, 0x61, 0x67,
  0x6f, 0xf2, 0xe0, 0x36, 0x6f, 0xec, 0x07, 0x04, 0x60, 0x3b, 0x14, 0xc2,
  0x35, 0xf3, 0xe0, 0x35, 0x7e, 0xec, 0x06, 0x53, 0xf7, 0xe0, 0x27, 0x7c,
  0xf5, 0xe0, 0x3b, 0x5c, 0xe9, 0xe0, 0x2a, 0xb2, 0x64, 0x67, 0x65, 0xf4,
  0xce, 0x8b, 0x31, 0xb2, 0xe0, 0x3b, 0x9c, 0xe6, 0x1c, 0x12, 0x01, 0x04,
  0x41, 0xa8, 0x0e, 0x09, 0x41, 0xf5, 0x40, 0xbb, 0x09, 0x0e, 0x40, 0x8b,
  0x03, 0x11, 0x40, 0xe6, 0x1e, 0x40, 0x65, 0x04, 0x08, 0x40, 0x97, 0x86,
  0xf9, 0x05, 0x06, 0xe0, 0x3a, 0x8c, 0x72, 0x65, 0xf3, 0xe0, 0x34, 0x46,
  0x6c, 0x6b, 0x65, 0xf3, 0xc4, 0x6b, 0x76, 0xe7, 0xe0, 0x3a, 0x9c, 0xf5,
  0x0c, 0x31, 0x0b, 0x26, 0x0f, 0x31, 0x40, 0x59, 0x40, 0x6d, 0x19, 0x8b,
  0xf4, 0x05, 0x17, 0x06, 0x04, 0x85, 0x75, 0x72, 0xe5, 0x04, 0x05, 0xc8,
  0x01, 0x6d, 0x61, 0x69, 0xec, 0x85, 0x68, 0x6f, 0x73, 0x74, 0x69, 0x6e,
  0x67, 0xae, 0xe0, 0x3c, 0x0b, 0x74, 0x73, 0xf5, 0xe0, 0x3a, 0x92, 0x73,
  0xf5, 0xde, 0x34, 0x62, 0xef, 0xe0, 0x3a, 0x07, 0x61, 0xe2, 0xe0, 0x2f,
  0x4a, 0xf3, 0x06, 0x60, 0x32, 0x56, 0xc2, 0x92, 0xf3, 0xe0, 0x35, 0x04,
  0xf2, 0x03, 0x18, 0x85, 0xf5, 0x05, 0x0c, 0xe0, 0x35, 0x4d, 0x6b, 0x61,
  0x77, 0x61, 0x2e, 0x6d, 0x69, 0x79, 0xe1, 0xe0, 0x2e, 0xec, 0x64, 0x6f,
  0xee, 0xe0, 0x35, 0x7c, 0x6e, 0xe9, 0xe0, 0x39, 0x5b, 0x61, 0xee, 0xe0,
  0x2e, 0xbf, 0xef, 0x02, 0x86, 0x73, 0x73, 0xeb, 0xe0, 0x32, 0x8e, 0x69,
  0x73, 0xeb, 0xe0, 0x34, 0x69, 0xee, 0x08, 0x06, 0x0b, 0x60, 0x39, 0xcd,
  0xc2, 0x96, 0x6e, 0x65, 0xec, 0xe0, 0x2e, 0x6a, 0x63, 0x74, 0x69, 0x6f,
  0x6e, 0x73, 0x2e, 0x66, 0xee, 0xc3, 0xde, 0xe1, 0x03, 0x06, 0x88, 0x68,
  0x61, 0x73, 0x68, 0xe9, 0xbb, 0x67, 0x61, 0x74, 0x61, 0xae, 0xe0, 0x2e,
  0xf7, 0x62, 0x61, 0xf3, 0xdd, 0x05, 0xeb, 0x03, 0xc0, 0x49, 0xf5, 0x0a,
  0x04, 0x10, 0x05, 0x09, 0x07, 0x07, 0xe0, 0x2f, 0xa3, 0x79, 0xe1, 0xc8,
  0x81, 0xf3, 0x04, 0xe0, 0x33, 0x46, 0x68, 0x69, 0x6d, 0x61, 0xae, 0x60,
  0x35, 0x1e, 0x45, 0x13, 0x89, 0x72, 0xef, 0xe0, 0x2f, 0xb6, 0x6d, 0x69,
  0x74, 0x73, 0x75, 0xae, 0xe0, 0x2e, 0xc7, 0x69, 0xae, 0x4d, 0x2f, 0xe0,
  0x2c, 0xf5, 0x64, 0x6f, 0x6d, 0xe9, 0xe0, 0x2f, 0x55, 0x63, 0x68, 0xe9,
  0x04, 0xe0, 0x22, 0x38, 0x79, 0x61, 0x6d, 0xe1, 0xe0, 0x2a, 0x8d, 0xe1,
  0x02, 0x85, 0x79, 0xe1, 0xe0, 0x2e, 0x87, 0xe7, 0xe0, 0x2e, 0x8b, 0x6a,
  0xe9, 0x0c, 0x09, 0x05, 0x18, 0x04, 0x06, 0x0f, 0x14, 0x06, 0xe0, 0x2f,
  0x1c, 0x79, 0x6f, 0x73, 0x68, 0x69, 0x64, 0xe1, 0xcf, 0x82, 0x74, 0xf3,
  0xe0, 0x3a, 0xa5, 0xf3, 0x02, 0x86, 0x68, 0x69, 0xf2, 0xe0, 0x28, 0xc2,
  0xe1, 0x02, 0x88, 0x77, 0x61, 0xae, 0x40, 0x5f, 0xe0, 0x35, 0xc6, 0x74,
  0xef, 0xd3, 0xc0, 0xef, 0xe0, 0x31, 0x4a, 0x6e, 0x6f, 0x6d, 0x69, 0xf9,
  0xac, 0x6d, 0xe9, 0x02, 0x85, 0x6e, 0xef, 0xe0, 0x2e, 0x3c, 0xae, 0x60,
  0x2f, 0x34, 0xc8, 0xf4, 0x6b, 0x61, 0x77, 0xe1, 0x02, 0x89, 0x67, 0x75,
  0x63, 0x68, 0x69, 0x6b, 0xef, 0xcf, 0x3d, 0xae, 0x5c, 0x0f, 0xd3, 0x18,
  0x69, 0x64, 0x65, 0xf2, 0xdd, 0x0b, 0x65, 0x64, 0xe1, 0xe0, 0x2f, 0x19,
  0xe5, 0x05, 0x0e, 0xe0, 0x35, 0xa1, 0x74, 0x74, 0x65, 0x72, 0x74, 0x64,
  0x61, 0x73, 0x6e, 0x65, 0x74, 0xfa, 0xd4, 0x4b, 0x66, 0x75, 0xeb, 0xcf,
  0x12, 0x64, 0x61, 0x69, 0x2e, 0x69, 0x77, 0x61, 0xf4, 0xe0, 0x35, 0xba,
  0x63, 0x68, 0x75, 0xae, 0x04, 0xe0, 0x2d, 0xd2, 0x74, 0xef, 0x60, 0x33,
  0xf6, 0xc3, 0xaa, 0xf4, 0x04, 0xe0, 0x39, 0xba, 0x70, 0x61, 0x63, 0x63,
  0x65, 0x73, 0xf3, 0xde, 0x34, 0xf3, 0x03, 0xd9, 0x15, 0x70, 0x61, 0xe7,
  0xd5, 0x70, 0xf2, 0x10, 0x07, 0x40, 0xdc, 0x1e, 0x40, 0x5d, 0x40, 0x5a,
  0x60, 0x23, 0xdf, 0x52, 0xd6, 0xc2, 0xbe, 0x75, 0x73, 0x6b, 0xf9, 0xe0,
  0x21, 0x41, 0xef, 0x09, 0x04, 0x09, 0x11, 0x40, 0xab, 0xe0, 0x2b, 0x0a,
  0xf9, 0xe0, 0x33, 0x4b, 0xf3, 0x04, 0xe0, 0x33, 0x42, 0x69, 0xee, 0xd4,
  0xa5, 0x6e, 0xf4, 0x02, 0x84, 0xe9, 0xe0, 0x24, 0x16, 0x65, 0x6e, 0x64,
  0x2e, 0x65, 0x6e, 0xe3, 0xc8, 0x86, 0xed, 0x02, 0x89, 0xae, 0x04, 0xe0,
  0x25, 0x83, 0xe8, 0xe0, 0x39, 0x5f, 0xad, 0x15, 0x09, 0x06, 0x04, 0x06,
  0x06, 0x04, 0x06, 0x07, 0x16, 0x10, 0x05, 0x09, 0x04, 0x04, 0x04, 0x05,
  0x07, 0xe0, 0x22, 0x63, 0xf7, 0x42, 0xdb, 0x57, 0x1a, 0x51, 0xfd, 0xc3,
  0x07, 0xf6, 0x60, 0x2b, 0xe9, 0xc2, 0xda, 0xf5, 0xe0, 0x2e, 0xbd, 0xf4,
  0x4e, 0x9e, 0xe0, 0x20, 0x2b, 0xf3, 0x51, 0x45, 0xe0, 0x27, 0xbe, 0xf2,
  0xe0, 0x2e, 0xda, 0xf0, 0x60, 0x2b, 0xcf, 0xcd, 0xd1, 0xef, 0x18, 0x60,
  0x35, 0xef, 0xc3, 0x93, 0xee, 0x0d, 0x04, 0x42, 0x9a, 0x41, 0xd8, 0x4c,
  0xab, 0x52, 0x69, 0x55, 0x55, 0x9b, 0xea, 0xe0, 0x39, 0x86, 0xe8, 0xe0,
  0x39, 0x82, 0xed, 0x4e, 0x6b, 0x55, 0x1e, 0x47, 0x61, 0x40, 0xc2, 0x42,
  0xda, 0x2d, 0x4a, 0x23, 0xc0, 0xa3, 0xeb, 0x59, 0x9f, 0xdf, 0xca, 0xe9,
  0x4e, 0x56, 0x5d, 0x41, 0x45, 0xe1, 0xc7, 0x49, 0xe8, 0xe0, 0x2e, 0x95,
  0xe7, 0xe0, 0x2b, 0x8a, 0xe6, 0xe0, 0x31, 0x67, 0xe4, 0x50, 0xee, 0xd2,
  0x69, 0xe3, 0x60, 0x2b, 0x7d, 0x42, 0xbe, 0x9c, 0xe1, 0x08, 0x60, 0x31,
  0x4f, 0x44, 0x5d, 0xc3, 0x93, 0xfa, 0xe0, 0x39, 0xfc, 0xe7, 0x04, 0xe0,
  0x32, 0x71, 0xe1, 0xe0, 0x27, 0x0a, 0x69, 0x75, 0x6c, 0xe9, 0x02, 0x81,
  0x2d, 0xf6, 0x03, 0x0b, 0x81, 0xe5, 0x03, 0x07, 0x81, 0x6e, 0x65, 0x7a,
  0x69, 0xe1, 0x02, 0x81, 0x2d, 0x67, 0x69, 0x75, 0xec, 0xe0, 0x31, 0xf7,
  0xe5, 0x05, 0x07, 0x08, 0x06, 0xbd, 0x73, 0x65, 0x6e, 0xe9, 0xe0, 0x34,
  0x3b, 0x6e, 0x63, 0x68, 0x6b, 0x69, 0xf3, 0xdb, 0x35, 0x69, 0x67, 0xe8,
  0xe0, 0x34, 0x29, 0xe5, 0x08, 0x06, 0x07, 0x04, 0x15, 0xe0, 0x39, 0xe0,
  0x74, 0x6c, 0xf3, 0xe0, 0x38, 0x5b, 0x73, 0x69, 0x74, 0x65, 0xae, 0xd8,
  0xfc, 0x6d, 0xf9, 0xce, 0xa7, 0xe4, 0x02, 0x89, 0x65, 0x73, 0x6b, 0x74,
  0x6f, 0xf0, 0xe0, 0x36, 0xac, 0x64, 0x6e, 0x73, 0xae, 0x60, 0x36, 0xa6,
  0xc1, 0x1b, 0x62, 0x6f, 0xf8, 0x02, 0x81, 0x2d, 0x6f, 0x73, 0xae, 0x60,
  0x38, 0xc3, 0xc0, 0x56, 0x64, 0x72, 0xe9, 0xc1, 0xde, 0xe1, 0x03, 0x13,
  0xb7, 0xee, 0x04, 0xe0, 0x31, 0xf6, 0x63, 0xe5, 0x04, 0xe0, 0x24, 0xb2,
  0x73, 0x6f, 0x75, 0x74, 0xe8, 0xe0, 0x2a, 0x40, 0x6d, 0xe5, 0x02, 0xa9,
  0xf2, 0x03, 0xcf, 0xbc, 0xae, 0x04, 0x0d, 0x08, 0x85, 0xf7, 0x02, 0x85,
  0x69, 0xeb, 0xe0, 0x39, 0x17, 0x65, 0xe2, 0xe0, 0x30, 0x3e, 0x70, 0x68,
  0x6f, 0x74, 0xef, 0xe0, 0x38, 0xf3, 0x6d, 0x65, 0xe4, 0xd8, 0x43, 0xe1,
  0x60, 0x32, 0x95, 0xc6, 0x6c, 0x2e, 0x63, 0x6c, 0x61, 0x75, 0x64, 0xe5,
  0xe0, 0x2d, 0x6b, 0x31, 0x2d, 0x64, 0x65, 0x2e, 0x63, 0x6c, 0x6f, 0x75,
  0xe4, 0xd8, 0x2a, 0xad, 0x02, 0x95, 0x70, 0x61, 0x72, 0xad, 0x02, 0x82,
  0xb2, 0x82, 0x31, 0x2e, 0x62, 0x61, 0x72, 0x65, 0x6d, 0x65, 0x74, 0x61,
  0xec, 0xd6, 0x2b, 0x31, 0x2e, 0x70, 0x61, 0x61, 0x73, 0x2e, 0x6d, 0x61,
  0x73, 0x73, 0x69, 0x76, 0x65, 0x67, 0x72, 0xe9, 0xe0, 0x27, 0x72, 0xef,
  0x0f, 0x07, 0x04, 0x04, 0x40, 0x7f, 0x09, 0x0f, 0x60, 0x22, 0xf1, 0x4c,
  0x69, 0xc9, 0x37, 0x75, 0x6e, 0x64, 0xe1, 0xe0, 0x2a, 0x1b, 0xf4, 0xe0,
  0x35, 0x61, 0xf3, 0xe0, 0x34, 0x16, 0xf2, 0x0c, 0x0c, 0x06, 0x07, 0x04,
  0x0c, 0x03, 0x1d, 0x06, 0xe0, 0x25, 0xc6, 0x75, 0xed, 0x06, 0x60, 0x37,
  0xdc, 0xc1, 0x37, 0xfa, 0xe0, 0x25, 0xa3, 0x74, 0x61, 0xec, 0xe0, 0x37,
  0x76, 0x73, 0xe1, 0x60, 0x30, 0xc9, 0xc5, 0xec, 0x6d, 0xf3, 0xcc, 0x3a,
  0x6c, 0xe9, 0x02, 0x81, 0x2d, 0x63, 0x65, 0x73, 0xe5, 0xe0, 0x2f, 0x02,
  0xeb, 0xda, 0xb7, 0xe7, 0x02, 0x91, 0x6f, 0x74, 0x2e, 0xe8, 0x02, 0x83,
  0x69, 0xf3, 0x83, 0x65, 0x72, 0x2e, 0x6e, 0xe1, 0xe0, 0x20, 0x51, 0x65,
  0x62, 0x6c, 0x6f, 0x63, 0xeb, 0xe0, 0x37, 0xbb, 0xe4, 0x60, 0x36, 0xf3,
  0xc1, 0xde, 0xad, 0x05, 0x03, 0x04, 0x06, 0x87, 0x74, 0xe8, 0x8e, 0x73,
  0x6f, 0xed, 0x8a, 0x6f, 0x75, 0xf2, 0xe0, 0x25, 0x4d, 0x6d, 0x6f, 0x72,
  0xe5, 0xe0, 0x35, 0x1f, 0x62, 0x65, 0x74, 0x74, 0x65, 0xf2, 0xe0, 0x35,
  0x16, 0xef, 0x51, 0x5f, 0x52, 0xee, 0x51, 0xc5, 0xc2, 0x96, 0xec, 0x02,
  0x84, 0xec, 0xe0, 0x2f, 0xd9, 0x6b, 0x65, 0x62, 0x69, 0xe2, 0xe0, 0x2f,
  0xd3, 0x67, 0xe7, 0xe0, 0x30, 0x59, 0xee, 0x04, 0xe0, 0x21, 0x43, 0x63,
  0xae, 0xd5, 0x4d, 0xed, 0x04, 0xe0, 0x38, 0x7e, 0xae, 0x60, 0x33, 0x4b,
  0x42, 0xd1, 0x40, 0x91, 0xbb, 0xec, 0x0b, 0x06, 0x0c, 0x0e, 0x29, 0x14,
  0x0c, 0x06, 0xe0, 0x30, 0xaf, 0xf9, 0x60, 0x2c, 0xcb, 0xcb, 0x9d, 0x75,
  0x74, 0x74, 0x65, 0x72, 0x66, 0x6c, 0x6f, 0xf7, 0xe0, 0x31, 0x5f, 0x74,
  0x2e, 0x63, 0x6c, 0x6f, 0x75, 0x64, 0x2e, 0x6d, 0x75, 0x6e, 0xe9, 0xd1,
  0x39, 0xef, 0x05, 0x03, 0x17, 0xd6, 0x08, 0xf7, 0xc2, 0x3e, 0xf2, 0x07,
  0x09, 0x60, 0x2e, 0x37, 0xc2, 0x2a, 0xe9, 0x04, 0xe0, 0x28, 0xd1, 0xf0,
  0xe0, 0x2c, 0xaf, 0x65, 0x6e, 0xe3, 0xe0, 0x2f, 0x82, 0xf0, 0x04, 0xe0,
  0x37, 0xec, 0xf0, 0xe0, 0x2d, 0xca, 0xe9, 0x07, 0x08, 0x60, 0x21, 0xd9,
  0xd4, 0xa3, 0x67, 0x68, 0xf4, 0x60, 0x34, 0xc8, 0xc0, 0x75, 0xe3, 0xe0,
  0x32, 0x8d, 0xe5, 0x02, 0x83, 0xf3, 0xc7, 0x3d, 0x6b, 0x6b, 0xe5, 0xe0,
  0x25, 0x14, 0x64, 0x72, 0xf6, 0xe0, 0x36, 0xe8, 0xe1, 0x05, 0x03, 0xe0,
  0x36, 0x14, 0xf4, 0xdf, 0x41, 0x6b, 0x73, 0x74, 0xe1, 0xe0, 0x33, 0x0c,
  0xeb, 0xd7, 0xa3, 0xea, 0x07, 0x04, 0x60, 0x21, 0x32, 0xd6, 0xa9, 0xe5,
  0xe0, 0x29, 0xf7, 0x61, 0xec, 0xe0, 0x29, 0xfc, 0xe9, 0x0d, 0x0e, 0x06,
  0x40, 0x56, 0x1e, 0x1a, 0x0e, 0x04, 0x09, 0xe0, 0x37, 0x0b, 0xf4, 0x05,
  0x04, 0xe0, 0x37, 0xbe, 0xee, 0xe0, 0x2e, 0x9f, 0xea, 0xe0, 0x25, 0x29,
  0x73, 0xe8, 0x5f, 0xc5, 0xd7, 0xf3, 0xf2, 0x02, 0x9b, 0xed, 0x02, 0x85,
  0x64, 0xe1, 0xe0, 0x35, 0x5a, 0xae, 0x0c, 0x60, 0x2a, 0x8a, 0x49, 0x18,
  0x42, 0x25, 0x40, 0x5f, 0xc1, 0x08, 0xee, 0x60, 0x2a, 0x8d, 0xc9, 0xd1,
  0xe5, 0x07, 0x1a, 0x0f, 0x5e, 0x9d, 0xd8, 0xc8, 0x77, 0x61, 0x6c, 0xec,
  0x02, 0x8a, 0x65, 0x64, 0x72, 0x65, 0x70, 0x6c, 0x69, 0xf4, 0xdb, 0x95,
  0x2d, 0x67, 0x61, 0x74, 0x65, 0x77, 0x61, 0xf9, 0xdf, 0x00, 0xee, 0x02,
  0x84, 0xfa, 0xe0, 0x2e, 0xc6, 0x65, 0x74, 0x2e, 0x63, 0xe8, 0xe0, 0x37,
  0x64, 0x62, 0x61, 0x73, 0xe5, 0xe0, 0x36, 0x3d, 0xee, 0x03, 0x04, 0x8e,
  0xee, 0xe0, 0x29, 0x75, 0xe1, 0x04, 0xe0, 0x34, 0x93, 0x6e, 0xe3, 0x04,
  0xe0, 0x35, 0x9c, 0xe9, 0xcd, 0x9d, 0xae, 0x44, 0x70, 0x60, 0x30, 0xa3,
  0xc0, 0xbe, 0xec, 0x02, 0x86, 0xed, 0x60, 0x36, 0x05, 0xc1, 0x37, 0xe5,
  0x04, 0xe0, 0x20, 0x44, 0x67, 0x65, 0x61, 0xf2, 0x03, 0xde, 0x9d, 0x2d,
  0x73, 0xe7, 0xde, 0x9a, 0x67, 0x6d, 0xe1, 0x04, 0xe0, 0x2d, 0xbd, 0x2d,
  0x67, 0x6f, 0xf6, 0xe0, 0x2d, 0xb9, 0xe5, 0xe0, 0x31, 0x57, 0xe4, 0x04,
  0xe0, 0x35, 0x40, 0x65, 0xec, 0xd8, 0xf6, 0xae, 0x06, 0x60, 0x2f, 0x00,
  0xc5, 0xa3, 0xe3, 0x04, 0xe0, 0x35, 0x6b, 0x6c, 0x6f, 0x75, 0x64, 0x70,
  0x6c, 0x61, 0x74, 0x66, 0x6f, 0x72, 0xed, 0xe0, 0x36, 0x64, 0xe8, 0x06,
  0x04, 0x09, 0xe0, 0x22, 0x34, 0xf6, 0xe0, 0x22, 0x40, 0xf3, 0x04, 0xe0,
  0x35, 0x03, 0xeb, 0xe0, 0x22, 0x37, 0x2d, 0x6d, 0x75, 0x65, 0x6e, 0x73,
  0xf4, 0xe0, 0x22, 0x8a, 0xe5, 0x0c, 0x05, 0x05, 0x11, 0x08, 0x05, 0x0b,
  0x60, 0x34, 0x30, 0xc2, 0x29, 0xf4, 0x5d, 0xdf, 0xd7, 0x08, 0x73, 0x74,
  0xe5, 0xce, 0x12, 0xf2, 0x04, 0xe0, 0x21, 0x7e, 0xf2, 0x04, 0xe0, 0x33,
  0x66, 0x61, 0xf2, 0x60, 0x2e, 0x7a, 0xc5, 0xbb, 0x6e, 0x74, 0x69, 0x67,
  0x65, 0xf2, 0xda, 0xf5, 0x69, 0xf2, 0xe0, 0x2b, 0x1d, 0x65, 0x64, 0x62,
  0x61, 0x63, 0xeb, 0x49, 0xd1, 0xe0, 0x2c, 0xc6, 0xe4, 0x03, 0x14, 0x84,
  0x6f, 0x72, 0xe1, 0x02, 0x87, 0x70, 0x65, 0x6f, 0x70, 0xec, 0xdf, 0x7a,
  0x69, 0x6e, 0x66, 0x72, 0xe1, 0xe0, 0x21, 0x13, 0xea, 0xe0, 0x34, 0x9b,
  0xe5, 0x04, 0xe0, 0x2d, 0x3a, 0xf2, 0xe0, 0x33, 0x1e, 0xe3, 0xe0, 0x34,
  0x0a, 0x62, 0xf8, 0x02, 0x81, 0x2d, 0xef, 0xc1, 0x15, 0xe1, 0x0a, 0x06,
  0x40, 0x41, 0x0e, 0x13, 0x12, 0x06, 0xce, 0x6c, 0x75, 0x73, 0xeb, 0xe0,
  0x34, 0x75, 0xf3, 0x02, 0xaf, 0xf4, 0x05, 0x0d, 0xe0, 0x36, 0x3a, 0x76,
  0x70, 0xf3, 0x02, 0x85, 0xae, 0x55, 0x42, 0xd7, 0x9e, 0xad, 0xd0, 0x18,
  0x6c, 0xf9, 0x02, 0x85, 0x6c, 0xe2, 0xe0, 0x35, 0xdc, 0xad, 0x02, 0x8c,
  0x74, 0x65, 0x72, 0x72, 0x61, 0x72, 0x69, 0x75, 0xed, 0xe0, 0x35, 0x10,
  0x65, 0xe4, 0xd8, 0xba, 0x68, 0x69, 0x6f, 0xee, 0x04, 0xe0, 0x36, 0x16,
  0x73, 0x74, 0x6f, 0xf2, 0xe0, 0x23, 0xc6, 0xf2, 0x05, 0x5d, 0x24, 0xd7,
  0x4f, 0xed, 0x04, 0xe0, 0x36, 0x04, 0xe5, 0xd0, 0xae, 0xee, 0x06, 0x60,
  0x33, 0x22, 0xc2, 0xd8, 0x74, 0x61, 0x73, 0x79, 0x6c, 0x65, 0x61, 0x67,
  0x75, 0xe5, 0xd8, 0xdd, 0xed, 0x02, 0x8a, 0x69, 0x6c, 0xf9, 0x04, 0xe0,
  0x35, 0xe4, 0xe4, 0xde, 0xde, 0x2e, 0xf0, 0xe0, 0x33, 0x0a, 0x6b, 0x65,
  0x66, 0xf5, 0xdf, 0xa2, 0xe9, 0x06, 0x47, 0x58, 0xe0, 0x2b, 0xb9, 0x72,
  0x77, 0xe9, 0xcb, 0x36, 0x35, 0x2e, 0xf3, 0xe0, 0x35, 0x3a, 0xae, 0x60,
  0x21, 0x1c, 0xd4, 0xa5, 0xe5, 0x25, 0x11, 0x40, 0xb3, 0x09, 0x1e, 0x40,
  0xd0, 0x26, 0x40, 0x65, 0x21, 0x0d, 0x05, 0x40, 0xb7, 0x41, 0x26, 0x40,
  0x4f, 0x0a, 0x24, 0x10, 0x15, 0x41, 0x79, 0x40, 0x44, 0x14, 0x40, 0x5c,
  0x03, 0x03, 0x10, 0xe0, 0x28, 0xaf, 0x7a, 0x70, 0x72, 0x6f, 0x78, 0x79,
  0x2e, 0x6b, 0x75, 0x6c, 0x65, 0x75, 0x76, 0x65, 0xee, 0xd4, 0xce, 0xf8,
  0x07, 0x08, 0x40, 0x40, 0x04, 0x3b, 0x8b, 0x74, 0x72, 0x61, 0x73, 0xf0,
  0xe0, 0x2c, 0xf1, 0xf0, 0x03, 0x09, 0x88, 0x72, 0x65, 0x73, 0xf3, 0x60,
  0x32, 0x22, 0xc3, 0x4d, 0xef, 0x04, 0xe0, 0x2e, 0x6a, 0xf3, 0xd3, 0xac,
  0x65, 0xf2, 0x02, 0x94, 0xf4, 0x04, 0xe0, 0x35, 0x59, 0x73, 0x2d, 0x63,
  0x6f, 0x6d, 0x70, 0x74, 0x61, 0x62, 0x6c, 0x65, 0xf3, 0xe0, 0x34, 0x8e,
  0x69, 0x6d, 0x65, 0x6e, 0x74, 0x73, 0x2e, 0x73, 0x61, 0x67, 0x65, 0x6d,
  0x61, 0x6b, 0x65, 0xf2, 0xe0, 0x2f, 0x49, 0x6e, 0xe5, 0xd6, 0x66, 0xe5,
  0x02, 0xb5, 0x63, 0x75, 0x74, 0x65, 0x2d, 0x61, 0x70, 0x69, 0xae, 0x08,
  0x42, 0xe9, 0x16, 0x05, 0x08, 0x06, 0xa2, 0xe1, 0x03, 0xc3, 0x80, 0x70,
  0xad, 0x04, 0x43, 0x62, 0x93, 0x73, 0x6f, 0x75, 0x74, 0xe8, 0x04, 0xe0,
  0x2b, 0x80, 0x65, 0x61, 0x73, 0x74, 0xad, 0x08, 0x43, 0x48, 0x13, 0x60,
  0x28, 0x1b, 0x82, 0xb5, 0xe0, 0x2b, 0x78, 0xae, 0xdc, 0xe0, 0x63, 0x68,
  0x61, 0x6e, 0x67, 0xe5, 0x60, 0x31, 0xa5, 0xc3, 0x4d, 0xae, 0x02, 0x89,
  0x6f, 0x72, 0x74, 0x73, 0x69, 0x6e, 0x66, 0xef, 0x8a, 0x66, 0x75, 0x74,
  0x75, 0x72, 0x65, 0x63, 0x6d, 0x73, 0x2e, 0xe1, 0xda, 0x87, 0x77, 0x70,
  0x2e, 0x6c, 0x69, 0xf6, 0xe0, 0x29, 0xc8, 0xf6, 0x02, 0x8d, 0x6a, 0x65,
  0x2d, 0x6f, 0x67, 0x2d, 0x68, 0x6f, 0x72, 0xee, 0xe0, 0x2f, 0xa9, 0x65,
  0xee, 0x06, 0x60, 0x29, 0x29, 0xc6, 0x76, 0x61, 0x73, 0xf3, 0xe0, 0x2b,
  0x60, 0xf5, 0x0a, 0x0f, 0x05, 0x0a, 0x38, 0x60, 0x31, 0x74, 0xc2, 0xd8,
  0x72, 0xef, 0x02, 0x86, 0x76, 0x69, 0xf3, 0xe0, 0x25, 0x84, 0x64, 0x69,
  0xf2, 0xde, 0x76, 0x6e, 0xae, 0xe0, 0x31, 0xe2, 0x31, 0x2d, 0x70, 0x6c,
  0x65, 0x6e, 0xe9, 0xe0, 0x28, 0x7a, 0xae, 0x0a, 0x11, 0x09, 0x03, 0x0a,
  0x60, 0x28, 0xd9, 0xc8, 0x3a, 0xf0, 0x03, 0xc1, 0x87, 0x79, 0x74, 0x68,
  0x6f, 0x6e, 0x61, 0x6e, 0x79, 0x77, 0x68, 0xe5, 0xd6, 0xec, 0x6d, 0x65,
  0x74, 0x65, 0x6f, 0xf2, 0xe0, 0x33, 0x3e, 0xe9, 0xc9, 0x5a, 0x65, 0x6e,
  0x63, 0x6f, 0x77, 0x61, 0xf9, 0xe0, 0x29, 0xc5, 0xe3, 0x60, 0x20, 0x2b,
  0xd3, 0x13, 0xad, 0x08, 0x22, 0x16, 0x0f, 0x10, 0x02, 0x02, 0x82, 0x77,
  0x65, 0x73, 0x74, 0xad, 0x05, 0x60, 0x28, 0xf4, 0xaa, 0x31, 0xae, 0x06,
  0x60, 0x2f, 0x75, 0x04, 0x92, 0xe3, 0x04, 0xe0, 0x29, 0x3c, 0x6f, 0x6e,
  0x76, 0x65, 0x78, 0xae, 0x60, 0x29, 0x97, 0xc1, 0x2e, 0x73, 0x6f, 0x75,
  0x74, 0x68, 0xad, 0x02, 0x88, 0x32, 0xae, 0x60, 0x29, 0x26, 0x46, 0x39,
  0x92, 0x31, 0xae, 0x60, 0x2f, 0x57, 0x92, 0x6e, 0x6f, 0x72, 0x74, 0x68,
  0x2d, 0x31, 0xae, 0x60, 0x28, 0xed, 0x25, 0x46, 0x39, 0x92, 0x63, 0x65,
  0x6e, 0x74, 0x72, 0x61, 0x6c, 0xad, 0x04, 0xe0, 0x28, 0xb7, 0xb2, 0xe0,
  0x2f, 0x2f, 0xb4, 0x86, 0xb3, 0x84, 0xb2, 0x82, 0x31, 0x2e, 0x65, 0x76,
  0x65, 0x6e, 0xee, 0xd8, 0x67, 0xf4, 0x09, 0x07, 0x0b, 0x04, 0x60, 0x29,
  0xd4, 0xc9, 0xe9, 0x6e, 0xe5, 0x60, 0x2b, 0x0e, 0xc6, 0xe6, 0x68, 0x2e,
  0x6c, 0xe9, 0x03, 0xc6, 0x9e, 0xed, 0xe0, 0x21, 0xff, 0xe3, 0xe0, 0x32,
  0x2a, 0x61, 0x6a, 0x69, 0xed, 0xcb, 0xae, 0xf3, 0x0b, 0x34, 0x04, 0x04,
  0x09, 0x08, 0x4f, 0x66, 0xe0, 0x23, 0xf8, 0xf4, 0x05, 0x05, 0xe0, 0x2b,
  0x2e, 0x2e, 0xf0, 0xe0, 0x32, 0x0f, 0xad, 0x03, 0x0c, 0x88, 0x6d, 0x6f,
  0x6e, 0x2d, 0x62, 0x6c, 0x6f, 0x67, 0x75, 0xe5, 0xc6, 0x53, 0x6c, 0x65,
  0x2d, 0x70, 0x61, 0x74, 0xf2, 0x8f, 0x61, 0x2d, 0x6c, 0x61, 0x2d, 0x6d,
  0xe1, 0x02, 0x83, 0x73, 0xe9, 0x83, 0x69, 0x73, 0xef, 0xc7, 0x51, 0xf0,
  0xe0, 0x31, 0xe0, 0xed, 0xe0, 0x31, 0x3d, 0xe1, 0x04, 0xe0, 0x2b, 0xa1,
  0xee, 0xe0, 0x31, 0x6a, 0xae, 0x60, 0x2b, 0x5b, 0x03, 0x03, 0xc2, 0x82,
  0x2d, 0x31, 0x2e, 0x61, 0x78, 0x61, 0x72, 0x6e, 0xe5, 0xe0, 0x28, 0xc4,
  0xf2, 0x0a, 0x0c, 0x52, 0xf5, 0x40, 0x89, 0x54, 0x1f, 0xca, 0x27, 0x6f,
  0x74, 0xe9, 0x02, 0x82, 0xeb, 0x82, 0x63, 0xe1, 0xe0, 0x32, 0x07, 0xe9,
  0x02, 0x84, 0xed, 0xe0, 0x25, 0x67, 0x63, 0xf3, 0x8f, 0x71, 0x75, 0x69,
  0x70, 0x6d, 0x65, 0x6e, 0xf4, 0x60, 0x2f, 0xdc, 0xc3, 0x4d, 0x70, 0xf3,
  0xe0, 0x24, 0x0c, 0xee, 0x0e, 0x2b, 0x12, 0x04, 0x22, 0x04, 0x0e, 0x20,
  0x0f, 0x60, 0x28, 0x79, 0xc7, 0x91, 0xf4, 0x02, 0x9d, 0x65, 0xf2, 0x02,
  0x88, 0x74, 0x61, 0x69, 0x6e, 0x6d, 0xe5, 0xcd, 0xc8, 0x70, 0x72, 0x69,
  0x73, 0xe5, 0x04, 0xe0, 0x30, 0x20, 0x63, 0x6c, 0x6f, 0x75, 0x64, 0xae,
  0xdf, 0x4c, 0x2e, 0x70, 0x6c, 0x61, 0x74, 0x66, 0x6f, 0x72, 0xed, 0xda,
  0xd4, 0xf3, 0x02, 0x8a, 0x63, 0x61, 0x6c, 0x65, 0x64, 0x2e, 0xf3, 0xe0,
  0x2f, 0x9e, 0x2e, 0xf4, 0xe0, 0x31, 0x61, 0xe9, 0xe0, 0x25, 0x68, 0xe7,
  0x03, 0x0f, 0x85, 0x69, 0x6e, 0xe5, 0x04, 0xe0, 0x2f, 0x77, 0x65, 0xf2,
  0x5a, 0xcf, 0x54, 0xa6, 0xc3, 0x4d, 0x65, 0xf2, 0xe0, 0x29, 0xf7, 0xae,
  0x60, 0x2d, 0x84, 0x42, 0xfe, 0x40, 0x5e, 0xc0, 0x41, 0xe6, 0xe0, 0x31,
  0x16, 0xe5, 0x02, 0x85, 0x72, 0xe7, 0xe0, 0x2f, 0xfe, 0x62, 0x61, 0xeb,
  0xe0, 0x25, 0xf3, 0x64, 0x6f, 0xe6, 0x02, 0x8d, 0x74, 0x68, 0x65, 0x69,
  0x6e, 0x74, 0x65, 0x72, 0x6e, 0xe5, 0xe0, 0x26, 0xd0, 0x69, 0x6e, 0x74,
  0x65, 0x72, 0x6e, 0x65, 0x74, 0xae, 0x60, 0x2f, 0x41, 0xc2, 0xe8, 0xe3,
  0x02, 0x84, 0xf2, 0xe0, 0x2b, 0x7c, 0x6f, 0x72, 0x65, 0x61, 0xf0, 0xe0,
  0x26, 0x8f, 0xe1, 0xe0, 0x27, 0xec, 0xed, 0x07, 0x40, 0xcf, 0x12, 0x0d,
  0x18, 0x93, 0xf2, 0x06, 0x07, 0x0a, 0xe0, 0x2f, 0xe6, 0x73, 0x74, 0x75,
  0x64, 0x69, 0xef, 0x90, 0x6e, 0x6f, 0x74, 0x65, 0x62, 0x6f, 0x6f, 0x6b,
  0xf3, 0x86, 0x61, 0x70, 0x70, 0x75, 0x69, 0x2d, 0x70, 0x72, 0x6f, 0x64,
  0xae, 0x07, 0x16, 0x05, 0x08, 0x06, 0x22, 0x98, 0x75, 0x73, 0xad, 0x05,
  0x05, 0xe0, 0x28, 0x99, 0x77, 0xe5, 0xe0, 0x28, 0x9e, 0x67, 0x6f, 0x76,
  0xad, 0x40, 0x85, 0xe0, 0x27, 0xf0, 0x73, 0x61, 0xad, 0xc0, 0x7d, 0x6d,
  0x65, 0xad, 0x40, 0x7f, 0xe0, 0x27, 0xee, 0x69, 0x6c, 0xad, 0xe0, 0x28,
  0x65, 0x65, 0x75, 0xad, 0x04, 0x04, 0x08, 0x85, 0x77, 0xe5, 0xc0, 0x58,
  0x73, 0x6f, 0x75, 0x74, 0xe8, 0xe0, 0x28, 0x71, 0x6e, 0x6f, 0xf2, 0xc0,
  0x61, 0x63, 0x65, 0x6e, 0x74, 0x72, 0x61, 0xec, 0xe0, 0x28, 0x62, 0xe3,
  0x02, 0x91, 0x6e, 0x2d, 0x6e, 0x6f, 0x72, 0x74, 0xe8, 0x02, 0x84, 0x77,
  0x65, 0x73, 0x74, 0x2d, 0xb1, 0xcf, 0xdc, 0xe1, 0xe0, 0x28, 0x23, 0xe1,
  0x02, 0xb5, 0x70, 0xad, 0x03, 0x18, 0x93, 0x73, 0x6f, 0x75, 0x74, 0xe8,
  0x04, 0xe0, 0x28, 0x36, 0x65, 0x61, 0x73, 0x74, 0xad, 0x06, 0x13, 0x60,
  0x28, 0x1b, 0x82, 0xb4, 0xe0, 0x28, 0x30, 0x6e, 0x6f, 0x72, 0x74, 0x68,
  0x65, 0x61, 0x73, 0x74, 0xad, 0x05, 0x60, 0x28, 0x1b, 0x82, 0xb3, 0xe0,
  0x28, 0x1d, 0x65, 0xe1, 0xe0, 0x27, 0xf0, 0x66, 0x2d, 0x73, 0x6f, 0x75,
  0x74, 0xe8, 0xe0, 0x27, 0xfd, 0xf0, 0x04, 0xe0, 0x2f, 0xf6, 0x72, 0xe5,
  0x02, 0x84, 0xf3, 0xe0, 0x2e, 0x5e, 0x6e, 0x64, 0xe5, 0xc3, 0x20, 0x69,
  0x6c, 0x69, 0xe1, 0x02, 0x81, 0x2d, 0x72, 0x6f, 0x6d, 0xe1, 0xd9, 0xb8,
  0x65, 0xf2, 0x02, 0x90, 0x67, 0x65, 0xee, 0x02, 0x86, 0x74, 0xae, 0x50,
  0x68, 0xd6, 0x70, 0x63, 0xf9, 0xe0, 0x2e, 0x14, 0xe3, 0xe0, 0x2e, 0x88,
  0xe2, 0x05, 0x08, 0xe0, 0x2b, 0xb5, 0x61, 0x69, 0x78, 0x61, 0x64, 0xe1,
  0xcc, 0x19, 0x2e, 0xeb, 0xe0, 0x2e, 0xb1, 0x61, 0xe9, 0xe0, 0x2e, 0x87,
  0xec, 0x07, 0x07, 0x15, 0x10, 0x0c, 0xdb, 0x53, 0x76, 0x65, 0x72, 0xf5,
  0xe0, 0x23, 0x56, 0x69, 0x76, 0xad, 0x03, 0x05, 0x85, 0x64, 0x6e, 0xf3,
  0xd6, 0xcb, 0x63, 0x64, 0xee, 0xd6, 0xc6, 0x61, 0x70, 0xe9, 0xd6, 0xc1,
  0x65, 0x6d, 0x65, 0x6e, 0x74, 0x6f, 0x72, 0x2e, 0xe3, 0x04, 0xe0, 0x26,
  0x83, 0xef, 0xc8, 0x1e, 0xe2, 0x02, 0x86, 0x6c, 0x61, 0xe7, 0xe0, 0x2b,
  0x6d, 0xae, 0xcc, 0x16, 0x61, 0x73, 0x74, 0x69, 0xe3, 0x04, 0xe0, 0x2c,
  0x48, 0x2e, 0x6b, 0xb2, 0xe0, 0x26, 0x66, 0x6b, 0x6c, 0x6f, 0x67, 0x65,
  0x73, 0xae, 0xe0, 0x2b, 0xcb, 0xe9, 0x03, 0x07, 0x82, 0x68, 0x65, 0x69,
  0x6a, 0xe9, 0xc1, 0xf5, 0xe7, 0xa4, 0xe4, 0x05, 0x5d, 0xe7, 0xd1, 0x12,
  0xf3, 0x05, 0x05, 0xe0, 0x22, 0xe2, 0x6b, 0xef, 0xe0, 0x28, 0x42, 0x62,
  0x65, 0xf2, 0xe0, 0x28, 0x3c, 0xe7, 0x05, 0x06, 0xe0, 0x30, 0xb9, 0x6f,
  0x69, 0xf3, 0xe0, 0x30, 0x83, 0x65, 0xf2, 0xd7, 0xd2, 0xe5, 0x07, 0x5b,
  0xfe, 0x42, 0x5d, 0xd2, 0x52, 0x72, 0xef, 0x03, 0xd8, 0xb9, 0x2d, 0x73,
  0x74, 0x61, 0x67, 0xe5, 0xd8, 0xb3, 0xe4, 0x07, 0x41, 0x29, 0x07, 0x08,
  0x24, 0x85, 0xf5, 0x06, 0x04, 0x0a, 0xe0, 0x30, 0x83, 0x67, 0xe9, 0xda,
  0x61, 0x63, 0x61, 0xf4, 0x04, 0xe0, 0x21, 0x6f, 0xef, 0xd2, 0x6b, 0xae,
  0x1d, 0x06, 0x0b, 0x08, 0x0a, 0x14, 0x06, 0x11, 0x08, 0x14, 0x10, 0x14,
  0x09, 0x08, 0x11, 0x05, 0x0d, 0x07, 0x0d, 0x12, 0x4a, 0xed, 0x04, 0x40,
  0x40, 0x5b, 0xb9, 0xc3, 0x61, 0xfa, 0x60, 0x2d, 0xa3, 0xc0, 0xd2, 0xf6,
  0x60, 0x2e, 0x2b, 0x40, 0x84, 0x3a, 0x40, 0x40, 0xc1, 0x34, 0xf5, 0x60,
  0x2d, 0xad, 0x40, 0xb7, 0xc1, 0xee, 0xf4, 0x60, 0x2d, 0x8a, 0x0f, 0x19,
  0x40, 0x91, 0x39, 0xbb, 0xf3, 0x60, 0x23, 0xda, 0x48, 0x09, 0x41, 0x86,
  0x1a, 0x18, 0x10, 0x40, 0x63, 0x2b, 0x19, 0x20, 0x40, 0x5a, 0xc1, 0x74,
  0xf2, 0x60, 0x2d, 0x55, 0xc1, 0xfd, 0xf0, 0x60, 0x23, 0x19, 0x4a, 0x0f,
  0x27, 0x03, 0x17, 0x18, 0x40, 0x9e, 0x19, 0x40, 0x40, 0x1b, 0x9f, 0xee,
  0x60, 0x2d, 0x9c, 0x40, 0xe6, 0xc1, 0x93, 0xed, 0x60, 0x26, 0xd7, 0x44,
  0xd9, 0x41, 0x7f, 0x07, 0x03, 0x17, 0x18, 0x0d, 0x40, 0x91, 0x39, 0x20,
  0x3a, 0xc1, 0x74, 0xec, 0x60, 0x23, 0x93, 0x48, 0x09, 0x41, 0x86, 0x03,
  0x2f, 0x40, 0x73, 0x40, 0x44, 0xc0, 0x5b, 0xeb, 0x0f, 0x60, 0x2c, 0xdc,
  0x20, 0x1e, 0x1b, 0x0d, 0x1f, 0x40, 0x95, 0x40, 0x70, 0xc1, 0x74, 0xf2,
  0xe0, 0x25, 0x4f, 0xe9, 0x4b, 0xde, 0x60, 0x21, 0xf0, 0x39, 0xc0, 0x5a,
  0xe8, 0x60, 0x2c, 0xf8, 0x40, 0xcd, 0xc0, 0x93, 0xe7, 0x60, 0x2c, 0xc6,
  0x40, 0x41, 0x18, 0x10, 0x1c, 0x40, 0x72, 0x23, 0x36, 0x1b, 0x1f, 0xc0,
  0x40, 0xe6, 0x60, 0x2c, 0xf3, 0x8f, 0xe5, 0x60, 0x27, 0xac, 0x45, 0x2b,
  0x40, 0xa5, 0x2b, 0x40, 0x59, 0xc1, 0xae, 0xe4, 0x60, 0x2c, 0xc3, 0x1e,
  0xc0, 0xf2, 0xe3, 0x60, 0x2b, 0x3d, 0x41, 0xc5, 0x1f, 0x40, 0xab, 0x40,
  0x5a, 0xc0, 0x40, 0xe2, 0x60, 0x23, 0x27, 0x49, 0x68, 0x20, 0x07, 0x17,
  0x0f, 0x1c, 0x1c, 0x40, 0x72, 0x19, 0x20, 0x3b, 0x9f, 0xe1, 0x60, 0x22,
  0x6e, 0x4a, 0x2f, 0x21, 0x40, 0x8b, 0x40, 0x64, 0x3b, 0xc0, 0x5f, 0x6f,
  0x67, 0x61, 0xf7, 0xe0, 0x27, 0xba, 0x69, 0x74, 0x6f, 0x72, 0xf8, 0xe0,
  0x2e, 0x26, 0x67, 0xe5, 0x03, 0x0f, 0x88, 0xf3, 0x02, 0x86, 0x75, 0x69,
  0xf4, 0xe0, 0x27, 0xde, 0x74, 0x61, 0x63, 0xeb, 0xd6, 0xc0, 0x6b, 0x65,
  0xf9, 0x60, 0x27, 0xd6, 0xc7, 0x1b, 0x63, 0x6f, 0x6d, 0x70, 0x75, 0xf4,
  0xce, 0xd7, 0x65, 0xeb, 0xe0, 0x2d, 0x4b, 0xae, 0x05, 0x06, 0xe0, 0x2d,
  0x36, 0xe3, 0x60, 0x2c, 0xb6, 0xc0, 0xe6, 0xe1, 0xe0, 0x2d, 0x5b, 0xe3,
  0x07, 0x2b, 0x04, 0x51, 0xdd, 0xdd, 0x13, 0xef, 0x07, 0x0a, 0x0c, 0x06,
  0xe0, 0x2e, 0xfb, 0x6e, 0xef, 0x04, 0xe0, 0x22, 0x77, 0xed, 0xe0, 0x2b,
  0xe6, 0x6d, 0x6d, 0x65, 0x72, 0x63, 0x65, 0x2d, 0x73, 0x68, 0xef, 0xda,
  0x23, 0x6c, 0x6f, 0xe7, 0xe0, 0x2b, 0xd4, 0x2e, 0xe2, 0x60, 0x2c, 0x47,
  0xc1, 0x1e, 0xee, 0xe0, 0x2d, 0x5d, 0x68, 0x69, 0x7a, 0x65, 0x6e, 0x2e,
  0x66, 0x75, 0x6b, 0xf5, 0xe0, 0x2c, 0x78, 0xe2, 0x04, 0xe0, 0x29, 0x47,
  0xe9, 0x02, 0x84, 0x7a, 0xae, 0xcd, 0x28, 0xee, 0x04, 0xe0, 0x29, 0x2d,
  0xef, 0xdd, 0x61, 0xe1, 0x03, 0x17, 0xbc, 0xf4, 0x05, 0x05, 0xe0, 0x2e,
  0xc0, 0x6f, 0xee, 0xe0, 0x24, 0x5d, 0x69, 0x6e, 0x67, 0x2d, 0x6f, 0x72,
  0x67, 0x61, 0xee, 0xe0, 0x2a, 0xd7, 0xf3, 0x02, 0x8b, 0x79, 0x70, 0x61,
  0x6e, 0x65, 0x6c, 0xae, 0x4d, 0xab, 0xda, 0x05, 0xf4, 0x03, 0x0f, 0x90,
  0x75, 0xf3, 0x04, 0x03, 0xdf, 0x20, 0xb3, 0xdf, 0x22, 0xb2, 0x51, 0x02,
  0x06, 0xce, 0x17, 0x61, 0x73, 0x69, 0xe1, 0x05, 0x50, 0xfa, 0xce, 0x17,
  0x73, 0x74, 0x61, 0x67, 0xe5, 0xdf, 0x0c, 0x2d, 0x6b, 0x61, 0x7a, 0x61,
  0x6b, 0x68, 0x73, 0xf4, 0xdc, 0xed, 0x72, 0xf4, 0xe0, 0x2b, 0x77, 0xb4,
  0xc7, 0x60, 0xb2, 0xc7, 0xda, 0xb1, 0x02, 0x88, 0x36, 0x34, 0x2e, 0x61,
  0xf2, 0xe0, 0x2c, 0x10, 0x32, 0xae, 0xe0, 0x21, 0x4e, 0xae, 0x05, 0x59,
  0xb0, 0xd4, 0xa5, 0xe9, 0xe0, 0x23, 0xcb, 0xe4, 0x23, 0x41, 0x02, 0x0a,
  0x13, 0x1d, 0x09, 0x1c, 0x40, 0x49, 0x08, 0x40, 0x76, 0x40, 0x73, 0x10,
  0x0b, 0x40, 0xea, 0x04, 0x08, 0x0e, 0x41, 0x87, 0x40, 0x4a, 0x05, 0x40,
  0xc8, 0x08, 0x60, 0x24, 0xf0, 0x1e, 0x8f, 0xf9, 0x05, 0x5d, 0x3d, 0xd0,
  0x5d, 0xee, 0x0b, 0x05, 0x13, 0x07, 0x40, 0x68, 0x1d, 0x32, 0xe0, 0x2c,
  0x2c, 0x76, 0xb6, 0xe0, 0x2d, 0xc3, 0xf5, 0x05, 0x06, 0xe0, 0x2d, 0xb4,
  0x68, 0x6f, 0x73, 0xf4, 0xdd, 0x65, 0x64, 0x64, 0x6e, 0xf3, 0xe0, 0x2a,
  0x34, 0x73, 0x65, 0x72, 0xf6, 0xe0, 0x2a, 0xc1, 0x64, 0x6e, 0xf3, 0x04,
  0x03, 0x03, 0x99, 0xf3, 0xc5, 0x1a, 0xb1, 0xc6, 0xca, 0xae, 0x0b, 0x58,
  0x74, 0x42, 0x03, 0x4f, 0x1e, 0x40, 0xbb, 0xc0, 0x56, 0xe4, 0x03, 0xc0,
  0x81, 0x61, 0x70, 0x70, 0x6e, 0x6f, 0xe4, 0xe0, 0x22, 0x34, 0xad, 0x0e,
  0x0a, 0x06, 0x05, 0x07, 0x04, 0x05, 0x09, 0x42, 0x4b, 0x42, 0x8e, 0xc2,
  0x9e, 0xf7, 0x04, 0x26, 0xc5, 0x42, 0x69, 0xeb, 0xe0, 0x21, 0xe2, 0x72,
  0x65, 0x6d, 0xef, 0xd6, 0xa8, 0x70, 0xe9, 0xe0, 0x25, 0x64, 0x6f, 0x66,
  0x66, 0x69, 0xe3, 0xd6, 0x9d, 0xed, 0xe0, 0x24, 0xa4, 0x62, 0x6c, 0xef,
  0xdc, 0xff, 0x61, 0x74, 0xad, 0x02, 0x84, 0x77, 0xef, 0xd4, 0x3a, 0x68,
  0x6f, 0xed, 0xd6, 0x86, 0xe1, 0x04, 0x06, 0xc1, 0xcf, 0x74, 0x68, 0xef,
  0xe0, 0x29, 0xa5, 0x6d, 0xe9, 0x02, 0x87, 0x73, 0x63, 0x68, 0x65, 0x73,
  0xad, 0xa9, 0x63, 0x2d, 0x64, 0x6e, 0xf3, 0xda, 0x0c, 0xae, 0x05, 0x04,
  0x0e, 0x05, 0x89, 0x6e, 0xef, 0xcc, 0x05, 0x68, 0x6f, 0x6d, 0x65, 0x2d,
  0x77, 0x65, 0x62, 0x73, 0x65, 0x72, 0xf6, 0xc6, 0x38, 0x64, 0x64, 0x6e,
  0xf3, 0x87, 0x63, 0x6f, 0x73, 0x69, 0x64, 0x6e, 0xf3, 0xc6, 0x2c, 0x61,
  0x64, 0x64, 0x72, 0x2e, 0x74, 0x6f, 0x6f, 0xec, 0xe0, 0x2c, 0xa6, 0xad,
  0x03, 0x08, 0x86, 0x6f, 0x2d, 0x73, 0x61, 0xf5, 0xe0, 0x2c, 0x28, 0x69,
  0x70, 0x32, 0xb4, 0xc6, 0x0e, 0x62, 0x65, 0x72, 0x6c, 0x69, 0xee, 0xc6,
  0x06, 0x77, 0x65, 0x62, 0x2e, 0x6c, 0x69, 0xee, 0xe0, 0x24, 0xfe, 0xf6,
  0x02, 0x8c, 0xf2, 0x06, 0x40, 0x98, 0xe0, 0x2c, 0x81, 0x63, 0x61, 0xed,
  0xd9, 0xa7, 0xe1, 0xe0, 0x2d, 0x12, 0xf5, 0x04, 0x0d, 0x04, 0x84, 0xf2,
  0x02, 0x86, 0x75, 0x6d, 0xe9, 0xe0, 0x2b, 0xeb, 0xe2, 0xe0, 0x28, 0x02,
  0x70, 0xef, 0xc1, 0xf8, 0x63, 0xeb, 0xc0, 0x77, 0xe2, 0xce, 0x1f, 0xf4,
  0x04, 0xe0, 0x28, 0x90, 0x77, 0xe8, 0xc9, 0xa2, 0xf3, 0x03, 0x04, 0x85,
  0xf4, 0xe0, 0x22, 0x7f, 0x6d, 0x79, 0xee, 0xc1, 0x25, 0x63, 0x6c, 0x6f,
  0x75, 0x64, 0xae, 0x04, 0xe0, 0x29, 0x3e, 0xed, 0x59, 0x24, 0xd3, 0x14,
  0xf2, 0x06, 0x05, 0x06, 0x15, 0x0c, 0x91, 0x72, 0x2e, 0xe1, 0xd8, 0x9e,
  0x6f, 0x62, 0xe1, 0xe0, 0x20, 0x14, 0x69, 0x76, 0xe5, 0x04, 0xe0, 0x2c,
  0xb5, 0x2d, 0x70, 0x6c, 0x61, 0x74, 0x66, 0x6f, 0x72, 0x6d, 0xae, 0x60,
  0x2b, 0x6f, 0xa8, 0x65, 0x61, 0x6d, 0x68, 0x6f, 0x73, 0x74, 0x65, 0xf2,
  0xe0, 0x2b, 0x84, 0xe1, 0x03, 0x05, 0x84, 0x79, 0xe4, 0xe0, 0x2b, 0x79,
  0x6e, 0xe7, 0xdd, 0x6b, 0x6d, 0xed, 0xd9, 0xc1, 0xae, 0x5b, 0xa9, 0xcf,
  0x6a, 0xf0, 0x03, 0xce, 0x3f, 0x64, 0xee, 0xd5, 0x38, 0xef, 0x10, 0x08,
  0x05, 0x06, 0x04, 0x06, 0x22, 0x03, 0x06, 0x12, 0x60, 0x2a, 0x0a, 0x42,
  0x07, 0x81, 0x77, 0x6e, 0x6c, 0x6f, 0xe1, 0xe0, 0x29, 0xd1, 0x76, 0xf2,
  0xe0, 0x2a, 0x84, 0x73, 0x68, 0x69, 0xae, 0xcc, 0xd4, 0x70, 0xe1, 0xc2,
  0x69, 0x6f, 0x6d, 0x64, 0x6e, 0xf3, 0xb8, 0xee, 0x05, 0x08, 0x10, 0xdf,
  0x4b, 0x74, 0x65, 0x78, 0x69, 0x73, 0xf4, 0xd5, 0x3f, 0xe7, 0x02, 0x87,
  0x74, 0x68, 0x61, 0xf0, 0xe0, 0x21, 0xe8, 0x6e, 0x61, 0xe9, 0xe0, 0x21,
  0xe2, 0x65, 0xf4, 0xc0, 0x97, 0xed, 0xd8, 0xe9, 0x6a, 0x69, 0xee, 0xe0,
  0x2b, 0x12, 0x65, 0xf3, 0x03, 0xd3, 0x42, 0x6e, 0x74, 0x65, 0x78, 0x69,
  0x73, 0x74, 0xae, 0x60, 0x28, 0xd8, 0xc2, 0x2b, 0xe3, 0x06, 0x60, 0x29,
  0x33, 0xc0, 0xa3, 0xf4, 0xe0, 0x28, 0x69, 0xee, 0x08, 0x40, 0x57, 0x05,
  0x4d, 0x60, 0xdc, 0x5d, 0xf3, 0x08, 0x0e, 0x07, 0x08, 0x0e, 0x05, 0x06,
  0x8c, 0x75, 0xf0, 0x04, 0xe0, 0x2b, 0x97, 0x64, 0x61, 0x74, 0xe5, 0x44,
  0xc1, 0xd3, 0xbb, 0x6b, 0x69, 0x6e, 0xe7, 0xe0, 0x23, 0x67, 0x69, 0x73,
  0x6b, 0x69, 0x6e, 0xeb, 0xca, 0xf6, 0x68, 0x6f, 0x6d, 0x65, 0xae, 0x5b,
  0xa5, 0x45, 0x9f, 0x49, 0xc4, 0x02, 0xc0, 0x4a, 0x66, 0x6f, 0xf2, 0xd3,
  0x39, 0x64, 0x6f, 0x6a, 0xef, 0xd4, 0xbd, 0xe1, 0x02, 0x85, 0x6c, 0x69,
  0xe1, 0xd4, 0xb4, 0xe2, 0xe0, 0x2a, 0xa0, 0xad, 0x03, 0xc5, 0x0d, 0x64,
  0x79, 0x6e, 0x61, 0xed, 0xe0, 0x27, 0xca, 0xe9, 0x05, 0xe0, 0x24, 0x56,
  0x65, 0x70, 0x72, 0x6f, 0x70, 0x65, 0x74, 0x72, 0x6f, 0x76, 0x73, 0xeb,
  0xcd, 0x54, 0xec, 0x02, 0x88, 0x75, 0x67, 0x6f, 0x6c, 0x65, 0xeb, 0xd9,
  0x48, 0x2e, 0x62, 0xe9, 0xc9, 0x42, 0xeb, 0x05, 0x56, 0xcf, 0xd4, 0xaf,
  0x6f, 0x6e, 0xf4, 0xd5, 0xad, 0xe9, 0x0c, 0x04, 0x11, 0x0b, 0x40, 0x5b,
  0x23, 0x1b, 0x18, 0xe0, 0x27, 0xf5, 0x78, 0xae, 0xca, 0x1a, 0x76, 0xf4,
  0x02, 0x85, 0x74, 0x61, 0xf3, 0xd8, 0xd6, 0x61, 0x73, 0x76, 0x75, 0x6f,
  0xe4, 0xde, 0x73, 0x74, 0x63, 0x68, 0x79, 0x6f, 0x75, 0x72, 0xe9, 0xe0,
  0x2a, 0x2d, 0xf3, 0x05, 0x1c, 0xe0, 0x28, 0x2b, 0xeb, 0x02, 0x90, 0x75,
  0x73, 0x73, 0x69, 0x6f, 0x6e, 0x73, 0x62, 0x65, 0x72, 0x65, 0x69, 0x63,
  0xe8, 0xc4, 0x0c, 0x73, 0x74, 0x61, 0x74, 0x69, 0x6f, 0xee, 0xd2, 0x9e,
  0x63, 0xef, 0x06, 0x03, 0x1f, 0xe0, 0x28, 0xcb, 0xf6, 0xd4, 0x2f, 0xf5,
  0x02, 0x98, 0x72, 0x73, 0x65, 0xae, 0x03, 0x06, 0x87, 0x74, 0x65, 0xe1,
  0xe0, 0x2a, 0x00, 0x67, 0x72, 0x6f, 0xf5, 0xe0, 0x2a, 0xd5, 0x64, 0xe9,
  0xc8, 0x17, 0xee, 0xe0, 0x28, 0xfb, 0x72, 0x64, 0xf3, 0x02, 0x85, 0x65,
  0xfa, 0xe0, 0x29, 0xe4, 0x61, 0xf9, 0xe0, 0x29, 0xda, 0x72, 0x65, 0x63,
  0xf4, 0x06, 0x04, 0x03, 0xe0, 0x2a, 0xe0, 0x77, 0xf0, 0xda, 0xb6, 0xef,
  0xc5, 0x00, 0x2e, 0x71, 0x75, 0x69, 0x63, 0x6b, 0x63, 0x6f, 0x6e, 0x6e,
  0x65, 0x63, 0x74, 0xae, 0x5d, 0x8d, 0xcb, 0xc6, 0x67, 0xe9, 0x02, 0x94,
  0x74, 0x61, 0xec, 0x04, 0xe0, 0x2a, 0xc3, 0x6f, 0x63, 0x65, 0x61, 0x6e,
  0x73, 0x70, 0x61, 0x63, 0xe5, 0xe0, 0x26, 0x23, 0xe3, 0xd8, 0x63, 0xe5,
  0x05, 0x06, 0xe0, 0x28, 0x9f, 0x6e, 0x62, 0x69, 0xe5, 0xd8, 0x46, 0x6c,
  0x64, 0x64, 0x61, 0x6e, 0x75, 0x6f, 0x72, 0xf2, 0xe0, 0x21, 0x4e, 0xe1,
  0x02, 0x85, 0x6d, 0x6f, 0xee, 0xce, 0xc8, 0x64, 0xe5, 0xd0, 0x11, 0xe8,
  0xe0, 0x27, 0xd0, 0xe7, 0x04, 0xe0, 0x25, 0x36, 0xe3, 0xcf, 0xf5, 0xe6,
  0x02, 0x86, 0x69, 0x72, 0x6d, 0xe1, 0xd5, 0x9d, 0xae, 0x60, 0x22, 0x6f,
  0x83, 0xe5, 0x15, 0x40, 0x5c, 0x19, 0x16, 0x1a, 0x28, 0x26, 0x28, 0x05,
  0x10, 0x0f, 0x08, 0x05, 0x0f, 0x04, 0x46, 0xd4, 0xe0, 0x22, 0x2c, 0xf6,
  0x07, 0x16, 0x11, 0x23, 0xe0, 0x2a, 0x0d, 0xe9, 0x02, 0x83, 0xee, 0xd8,
  0x9c, 0x63, 0x65, 0x73, 0x2e, 0x72, 0x65, 0x73, 0x69, 0x6e, 0x73, 0x74,
  0x61, 0x67, 0xe9, 0xc2, 0x19, 0x65, 0x6c, 0x6f, 0xf0, 0x02, 0x87, 0x6d,
  0x65, 0x6e, 0x74, 0xae, 0xce, 0xc5, 0x65, 0xf2, 0xd5, 0x48, 0xae, 0x06,
  0x0e, 0x03, 0xe0, 0x28, 0x83, 0x70, 0x72, 0x6f, 0x6a, 0x65, 0x63, 0x74,
  0x2d, 0x73, 0x74, 0x75, 0xe4, 0xc9, 0x39, 0xe3, 0xde, 0x80, 0x61, 0x64,
  0x6f, 0x62, 0x65, 0x61, 0x65, 0xed, 0xe0, 0x23, 0x0e, 0x2d, 0x62, 0x75,
  0x69, 0x6c, 0x64, 0x65, 0xf2, 0xd0, 0xaf, 0xf5, 0x02, 0x8c, 0x78, 0x66,
  0x6c, 0x65, 0x75, 0x72, 0x73, 0xae, 0x59, 0xca, 0xcb, 0xe1, 0x73, 0x2d,
  0x63, 0x61, 0x6e, 0x76, 0xe1, 0xe0, 0x28, 0xd3, 0xf3, 0x05, 0x0c, 0xe0,
  0x28, 0x42, 0xe9, 0x04, 0xe0, 0x29, 0xdf, 0x67, 0xee, 0x60, 0x26, 0x90,
  0xc3, 0x4d, 0x61, 0xae, 0xdf, 0x90, 0xf0, 0x05, 0x07, 0xe0, 0x27, 0xea,
  0x6f, 0x72, 0x74, 0xe5, 0xe0, 0x26, 0xa2, 0x6c, 0x6f, 0x79, 0x61, 0x67,
  0x65, 0x6e, 0x74, 0xae, 0x5e, 0x0c, 0xca, 0x9e, 0xee, 0x03, 0x0d, 0x91,
  0xf4, 0x05, 0x03, 0xe0, 0x27, 0x78, 0xe9, 0xda, 0x4d, 0xe1, 0xe0, 0x26,
  0xee, 0xef, 0x02, 0x85, 0xae, 0x5e, 0x09, 0xcb, 0x45, 0x2d, 0x73, 0x74,
  0x61, 0x67, 0x69, 0xee, 0xd4, 0xd6, 0x6d, 0x61, 0x72, 0xeb, 0xda, 0x0c,
  0x6d, 0xef, 0x04, 0x07, 0xc9, 0xb1, 0x63, 0x72, 0xe1, 0x49, 0xd8, 0xdd,
  0xa9, 0xae, 0x02, 0x8b, 0x6a, 0x65, 0x6c, 0x61, 0x73, 0x74, 0x69, 0xe3,
  0xe0, 0x28, 0x65, 0x64, 0x61, 0x74, 0x61, 0x64, 0x65, 0x74, 0x65, 0xe3,
  0xdd, 0x61, 0xec, 0x06, 0x06, 0x12, 0x05, 0xda, 0xa8, 0x6f, 0x69, 0xf4,
  0xe0, 0x20, 0xf1, 0xec, 0x05, 0x01, 0xe0, 0x29, 0x58, 0x2d, 0x6f, 0x67,
  0x6c, 0x69, 0x61, 0x73, 0x74, 0xf2, 0xe0, 0x21, 0x1b, 0x69, 0x76, 0xe5,
  0xc3, 0x68, 0xe8, 0xe0, 0x20, 0x8c, 0x67, 0xf2, 0xe0, 0x23, 0x83, 0xe6,
  0x04, 0xe0, 0x27, 0xa4, 0x69, 0x6e, 0x69, 0x6d, 0x61, 0xae, 0x60, 0x27,
  0xf8, 0xc0, 0xe5, 0xe4, 0x02, 0x85, 0x79, 0xee, 0xe0, 0x27, 0xed, 0x69,
  0x62, 0x6f, 0xf8, 0xe0, 0x28, 0x64, 0xe3, 0x03, 0xd6, 0x22, 0xe9, 0xe0,
  0x28, 0xe3, 0x62, 0x69, 0xe1, 0xd2, 0x59, 0xe1, 0x02, 0x85, 0x74, 0xee,
  0xe0, 0x20, 0xf7, 0xec, 0x52, 0x18, 0x54, 0x1a, 0xc2, 0xd8, 0xb5, 0xe0,
  0x28, 0xab, 0xae, 0x07, 0x4b, 0x0e, 0x55, 0xe6, 0xc2, 0x1f, 0x63, 0xef,
  0x04, 0xe0, 0x27, 0xe0, 0xef, 0xe0, 0x28, 0x12, 0xe4, 0x06, 0x40, 0x40,
  0xe0, 0x25, 0xcf, 0x6e, 0xf3, 0x06, 0x0d, 0x03, 0x0d, 0x05, 0x92, 0xf3,
  0x02, 0x84, 0x65, 0xe3, 0xc1, 0xb1, 0xae, 0x60, 0x25, 0x98, 0xc2, 0x74,
  0xeb, 0xd8, 0x28, 0xe7, 0x02, 0x85, 0x75, 0xf2, 0xe0, 0x27, 0x5c, 0x65,
  0xe5, 0xe0, 0x24, 0x1c, 0x66, 0x72, 0xe5, 0xd1, 0xad, 0xae, 0x06, 0x04,
  0x50, 0x25, 0xd8, 0x36, 0x77, 0xf4, 0xd2, 0x47, 0x62, 0x65, 0x72, 0x6c,
  0xe9, 0xdb, 0x69, 0x2d, 0xe9, 0xda, 0x3e, 0xec, 0xc5, 0x5c, 0xe3, 0x5a,
  0x92, 0xc6, 0xc6, 0xe1, 0x0f, 0x07, 0x0b, 0x14, 0x3b, 0x09, 0x05, 0x04,
  0x0b, 0x17, 0x09, 0x54, 0xf7, 0xd0, 0x64, 0x7a, 0x61, 0x69, 0x66, 0xf5,
  0xce, 0xbc, 0xf9, 0x04, 0xe0, 0x28, 0x83, 0x6e, 0x69, 0x67, 0xe8, 0xce,
  0xc2, 0x76, 0x76, 0xe5, 0x02, 0x87, 0x73, 0x69, 0x69, 0xe4, 0xe0, 0x20,
  0xa6, 0x6e, 0x6a, 0x61, 0x72, 0xe7, 0xe0, 0x20, 0x9e, 0xf4, 0x06, 0x19,
  0x05, 0x0b, 0xd0, 0x46, 0x74, 0xef, 0x03, 0x06, 0x86, 0x77, 0x65, 0xe2,
  0xe0, 0x27, 0x45, 0x72, 0x65, 0x6c, 0xe1, 0xc7, 0x6f, 0x6c, 0x6f, 0x63,
  0x61, 0xec, 0xe0, 0x24, 0x78, 0x73, 0xf5, 0xe0, 0x26, 0xd2, 0xe5, 0x04,
  0xe0, 0x28, 0x3f, 0xae, 0x60, 0x21, 0x2d, 0xc5, 0x13, 0xe1, 0x04, 0xe0,
  0x28, 0x34, 0x62, 0x61, 0x73, 0xe5, 0xce, 0xe0, 0x72, 0x6b, 0x6c, 0x61,
  0x6e, 0xe7, 0xe0, 0x26, 0xeb, 0xee, 0x5d, 0xcf, 0xc3, 0x96, 0x6d, 0xee,
  0xc1, 0xfa, 0xeb, 0x02, 0x83, 0xee, 0xd2, 0x1b, 0x6c, 0x61, 0xeb, 0xdd,
  0xc1, 0xe9, 0x04, 0x04, 0x04, 0x87, 0x77, 0xe1, 0xda, 0x81, 0xf4, 0xe0,
  0x25, 0xe7, 0x73, 0x65, 0x6e, 0xae, 0xe0, 0x20, 0x46, 0xe7, 0xd4, 0xed,
  0x67, 0x65, 0x73, 0x74, 0x61, 0xee, 0xe0, 0x23, 0xd9, 0xe5, 0x03, 0x0d,
  0x85, 0x6d, 0x6f, 0x6e, 0xae, 0x03, 0xc6, 0x96, 0x70, 0x61, 0x6e, 0x65,
  0xec, 0x8f, 0x6a, 0x65, 0xef, 0xce, 0x30, 0x67, 0xf5, 0xce, 0x2d, 0x36,
  0x2e, 0x70, 0x6c, 0x79, 0xae, 0xcf, 0xbb, 0xae, 0x07, 0x53, 0x20, 0x52,
  0xdb, 0xc1, 0xca, 0x67, 0x76, 0x2e, 0xf6, 0xd3, 0x9d, 0xe3, 0x29, 0x13,
  0x1e, 0x08, 0x05, 0x40, 0xb2, 0x0b, 0x17, 0x40, 0x5a, 0x03, 0x1c, 0x43,
  0xd7, 0x40, 0x5a, 0x41, 0x91, 0x05, 0x40, 0x9f, 0x41, 0xca, 0x15, 0x40,
  0x4c, 0x40, 0x60, 0x40, 0xb2, 0x0d, 0x41, 0xf7, 0x04, 0x06, 0x57, 0x9a,
  0x28, 0xc2, 0x98, 0xfa, 0x05, 0x51, 0xfd, 0xd5, 0x94, 0xe5, 0x02, 0x85,
  0x73, 0xf4, 0xe0, 0x21, 0xf1, 0x6c, 0x61, 0xe4, 0xcd, 0x88, 0xf9, 0x07,
  0x0b, 0x05, 0x52, 0xbd, 0xd4, 0xaf, 0xef, 0x04, 0xe0, 0x26, 0x42, 0x6e,
  0xae, 0x4c, 0x08, 0xd2, 0x0c, 0x6d, 0xf2, 0xe0, 0x26, 0x3a, 0x62, 0x2e,
  0xe7, 0xe0, 0x25, 0xba, 0xf8, 0x04, 0xe0, 0x27, 0x61, 0xae, 0xd0, 0xf6,
  0xf6, 0x49, 0x1b, 0xde, 0x42, 0xf5, 0x0a, 0x09, 0x40, 0x79, 0x0c, 0x05,
  0x10, 0xe0, 0x26, 0xab, 0x74, 0x65, 0x67, 0x69, 0x72, 0xec, 0xe0, 0x27,
  0x10, 0x73, 0xf4, 0x02, 0xb4, 0x6f, 0xed, 0x02, 0x9f, 0x65, 0xf2, 0x02,
  0x94, 0xae, 0x03, 0xcb, 0x87, 0x73, 0x70, 0x65, 0x65, 0x64, 0x70, 0x61,
  0x72, 0x74, 0x6e, 0x65, 0x72, 0xae, 0xe0, 0x26, 0x5d, 0x2d, 0x6f, 0x63,
  0xe9, 0xe0, 0x27, 0x19, 0x2e, 0x6d, 0x65, 0x74, 0x61, 0x63, 0x65, 0x6e,
  0x74, 0x72, 0x75, 0x6d, 0x2e, 0xe3, 0xe0, 0x23, 0x7d, 0xae, 0x05, 0x08,
  0x0c, 0x05, 0x96, 0x74, 0x65, 0x73, 0x74, 0x69, 0x6e, 0xe7, 0x9d, 0x72,
  0x65, 0x74, 0x72, 0x6f, 0x73, 0x6e, 0x75, 0xe2, 0xe0, 0x23, 0x30, 0x70,
  0x72, 0x6f, 0xe4, 0x8c, 0xe4, 0x02, 0x86, 0x69, 0x73, 0x72, 0x65, 0xe3,
  0x83, 0x65, 0x76, 0x2e, 0x74, 0x68, 0x69, 0x6e, 0x67, 0x64, 0x75, 0xf3,
  0xd0, 0xac, 0x63, 0x6c, 0x6f, 0x75, 0x64, 0x73, 0x63, 0x61, 0x6c, 0xe5,
  0xde, 0x52, 0xf2, 0x02, 0x85, 0x73, 0x6f, 0xf2, 0xd7, 0x88, 0x69, 0x74,
  0xe9, 0x93, 0x6e, 0xe5, 0xe0, 0x24, 0x5b, 0xe9, 0x02, 0x89, 0x73, 0x69,
  0x6e, 0x65, 0x6c, 0xec, 0xe0, 0x24, 0xc3, 0x61, 0xe2, 0xdb, 0x2a, 0xe5,
  0xe0, 0x24, 0x75, 0xf4, 0x03, 0xda, 0x3f, 0x66, 0x63, 0x6c, 0x6f, 0xf5,
  0xd4, 0xc6, 0xf3, 0x03, 0x03, 0x83, 0xf8, 0xc9, 0x84, 0xe2, 0xdf, 0x99,
  0xae, 0x03, 0xcc, 0x11, 0x6b, 0x65, 0x6c, 0x69, 0x77, 0x65, 0xe2, 0xdb,
  0xf7, 0xf2, 0x0c, 0x09, 0x09, 0x12, 0x17, 0x0d, 0x4a, 0x44, 0x59, 0x14,
  0xc2, 0xd8, 0x75, 0x69, 0x73, 0xe5, 0x60, 0x23, 0x9c, 0xc2, 0xd8, 0xef,
  0x03, 0xca, 0xde, 0x74, 0x6f, 0xee, 0xdd, 0xbe, 0xe9, 0x03, 0x05, 0x84,
  0x6d, 0x65, 0xe1, 0xc8, 0x1d, 0x63, 0xeb, 0xd0, 0x17, 0xae, 0x5d, 0xee,
  0xc6, 0xd5, 0xe5, 0x03, 0x04, 0x83, 0xf7, 0xe0, 0x23, 0x02, 0xed, 0xdc,
  0x57, 0x64, 0x69, 0xf4, 0x05, 0x53, 0x15, 0xd3, 0x2c, 0x75, 0xee, 0xd7,
  0x28, 0xe1, 0x04, 0x04, 0xd3, 0xcd, 0x6e, 0xeb, 0xdb, 0xdd, 0x66, 0xf4,
  0xcd, 0xa4, 0xae, 0x47, 0xee, 0xdb, 0xe0, 0xf1, 0xcf, 0x81, 0xf0, 0x03,
  0x06, 0x87, 0x73, 0x65, 0x72, 0xf6, 0xda, 0x4c, 0x72, 0x61, 0x70, 0xe9,
  0xe0, 0x24, 0x5d, 0xe1, 0x05, 0x52, 0xef, 0xd3, 0x22, 0x6e, 0x65, 0xec,
  0xdc, 0xac, 0xef, 0x14, 0x2c, 0x06, 0x0f, 0x05, 0x3d, 0x40, 0x59, 0x41,
  0x8c, 0x17, 0x03, 0x04, 0x1b, 0x2a, 0x03, 0x4d, 0x89, 0xd5, 0xa0, 0xf5,
  0x04, 0x04, 0x08, 0x8d, 0x72, 0xf3, 0xd7, 0xb8, 0x70, 0x6f, 0xee, 0x60,
  0x23, 0x13, 0xc2, 0xd8, 0xee, 0x02, 0x85, 0x74, 0xf2, 0xe0, 0x23, 0x3b,
  0x63, 0xe9, 0xe0, 0x20, 0x0b, 0x63, 0x68, 0x70, 0x6f, 0x74, 0x61, 0x74,
  0x6f, 0x66, 0x72, 0x69, 0xe5, 0xce, 0x86, 0x73, 0x65, 0x6e, 0xfa, 0xdd,
  0x92, 0xf2, 0x02, 0x84, 0x73, 0xe9, 0xdc, 0x76, 0x65, 0x73, 0x70, 0x65,
  0x65, 0xe4, 0xde, 0xbd, 0x70, 0xf2, 0xe0, 0x21, 0xf0, 0xef, 0x03, 0x2a,
  0x8c, 0xf0, 0x05, 0x09, 0xe0, 0x25, 0x9e, 0x65, 0x72, 0x61, 0x74, 0x69,
  0xf6, 0xe0, 0x22, 0x78, 0xae, 0x0c, 0x04, 0x04, 0x50, 0x2a, 0x47, 0x63,
  0x4a, 0x02, 0x42, 0x65, 0x9f, 0xf2, 0xe0, 0x22, 0xf7, 0xf0, 0xe0, 0x22,
  0xe6, 0xed, 0x60, 0x21, 0x2a, 0xc1, 0xc5, 0xec, 0x04, 0xe0, 0x25, 0x7e,
  0x62, 0x6c, 0x6f, 0xe7, 0xe0, 0x25, 0x42, 0xeb, 0xcd, 0x83, 0xee, 0x06,
  0x0a, 0x1c, 0x1a, 0x04, 0x89, 0x76, 0x65, 0x78, 0xae, 0x5a, 0xda, 0x41,
  0x2e, 0xc2, 0x67, 0xf4, 0x05, 0x0c, 0xe0, 0x23, 0x1c, 0xf2, 0x03, 0xdf,
  0x87, 0x61, 0x63, 0x74, 0x6f, 0xf2, 0xe0, 0x22, 0x7c, 0xe1, 0x02, 0x83,
  0xe7, 0xd0, 0x4a, 0xe3, 0xe0, 0x23, 0x42, 0xf3, 0x02, 0x92, 0x75, 0xec,
  0x02, 0x88, 0xf4, 0x03, 0xc9, 0x14, 0x61, 0xee, 0xdf, 0x51, 0x61, 0x64,
  0x6f, 0xae, 0xd5, 0xd2, 0x74, 0x72, 0xf5, 0xd6, 0x16, 0xee, 0xe0, 0x21,
  0x69, 0xe6, 0x03, 0xd7, 0x30, 0x65, 0x72, 0xe5, 0xdf, 0x5d, 0x64, 0xef,
  0xe0, 0x22, 0x46, 0xed, 0x09, 0x04, 0x3e, 0x22, 0x60, 0x22, 0x4a, 0xc2,
  0x63, 0xf3, 0xe0, 0x22, 0xdc, 0xf0, 0x02, 0xb2, 0x75, 0x74, 0xe5, 0x05,
  0x25, 0xe0, 0x23, 0x49, 0xae, 0x03, 0x0a, 0x86, 0x68, 0x65, 0x72, 0x6f,
  0x6b, 0x75, 0x61, 0xf0, 0xd6, 0x28, 0x65, 0x73, 0x74, 0xe1, 0xc3, 0xce,
  0x61, 0x6d, 0x61, 0x7a, 0x6f, 0x6e, 0x61, 0x77, 0x73, 0x2e, 0x63, 0x6f,
  0xed, 0x5e, 0x9a, 0xc6, 0x43, 0x2d, 0xb1, 0xe0, 0x20, 0x3c, 0xe1, 0x04,
  0xe0, 0x21, 0x9c, 0xee, 0xe0, 0x22, 0x2c, 0xed, 0x02, 0x99, 0x75, 0xee,
  0x02, 0x91, 0x69, 0x74, 0xf9, 0x04, 0xe0, 0x24, 0xc1, 0x2d, 0x70, 0x72,
  0x6f, 0xae, 0x60, 0x23, 0xf1, 0xc0, 0x74, 0x65, 0xae, 0xdb, 0x78, 0x62,
  0x61, 0xee, 0xe0, 0x21, 0xdb, 0xae, 0x1c, 0x04, 0x04, 0x0b, 0x09, 0x0b,
  0x16, 0x07, 0x04, 0x0f, 0x0b, 0x12, 0x0e, 0x0d, 0x0d, 0x09, 0x10, 0x07,
  0x0b, 0x09, 0x0e, 0x12, 0x4d, 0x2f, 0x4d, 0xde, 0xc3, 0x61, 0xf9, 0xe0,
  0x22, 0xe0, 0xf7, 0xe0, 0x21, 0xb3, 0xf6, 0x60, 0x22, 0x0d, 0x40, 0x47,
  0x40, 0x84, 0x3a, 0xc0, 0x40, 0xf5, 0x60, 0x21, 0x9d, 0x39, 0x40, 0xb7,
  0xc1, 0xee, 0xf4, 0x60, 0x21, 0xb2, 0x0f, 0x19, 0x40, 0x91, 0x39, 0x3b,
  0x9f, 0xf3, 0x58, 0x01, 0x48, 0x09, 0x41, 0x5f, 0x27, 0x1a, 0x18, 0x10,
  0x40, 0x63, 0x2b, 0x19, 0x20, 0x40, 0x5a, 0x40, 0xdb, 0xc0, 0x99, 0xf2,
  0x60, 0x22, 0x83, 0x20, 0xc0, 0xd4, 0xf1, 0xe0, 0x22, 0x5c, 0xf0, 0x57,
  0x39, 0x4a, 0x0f, 0x27, 0x03, 0x17, 0x18, 0x40, 0x9e, 0x19, 0x40, 0x40,
  0x9b, 0xee, 0x57, 0x2a, 0x4a, 0x94, 0x40, 0x8b, 0x40, 0x5b, 0xc1, 0x93,
  0xed, 0x5a, 0xf6, 0x44, 0xd9, 0x41, 0x86, 0x03, 0x17, 0x18, 0x0d, 0x40,
  0x91, 0x39, 0x40, 0x9a, 0xc1, 0x34, 0xec, 0x57, 0xb4, 0x48, 0x09, 0x41,
  0x89, 0x2f, 0x40, 0x73, 0x40, 0x44, 0xc0, 0x5b, 0xeb, 0x60, 0x21, 0x0e,
  0x20, 0x1e, 0x1b, 0x0d, 0x1f, 0x40, 0x95, 0xc1, 0xe4, 0xe9, 0x08, 0x60,
  0x21, 0x37, 0x40, 0xf2, 0xc0, 0x5a, 0xf1, 0xe0, 0x23, 0xf7, 0xe8, 0x60,
  0x21, 0x1e, 0x40, 0xcd, 0x40, 0x74, 0x9f, 0xe7, 0x60, 0x20, 0xeb, 0x40,
  0x41, 0x18, 0x2c, 0x40, 0x72, 0x23, 0x36, 0x1b, 0x1f, 0xc0, 0x40, 0xe6,
  0x60, 0x21, 0x19, 0x0f, 0xc1, 0x1e, 0xe5, 0x60, 0x20, 0xfb, 0x40, 0xa5,
  0x2b, 0x40, 0x59, 0xc1, 0xae, 0xe4, 0x60, 0x20, 0xe9, 0x1e, 0x40, 0xf2,
  0xc1, 0x35, 0xe3, 0x5f, 0x61, 0x41, 0x9d, 0x1b, 0x0d, 0x1f, 0x40, 0xab,
  0x40, 0x5a, 0xc0, 0x40, 0xe2, 0x57, 0x4a, 0x49, 0x68, 0x20, 0x07, 0x17,
  0x0f, 0x0c, 0x10, 0x1c, 0x40, 0x72, 0x19, 0x20, 0x3b, 0x9f, 0xe1, 0x56,
  0x91, 0x4a, 0x2f, 0x1e, 0x03, 0x25, 0x1f, 0x40, 0x47, 0x40, 0x9f, 0x40,
  0x5f, 0xc1, 0x34, 0xec, 0x04, 0x04, 0xc1, 0x43, 0x6f, 0xe7, 0xca, 0xc3,
  0x6c, 0x65, 0x67, 0xe5, 0x04, 0xe0, 0x23, 0x7e, 0x66, 0x61, 0xee, 0xe0,
  0x20, 0x3b, 0xe7, 0xd9, 0x11, 0x66, 0xe6, 0xdd, 0xb4, 0x64, 0xe5, 0x05,
  0x05, 0x08, 0xca, 0x0d, 0xf3, 0x4c, 0x5a, 0xd7, 0x0f, 0x70, 0x65, 0x6e,
  0xae, 0x57, 0xc5, 0xc4, 0xa2, 0x62, 0x65, 0x72, 0x67, 0xae, 0xdf, 0x0b,
  0xe3, 0x02, 0x85, 0x6f, 0x74, 0xf4, 0xd1, 0x04, 0x6b, 0x70, 0x69, 0x74,
  0xae, 0x03, 0x07, 0x87, 0x70, 0x6c, 0x2d, 0x77, 0x61, 0xf7, 0x8e, 0x6e,
  0x6c, 0x2d, 0x61, 0x6d, 0xf3, 0x87, 0x66, 0x72, 0x2d, 0x70, 0x61, 0x72,
  0x2e, 0x73, 0x63, 0xf7, 0xd8, 0x9e, 0xe1, 0xcb, 0x26, 0xae, 0x19, 0x06,
  0x09, 0x15, 0x0e, 0x07, 0x0a, 0x0d, 0x0d, 0x05, 0x0a, 0x05, 0x0a, 0x06,
  0x09, 0x13, 0x06, 0x0e, 0x1f, 0x59, 0xac, 0x45, 0x84, 0xc1, 0xd9, 0xf6,
  0x60, 0x20, 0x94, 0xc0, 0xcb, 0xf5, 0x4f, 0x80, 0x50, 0xa9, 0x07, 0x03,
  0xc2, 0xd4, 0xf4, 0x08, 0x5f, 0xf8, 0x20, 0x1e, 0x0f, 0xc0, 0xaa, 0x65,
  0x63, 0x68, 0x6e, 0x6f, 0x6c, 0x6f, 0x67, 0xf9, 0xe0, 0x22, 0xb9, 0xf3,
  0x08, 0x59, 0x82, 0x46, 0x81, 0x07, 0xc0, 0xd0, 0x63, 0xef, 0xe0, 0x22,
  0x8b, 0xf2, 0x60, 0x20, 0x04, 0x3f, 0xc2, 0x29, 0xf0, 0x04, 0xe0, 0x21,
  0x5c, 0xec, 0x57, 0x20, 0xcb, 0x7b, 0xee, 0x5e, 0x84, 0x41, 0x68, 0x40,
  0x65, 0x40, 0x8b, 0x41, 0x10, 0xc0, 0x6f, 0xed, 0x5f, 0xdf, 0x40, 0x46,
  0x40, 0xaa, 0x40, 0x40, 0x40, 0x7a, 0xc1, 0x34, 0xec, 0x5f, 0xd9, 0xc0,
  0xa5, 0xeb, 0x04, 0xe0, 0x20, 0xf9, 0xf2, 0x58, 0x1c, 0xca, 0x8b, 0xea,
  0x60, 0x20, 0xbd, 0xb6, 0xe9, 0x5f, 0xdc, 0x03, 0x28, 0x40, 0x8e, 0x39,
  0x3b, 0x9f, 0xe7, 0x5f, 0xd5, 0x18, 0xc2, 0xa5, 0x66, 0x69, 0x6e, 0x61,
  0x6e, 0x63, 0xe9, 0xd6, 0x59, 0xe5, 0x02, 0x87, 0x76, 0x65, 0x6e, 0xf4,
  0xe0, 0x21, 0xda, 0x64, 0x75, 0x63, 0x61, 0x74, 0x69, 0xef, 0xd5, 0x30,
  0xe4, 0x5f, 0xb0, 0x42, 0x27, 0xad, 0xe3, 0x4e, 0xe3, 0x4f, 0xf5, 0x40,
  0xd2, 0x03, 0x40, 0x44, 0x40, 0xe6, 0xc0, 0x81, 0xe2, 0x0b, 0x09, 0x55,
  0x05, 0x40, 0xdd, 0x49, 0x88, 0x2d, 0x19, 0x83, 0x75, 0x73, 0x69, 0x6e,
  0x65, 0xf3, 0xe0, 0x21, 0xa8, 0xe9, 0x04, 0xe0, 0x22, 0x44, 0x7a, 0x2e,
  0xee, 0xdf, 0x04, 0xe1, 0x5f, 0x5f, 0x1e, 0x40, 0xb9, 0x39, 0x20, 0xc1,
  0xae, 0xee, 0x08, 0x04, 0x07, 0x04, 0x0d, 0xe0, 0x22, 0x10, 0xf4, 0xe0,
  0x20, 0x95, 0x70, 0x79, 0x2e, 0x67, 0xe4, 0xd4, 0xdf, 0xe7, 0xe0, 0x20,
  0x8a, 0xae, 0x09, 0x43, 0xd2, 0x43, 0xc4, 0x52, 0x79, 0xc6, 0xf0, 0xf3,
  0xc7, 0xc3, 0x2d, 0x6e, 0x6f, 0x72, 0x74, 0xe8, 0x02, 0x84, 0x77, 0x65,
  0x73, 0x74, 0x2d, 0x31, 0xae, 0x02, 0x92, 0x65, 0x62, 0x2e, 0x61, 0x6d,
  0x61, 0x7a, 0x6f, 0x6e, 0x61, 0x77, 0x73, 0x2e, 0x63, 0x6f, 0xed, 0xd4,
  0xa9, 0x61, 0x69, 0x72, 0x66, 0x6c, 0x6f, 0x77, 0x2e, 0x61, 0x6d, 0x61,
  0x7a, 0x6f, 0x6e, 0x61, 0xf7, 0xdb, 0x91, 0xec, 0x0a, 0x22, 0x41, 0x07,
  0x22, 0x25, 0x5d, 0xfe, 0xc2, 0x62, 0xf5, 0x02, 0x8e, 0x73, 0x74, 0x65,
  0x72, 0x73, 0x2e, 0x72, 0x64, 0x70, 0x61, 0x2e, 0xe3, 0xcf, 0xfc, 0xe2,
  0x05, 0x04, 0xe0, 0x21, 0xb5, 0x6d, 0xe5, 0xdf, 0x21, 0xae, 0x03, 0xde,
  0x65, 0xf4, 0xdf, 0x17, 0xef, 0x03, 0xc0, 0xff, 0x75, 0xe4, 0x0f, 0x09,
  0x0f, 0x36, 0x06, 0x1d, 0x09, 0x10, 0x13, 0x05, 0x40, 0x44, 0xe0, 0x20,
  0xb3, 0x79, 0x63, 0x6c, 0x75, 0x73, 0x74, 0xe5, 0xc3, 0x8b, 0x73, 0x69,
  0x74, 0x65, 0x2e, 0x62, 0x75, 0x69, 0x6c, 0x64, 0x65, 0xf2, 0xe0, 0x20,
  0xe0, 0x6e, 0x73, 0xae, 0x0c, 0x0a, 0x03, 0x03, 0x0d, 0x05, 0x51, 0x22,
  0x4c, 0xef, 0xc1, 0x1b, 0xf0, 0x05, 0x4d, 0xae, 0xd2, 0xe7, 0xf7, 0xe0,
  0x21, 0x36, 0xee, 0xdd, 0xd4, 0xe9, 0xcd, 0xc5, 0xe3, 0x07, 0x4d, 0x34,
  0x46, 0x22, 0xcd, 0x2d, 0xec, 0x4d, 0xcd, 0xd3, 0x57, 0xe2, 0x5d, 0xc0,
  0xc2, 0xfa, 0x61, 0x73, 0xe9, 0xcd, 0xc5, 0x6a, 0x69, 0x66, 0xe6, 0xdf,
  0xa5, 0xe6, 0x03, 0x08, 0x85, 0x75, 0x6e, 0x63, 0x74, 0x69, 0xef, 0xd9,
  0xe9, 0x72, 0x6f, 0xee, 0xd2, 0x8d, 0x6c, 0x61, 0x72, 0xe5, 0x03, 0xc3,
  0x60, 0xae, 0x5a, 0x32, 0xc6, 0xa3, 0x65, 0x72, 0x61, 0x2e, 0x73, 0x69,
  0xf4, 0xd6, 0x1b, 0x62, 0x65, 0x65, 0x73, 0x75, 0x73, 0x65, 0x72, 0x63,
  0x6f, 0x6e, 0x74, 0x65, 0xee, 0xca, 0xe3, 0xe1, 0x02, 0x83, 0xf0, 0xd2,
  0xa0, 0x63, 0x63, 0x65, 0x73, 0x73, 0xae, 0x04, 0xe0, 0x20, 0xa8, 0xe8,
  0xc9, 0x3d, 0x36, 0x36, 0xae, 0xdc, 0xa9, 0xae, 0x08, 0x0d, 0x11, 0x18,
  0x45, 0x47, 0xcf, 0xa9, 0x6e, 0x6f, 0x73, 0x70, 0x61, 0x6d, 0x70, 0x72,
  0x6f, 0x78, 0xf9, 0xdf, 0xce, 0x6d, 0x65, 0x74, 0x61, 0x63, 0x65, 0x6e,
  0x74, 0x72, 0x75, 0x6d, 0x2e, 0x63, 0xfa, 0xe0, 0x20, 0xcf, 0x69, 0x6e,
  0xf4, 0x03, 0xd5, 0xbf, 0x65, 0x72, 0x68, 0x6f, 0x73, 0x74, 0x73, 0x6f,
  0x6c, 0x75, 0x74, 0x69, 0x6f, 0x6e, 0x73, 0xae, 0xdf, 0xe6, 0x67, 0x6f,
  0xef, 0xdd, 0x78, 0x2d, 0x69, 0x70, 0xae, 0x43, 0x9d, 0xd9, 0x7d, 0x74,
  0xe8, 0xc8, 0xb6, 0xe9, 0x03, 0x06, 0x8d, 0x6e, 0xe9, 0x48, 0x6b, 0xd6,
  0x03, 0x65, 0x6e, 0x74, 0x2e, 0x73, 0x63, 0x72, 0x79, 0x70, 0x74, 0xe5,
  0xcb, 0xe0, 0x63, 0xeb, 0x04, 0xe0, 0x20, 0x8a, 0x72, 0x69, 0xf3, 0xd9,
  0x19, 0xe5, 0x03, 0x11, 0x8c, 0x76, 0x65, 0x72, 0x61, 0x70, 0x70, 0x73,
  0xae, 0x05, 0x43, 0x62, 0xdb, 0xd6, 0x74, 0xe5, 0xdf, 0x9a, 0x72, 0xeb,
  0x03, 0xd9, 0x70, 0x73, 0x74, 0x61, 0x67, 0xe5, 0xd9, 0x6b, 0x61, 0xee,
  0xc8, 0x6f, 0xe1, 0x03, 0x07, 0x87, 0x75, 0x64, 0xe5, 0x54, 0x42, 0xc5,
  0x1c, 0x6e, 0x2e, 0x72, 0xe9, 0xe0, 0x20, 0x1b, 0x69, 0xed, 0xdd, 0x74,
  0xeb, 0x03, 0xc2, 0x04, 0x86, 0xe9, 0x0d, 0x08, 0x40, 0x55, 0x15, 0x04,
  0x07, 0x0c, 0x03, 0x4a, 0xa9, 0xd5, 0x02, 0x76, 0x69, 0x6c, 0x61, 0x76,
  0xe9, 0xdc, 0xdf, 0xf4, 0x04, 0x40, 0x47, 0x85, 0xf9, 0x04, 0xe0, 0x20,
  0x25, 0xae, 0x06, 0x08, 0x0f, 0x07, 0xde, 0xca, 0x79, 0x6f, 0x6b, 0x6f,
  0x68, 0x61, 0xed, 0x95, 0xf3, 0x02, 0x85, 0x65, 0x6e, 0x64, 0xe1, 0xa7,
  0x61, 0x70, 0x70, 0x6f, 0x72, 0xef, 0xa1, 0x6e, 0x61, 0x67, 0x6f, 0x79,
  0xe1, 0x9a, 0xeb, 0x03, 0x04, 0x8a, 0x6f, 0x62, 0xe5, 0x92, 0x69, 0x74,
  0x61, 0x6b, 0x79, 0x75, 0x73, 0x68, 0xf5, 0x88, 0x61, 0x77, 0x61, 0x73,
  0x61, 0x6b, 0x69, 0x2e, 0x6a, 0x70, 0x85, 0xe9, 0x5d, 0xaf, 0xc2, 0x33,
  0x61, 0xe4, 0xd9, 0x0b, 0xf3, 0x02, 0x87, 0x74, 0x72, 0x6f, 0x6e, 0xae,
  0xde, 0xf2, 0x63, 0xef, 0x03, 0xdf, 0xcb, 0x66, 0x72, 0x65, 0xe1, 0xdb,
  0x1e, 0x72, 0xe3, 0xdd, 0x71, 0x70, 0x72, 0x69, 0x61, 0xee, 0xdd, 0x42,
  0xe5, 0x02, 0x85, 0x73, 0x7a, 0xf9, 0xca, 0xdb, 0x6e, 0xe3, 0xdc, 0x86,
  0xe1, 0xc4, 0x12, 0xae, 0x5d, 0x49, 0xc0, 0x95, 0xe8, 0x0b, 0x2a, 0x0a,
  0x0d, 0x1f, 0x40, 0xd2, 0x39, 0x3f, 0xdd, 0xf0, 0xf5, 0x05, 0x03, 0x13,
  0xdf, 0x46, 0xf2, 0xc7, 0x8e, 0x6f, 0xae, 0x08, 0x51, 0xc5, 0x4a, 0x08,
  0x41, 0x7f, 0x9d, 0x79, 0x61, 0x6d, 0x61, 0x6e, 0x61, 0xf3, 0xdd, 0x11,
  0x6e, 0xe7, 0x02, 0x85, 0x6e, 0x61, 0xed, 0xc5, 0xcb, 0x62, 0x75, 0xeb,
  0xc5, 0xc6, 0x74, 0x72, 0x2e, 0x6b, 0x31, 0x32, 0x2e, 0xed, 0xc2, 0xe7,
  0xf2, 0x02, 0x84, 0x6f, 0xed, 0xdd, 0xb2, 0x69, 0x73, 0x74, 0xed, 0xc7,
  0xfe, 0xef, 0x05, 0x03, 0x04, 0x09, 0x85, 0xf9, 0xd2, 0xcc, 0x77, 0xe4,
  0xc9, 0x17, 0xf3, 0x02, 0x82, 0xe8, 0x82, 0x65, 0xe9, 0xdd, 0x09, 0x6e,
  0x61, 0xee, 0xdd, 0x04, 0x66, 0xf5, 0xdb, 0x81, 0xe9, 0x10, 0x09, 0x09,
  0x0b, 0x27, 0x0a, 0x08, 0x07, 0x0b, 0x28, 0x0c, 0x0d, 0x07, 0x03, 0xdc,
  0x3e, 0x7a, 0x75, 0x2e, 0x74, 0x6f, 0x74, 0xf4, 0xd4, 0x6e, 0x79, 0x6f,
  0x64, 0x61, 0xae, 0x54, 0xaa, 0xc6, 0xb7, 0xf4, 0x02, 0x85, 0x6f, 0x73,
  0xe5, 0xdd, 0x12, 0xe1, 0xd8, 0x26, 0xf2, 0x02, 0x84, 0x79, 0xf5, 0xd8,
  0x1f, 0x75, 0x72, 0x67, 0x69, 0x65, 0x6e, 0x73, 0x2d, 0x64, 0x65, 0x6e,
  0x74, 0x69, 0x73, 0x74, 0x65, 0xf3, 0x03, 0xde, 0x32, 0x2d, 0x65, 0x6e,
  0x2d, 0x66, 0x72, 0x61, 0x6e, 0x63, 0xe5, 0xde, 0x28, 0xf0, 0x02, 0x83,
  0xf3, 0xde, 0xa9, 0x70, 0xf5, 0xd9, 0x45, 0xee, 0x03, 0xcd, 0x3a, 0x74,
  0xe1, 0xdc, 0x5b, 0x6d, 0x6b, 0x65, 0x6e, 0xf4, 0xdc, 0x85, 0xec, 0x02,
  0x85, 0x6c, 0x6f, 0xf5, 0xc5, 0x09, 0xe5, 0xc9, 0xb7, 0x6b, 0xf5, 0x06,
  0x03, 0x0b, 0x04, 0x02, 0x88, 0xfa, 0xc4, 0xe8, 0xf3, 0x02, 0x84, 0x68,
  0x69, 0xee, 0x94, 0x65, 0xe9, 0xd5, 0x66, 0x6d, 0xe1, 0xdb, 0x25, 0xea,
  0x8a, 0x68, 0xef, 0x03, 0xc4, 0xd2, 0xeb, 0xd9, 0x85, 0x67, 0xef, 0xc4,
  0xcd, 0x6a, 0x69, 0x77, 0x61, 0x2e, 0x6e, 0x61, 0x67, 0x61, 0xf3, 0xd5,
  0x4d, 0x68, 0x61, 0x79, 0x61, 0x61, 0x6b, 0x61, 0x73, 0x61, 0x6b, 0xe1,
  0xdc, 0x63, 0x67, 0x61, 0x73, 0x61, 0xeb, 0xcf, 0x88, 0xe5, 0xd0, 0x28,
  0xe3, 0x02, 0x86, 0x68, 0x69, 0x62, 0xf5, 0xd0, 0xfc, 0x61, 0x70, 0xf0,
  0xcb, 0x70, 0xe5, 0x04, 0x25, 0x07, 0x83, 0xf2, 0x02, 0x97, 0xee, 0x02,
  0x84, 0x6f, 0x76, 0xf4, 0x96, 0xe9, 0x03, 0x05, 0x83, 0x76, 0x74, 0x73,
  0xe9, 0x8f, 0x68, 0xe9, 0x83, 0x67, 0x6f, 0xf6, 0x88, 0x6b, 0x61, 0xf3,
  0x02, 0x81, 0x73, 0x79, 0x2e, 0xf5, 0xdc, 0x51, 0x68, 0x61, 0x6c, 0x69,
  0xf3, 0xdc, 0x11, 0xe6, 0xdc, 0x01, 0x61, 0xf0, 0x5d, 0xfa, 0xb8, 0xe1,
  0x06, 0x09, 0x0b, 0x10, 0xc9, 0x5d, 0xf4, 0x03, 0xde, 0x24, 0x67, 0x70,
  0xf4, 0xd4, 0xbf, 0xf2, 0x02, 0x85, 0x74, 0x65, 0xf2, 0xda, 0xcc, 0xe9,
  0xc9, 0x47, 0xee, 0x03, 0xd7, 0x3f, 0x6e, 0x65, 0xec, 0x03, 0xde, 0x0a,
  0x73, 0x64, 0x76, 0xf2, 0xdd, 0xae, 0xed, 0x02, 0x8a, 0x70, 0x69, 0x6f,
  0x6e, 0x73, 0x68, 0x69, 0xf0, 0xda, 0xac, 0x62, 0x61, 0x67, 0x72, 0xe9,
  0xdd, 0x33, 0xae, 0x05, 0x55, 0xe6, 0xc5, 0xa3, 0x74, 0x72, 0x65, 0x6e,
  0x64, 0x68, 0x6f, 0x73, 0x74, 0x69, 0x6e, 0xe7, 0xd3, 0x4e, 0xe6, 0x08,
  0x06, 0x5b, 0x37, 0x40, 0xa7, 0xc1, 0xef, 0x6f, 0x6c, 0x6b, 0xf3, 0xc8,
  0xf0, 0x2d, 0x69, 0x70, 0xe6, 0xdc, 0xaf, 0xe5, 0x08, 0x0d, 0x0b, 0x25,
  0x4b, 0x41, 0xd0, 0x71, 0x73, 0x65, 0x6e, 0xe1, 0x02, 0x81, 0x2d, 0x66,
  0x6f, 0x72, 0xec, 0xd3, 0xa3, 0xf2, 0x03, 0xdc, 0x38, 0x74, 0x69, 0x66,
  0x69, 0xe3, 0xda, 0x56, 0x6e, 0xf4, 0x03, 0xc6, 0xaf, 0x72, 0x61, 0xec,
  0x02, 0x8f, 0x75, 0xf3, 0x04, 0x06, 0xce, 0x17, 0x65, 0x75, 0x61, 0xf0,
  0xce, 0x19, 0xae, 0xdd, 0x28, 0xe9, 0x02, 0x86, 0x6e, 0x64, 0x69, 0xe1,
  0xce, 0x0d, 0xe1, 0xdb, 0x5b, 0x63, 0x68, 0x69, 0xf2, 0xc6, 0x6b, 0xe4,
  0x05, 0x48, 0xc6, 0xd4, 0xaf, 0xee, 0x04, 0x0f, 0xc0, 0x40, 0x37, 0x37,
  0x2d, 0xf3, 0x02, 0x87, 0x74, 0x6f, 0x72, 0x61, 0xe7, 0xc6, 0x53, 0xf3,
  0xad, 0xae, 0x03, 0x14, 0xa1, 0x70, 0x72, 0x6f, 0x64, 0x2e, 0x61, 0x74,
  0x6c, 0x61, 0x73, 0x73, 0x69, 0x61, 0x6e, 0x2d, 0x64, 0x65, 0xf6, 0xdc,
  0xf3, 0x63, 0x6c, 0x6f, 0x75, 0x64, 0x66, 0x6c, 0x61, 0x72, 0xe5, 0x05,
  0x08, 0x03, 0xdc, 0xd7, 0x67, 0x6c, 0x6f, 0x62, 0x61, 0xec, 0xdc, 0xdc,
  0xe3, 0xc6, 0x75, 0x61, 0x6e, 0x79, 0x63, 0xe1, 0xce, 0x80, 0x62, 0x75,
  0x62, 0x62, 0xec, 0xd1, 0x7c, 0x2d, 0x65, 0x64, 0xe7, 0xcd, 0xb3, 0xe3,
  0x05, 0x06, 0x03, 0xdd, 0x0c, 0x77, 0x75, 0x2e, 0xe3, 0xc8, 0xeb, 0xe9,
  0xcc, 0x11, 0xae, 0x13, 0x06, 0x06, 0x05, 0x06, 0x03, 0x03, 0x04, 0x05,
  0x14, 0x0a, 0x02, 0x06, 0x0b, 0x03, 0x06, 0x02, 0x09, 0x8f, 0xf7, 0x2d,
  0x1b, 0x2e, 0xd2, 0x1d, 0xf6, 0x40, 0x6a, 0x06, 0xd2, 0x1d, 0xf5, 0x40,
  0x64, 0xc8, 0xff, 0xf4, 0x02, 0xbd, 0xf8, 0xd5, 0x98, 0xf3, 0x3c, 0x94,
  0xf2, 0xd2, 0x79, 0xf0, 0x40, 0x59, 0x8f, 0xef, 0x15, 0x40, 0x4f, 0x86,
  0xee, 0x07, 0x03, 0x03, 0x03, 0x12, 0x1c, 0x83, 0xf6, 0xd5, 0x7e, 0xed,
  0xd5, 0x7b, 0xea, 0xd5, 0x78, 0xe8, 0xd5, 0x75, 0xed, 0x16, 0x03, 0x11,
  0x0c, 0x03, 0x03, 0x0c, 0xd2, 0x11, 0xec, 0xb2, 0xeb, 0x02, 0xba, 0xf9,
  0xd5, 0x63, 0xe9, 0x04, 0x03, 0x23, 0x92, 0xee, 0xd5, 0x5b, 0xe4, 0xd5,
  0x58, 0xe8, 0xd2, 0x3c, 0xe7, 0x02, 0x9a, 0xf5, 0xd5, 0x4f, 0xe6, 0xa8,
  0xe4, 0x02, 0x83, 0xe5, 0xd5, 0x47, 0xe3, 0xd5, 0x44, 0xe3, 0x05, 0x03,
  0x03, 0xd1, 0xf6, 0xf4, 0xd5, 0x3b, 0xef, 0xd5, 0x38, 0xe1, 0xd5, 0x35,
  0xe1, 0x05, 0x03, 0x03, 0x03, 0x83, 0xfa, 0xd5, 0x2c, 0xf3, 0xd5, 0x29,
  0xf2, 0xd5, 0x26, 0xec, 0xd5, 0x23, 0xeb, 0xd5, 0x20, 0xe2, 0x09, 0x59,
  0x28, 0x40, 0xd5, 0x40, 0x73, 0xc0, 0x7a, 0xe7, 0xc6, 0x3f, 0xe1, 0x15,
  0x05, 0x2a, 0x1d, 0x40, 0x5a, 0x16, 0x04, 0x40, 0x58, 0x40, 0x4b, 0x28,
  0x05, 0x07, 0x12, 0x0d, 0x03, 0x15, 0xda, 0x78, 0x78, 0x69, 0xe1, 0xc1,
  0x33, 0xf4, 0x06, 0x0b, 0x05, 0x09, 0xdc, 0x21, 0x68, 0x6f, 0x6c, 0x69,
  0xe3, 0x03, 0xdc, 0x32, 0xae, 0xd8, 0xa4, 0x66, 0x6f, 0xef, 0xda, 0xfb,
  0x65, 0x72, 0x69, 0x6e, 0xe7, 0x58, 0xd8, 0xc3, 0x4d, 0x61, 0xee, 0x03,
  0xd3, 0xe6, 0x7a, 0x61, 0xf2, 0xd9, 0xb6, 0xf3, 0x05, 0x07, 0x07, 0xd9,
  0x04, 0x69, 0x6e, 0xef, 0x5a, 0xd7, 0xc1, 0x37, 0xe5, 0x03, 0xdc, 0x06,
  0xf2, 0xd1, 0xe5, 0xe1, 0x03, 0xdb, 0xff, 0x63, 0x61, 0xed, 0xdb, 0xa4,
  0xf2, 0x0a, 0x14, 0x04, 0x0a, 0x03, 0x12, 0x58, 0xe0, 0xc2, 0xd8, 0xf2,
  0x02, 0x85, 0x64, 0x2e, 0xe3, 0xdb, 0x79, 0x61, 0x72, 0xe1, 0x02, 0x81,
  0x2d, 0x6d, 0x61, 0x73, 0xf3, 0xd3, 0xa8, 0x67, 0xef, 0xd8, 0x8c, 0xe5,
  0x03, 0xdb, 0xd3, 0x65, 0xf2, 0x58, 0xf9, 0xc2, 0xd8, 0xe4, 0xd8, 0xf4,
  0x62, 0x6f, 0x6e, 0x69, 0xe1, 0x02, 0x81, 0x2d, 0x69, 0x67, 0x6c, 0x65,
  0x73, 0x69, 0x61, 0xf3, 0xd9, 0x58, 0xe1, 0x02, 0x83, 0xf6, 0xd6, 0xb5,
  0x63, 0x61, 0x6c, 0x2e, 0x6d, 0x79, 0x74, 0x68, 0x69, 0x63, 0x2d, 0x62,
  0x65, 0x61, 0x73, 0xf4, 0xda, 0x88, 0xf0, 0x03, 0x04, 0x88, 0x6f, 0xef,
  0xdb, 0x62, 0x69, 0x74, 0x61, 0xec, 0x42, 0xce, 0xd8, 0xc6, 0x65, 0x74,
  0x6f, 0xf7, 0xda, 0x17, 0x6f, 0xe2, 0xd1, 0x33, 0xee, 0x07, 0x36, 0x05,
  0x05, 0x0d, 0xcc, 0x1b, 0x76, 0xe1, 0x03, 0x05, 0x8c, 0x63, 0x6f, 0xe4,
  0xc4, 0x64, 0xae, 0x02, 0x84, 0x72, 0xf5, 0xce, 0x2b, 0x6c, 0x69, 0xee,
  0xda, 0xfd, 0xad, 0x03, 0x0c, 0x86, 0x68, 0x6f, 0x73, 0x74, 0x65, 0x64,
  0x2d, 0x65, 0x6d, 0xe2, 0xd9, 0x9c, 0x63, 0x6f, 0x64, 0xe5, 0xce, 0x0e,
  0x61, 0x70, 0x70, 0x73, 0x2e, 0xe3, 0x4e, 0x08, 0xcc, 0x31, 0x74, 0x68,
  0xef, 0xd0, 0xf3, 0x64, 0x79, 0xf0, 0xc8, 0xd8, 0xe1, 0x02, 0x84, 0x72,
  0xf9, 0xce, 0xa4, 0x64, 0xe1, 0x46, 0x29, 0xc5, 0x84, 0xae, 0xc7, 0x64,
  0xed, 0x09, 0x38, 0x04, 0x47, 0xa1, 0x50, 0xe5, 0xc2, 0x62, 0xf0, 0x05,
  0x07, 0x1f, 0xda, 0xf8, 0x6f, 0x62, 0x61, 0x73, 0xf3, 0xd8, 0xb6, 0xe9,
  0x02, 0x8f, 0x6e, 0xe1, 0x02, 0x83, 0xf3, 0xd9, 0x79, 0x67, 0x72, 0x61,
  0x6e, 0x64, 0xe5, 0xd9, 0x71, 0x64, 0x61, 0x6e, 0xef, 0x02, 0x81, 0x2d,
  0x6d, 0x65, 0x64, 0xe9, 0xd8, 0x97, 0xe1, 0x02, 0x83, 0xee, 0xd2, 0xbe,
  0x69, 0x67, 0x6e, 0xae, 0xcf, 0x57, 0x65, 0xf2, 0xd8, 0xfb, 0x64, 0x76,
  0xf2, 0xd7, 0xa5, 0xec, 0x0a, 0x08, 0x08, 0x09, 0x58, 0x01, 0x40, 0x5c,
  0xc2, 0x62, 0x76, 0x69, 0x6e, 0x6b, 0x6c, 0xe5, 0xd9, 0x5c, 0x74, 0x61,
  0x6e, 0x69, 0x73, 0xf3, 0xd0, 0xa8, 0x63, 0x75, 0x6c, 0x61, 0x74, 0x6f,
  0xf2, 0xcc, 0xba, 0x61, 0xe2, 0xd2, 0x86, 0x68, 0x63, 0xe5, 0xd0, 0xbc,
  0x67, 0x6c, 0x69, 0x61, 0xf2, 0xd0, 0xa1, 0xe6, 0x04, 0x03, 0xd8, 0xf8,
  0xea, 0xd9, 0x8f, 0x66, 0x65, 0x69, 0x6e, 0x65, 0xae, 0x42, 0x87, 0xce,
  0xb9, 0xe2, 0x03, 0xda, 0x99, 0x6c, 0x65, 0x2d, 0x6d, 0x6f, 0x64, 0xe5,
  0xd7, 0x51, 0xe1, 0xd7, 0x42, 0xae, 0x06, 0x09, 0x52, 0x79, 0xc2, 0x1f,
  0x72, 0x65, 0x63, 0x6c, 0x61, 0x69, 0xed, 0xcf, 0xef, 0xe9, 0x58, 0x74,
  0xc0, 0x93, 0xad, 0x02, 0x86, 0x77, 0x65, 0x73, 0xf4, 0xd5, 0xaf, 0x63,
  0x65, 0x6e, 0x74, 0x72, 0x61, 0x6c, 0xad, 0xcf, 0x6f, 0x36, 0xb6, 0xc1,
  0xd5, 0x30, 0x31, 0x2e, 0xeb, 0xd9, 0xa0, 0xae, 0x06, 0x08, 0x45, 0xa5,
  0xd4, 0xa5, 0x74, 0x73, 0x2e, 0x6e, 0x65, 0xf4, 0xda, 0x4a, 0x63, 0x64,
  0x6e, 0x37, 0xb7, 0xd7, 0x07, 0xe2, 0x22, 0x07, 0x20, 0x19, 0x40, 0xa4,
  0x05, 0x13, 0x40, 0xaa, 0x0d, 0x41, 0x00, 0x15, 0x19, 0x40, 0x88, 0x13,
  0x41, 0x01, 0x0d, 0x09, 0x40, 0xe3, 0x08, 0x09, 0x0f, 0x42, 0x52, 0x09,
  0x45, 0x23, 0xc8, 0xb0, 0xfa, 0x57, 0x22, 0x40, 0x9d, 0xc2, 0x62, 0xf9,
  0x07, 0x05, 0x03, 0x03, 0x04, 0xda, 0x04, 0x74, 0x6f, 0xed, 0xd4, 0x75,
  0xeb, 0xc7, 0x0e, 0xe7, 0xca, 0xc3, 0x65, 0xee, 0xd0, 0xa4, 0x64, 0x67,
  0x6f, 0x73, 0x7a, 0x63, 0xfa, 0xd4, 0x62, 0xf7, 0x03, 0xd9, 0xf7, 0x63,
  0x6c, 0x6f, 0x75, 0x64, 0x2d, 0x6f, 0x73, 0x2d, 0x69, 0x6e, 0x73, 0x74,
  0x61, 0x6e, 0x63, 0x65, 0x2e, 0xe4, 0xce, 0xde, 0xf5, 0x0d, 0x09, 0x0e,
  0x03, 0x11, 0x18, 0x0b, 0x04, 0x06, 0x2f, 0x05, 0xd7, 0x6b, 0xfa, 0x03,
  0xd6, 0xf1, 0x65, 0x6e, 0xae, 0xcc, 0x0b, 0xf9, 0x03, 0xd9, 0xc7, 0x73,
  0x68, 0xef, 0x03, 0xc7, 0x5a, 0x75, 0xf3, 0xca, 0x55, 0xf4, 0xd9, 0x84,
  0xf3, 0x02, 0x89, 0x69, 0x6e, 0x65, 0x73, 0xf3, 0x58, 0x3b, 0xc1, 0x77,
  0x61, 0x6e, 0xae, 0xd4, 0x29, 0xee, 0x02, 0x84, 0x6b, 0xf9, 0xd1, 0xf9,
  0x67, 0xef, 0x02, 0x88, 0x74, 0x61, 0x6b, 0x61, 0x64, 0xe1, 0xc4, 0x66,
  0x6f, 0x6e, 0xef, 0xc4, 0x61, 0x6d, 0x62, 0x6c, 0x65, 0x73, 0x68, 0x72,
  0x69, 0xed, 0xd8, 0x66, 0x6c, 0xf3, 0xc6, 0x98, 0x6b, 0x68, 0x61, 0xf2,
  0xd7, 0x34, 0x69, 0xec, 0x02, 0x98, 0x74, 0x77, 0x69, 0x74, 0xe8, 0x02,
  0x8c, 0x72, 0x6f, 0x63, 0x6b, 0x65, 0x74, 0x2e, 0x6e, 0x65, 0xf7, 0xd9,
  0x63, 0x64, 0x61, 0xf2, 0xd4, 0xb9, 0xe4, 0x04, 0x0b, 0xd9, 0x50, 0x65,
  0xf2, 0x03, 0xd6, 0x7e, 0x2e, 0x63, 0x6f, 0xe4, 0xd9, 0x49, 0xae, 0xcd,
  0x19, 0x64, 0x65, 0xea, 0xd1, 0x32, 0x62, 0x62, 0x6c, 0x65, 0x61, 0x70,
  0x70, 0xf3, 0xd8, 0x03, 0xf4, 0x56, 0xdb, 0xc2, 0x62, 0xf3, 0x06, 0x09,
  0x56, 0xc7, 0xc2, 0x62, 0x73, 0x2e, 0x64, 0x65, 0x73, 0x69, 0xe7, 0xcb,
  0xe7, 0xe2, 0xd7, 0x92, 0xf2, 0x09, 0x09, 0x0e, 0x31, 0x12, 0x15, 0x2c,
  0xd8, 0x81, 0xf9, 0x02, 0x83, 0xee, 0xd7, 0x3a, 0xe1, 0xd1, 0x30, 0xf5,
  0x02, 0x85, 0x73, 0x73, 0xe5, 0xc2, 0xc0, 0x6d, 0x75, 0x6e, 0xe4, 0xd0,
  0x44, 0xef, 0x05, 0x0f, 0x04, 0x0a, 0x89, 0x77, 0x73, 0x65, 0x72, 0x73,
  0x61, 0x66, 0x65, 0x74, 0x79, 0x6d, 0x61, 0xf2, 0xcd, 0x7d, 0x74, 0xe8,
  0xc1, 0xfc, 0x6e, 0x6e, 0x6f, 0xf9, 0x03, 0xd7, 0x08, 0xf3, 0xd0, 0xa5,
  0x6b, 0xe5, 0x03, 0xc8, 0x1f, 0x2d, 0xe9, 0xca, 0x32, 0x61, 0x64, 0xf7,
  0xd0, 0x74, 0xe9, 0x02, 0x86, 0x6e, 0x64, 0x69, 0xf3, 0xce, 0xbd, 0x64,
  0x67, 0x65, 0x73, 0x74, 0x6f, 0xee, 0xd7, 0x15, 0xe5, 0x02, 0x84, 0x73,
  0xe3, 0xd0, 0x87, 0xed, 0x02, 0x86, 0x65, 0x72, 0x74, 0xef, 0xd6, 0x8b,
  0x61, 0x6e, 0xe7, 0xca, 0xd2, 0xe1, 0x05, 0x0b, 0x09, 0x09, 0x84, 0x7a,
  0x69, 0x6c, 0x73, 0x6f, 0x75, 0x74, 0xe8, 0x49, 0x17, 0x8f, 0x76, 0x65,
  0xae, 0x4c, 0xfd, 0x44, 0xa2, 0xc5, 0xbe, 0x73, 0x69, 0x6c, 0x69, 0x61,
  0x2e, 0xed, 0xd7, 0xf2, 0x6e, 0xe4, 0xc3, 0xe0, 0x64, 0x65, 0xf3, 0xcc,
  0x01, 0xae, 0x56, 0x1f, 0xc1, 0x4d, 0x70, 0x6c, 0x61, 0x63, 0x65, 0x64,
  0xae, 0x57, 0x61, 0x40, 0x49, 0xc0, 0x74, 0xef, 0x13, 0x04, 0x0b, 0x0e,
  0x11, 0x1e, 0x0d, 0x17, 0x0a, 0x05, 0x40, 0x41, 0x03, 0x03, 0x08, 0x03,
  0x0a, 0xd7, 0x80, 0x7a, 0xe5, 0xc5, 0x6e, 0xf9, 0x03, 0xd8, 0x1b, 0x66,
  0x72, 0x69, 0x65, 0xee, 0xd7, 0x1d, 0xf8, 0x04, 0x05, 0xd8, 0x42, 0x66,
  0x75, 0xf3, 0xcc, 0x9d, 0x2e, 0xe3, 0xc4, 0xb8, 0xf5, 0x02, 0x89, 0x74,
  0xe9, 0x03, 0xd7, 0x20, 0x71, 0xf5, 0xd6, 0x85, 0x6e, 0x63, 0xe5, 0xd4,
  0x46, 0xf4, 0x03, 0xd8, 0x29, 0x64, 0xe1, 0x02, 0x92, 0x73, 0x68, 0xae,
  0x08, 0x04, 0x4c, 0x7a, 0x44, 0xa2, 0xc6, 0xa3, 0x78, 0xf9, 0xd4, 0x85,
  0xe7, 0xd4, 0xd8, 0x2e, 0xf3, 0xd7, 0x3a, 0xf3, 0x02, 0x87, 0xf4, 0x03,
  0xc8, 0xf2, 0xe9, 0xd5, 0x32, 0xe3, 0xd5, 0x05, 0xef, 0x05, 0x04, 0x57,
  0xc0, 0xb8, 0x6d, 0xec, 0xcf, 0x33, 0xeb, 0x04, 0x04, 0xd7, 0xef, 0x69,
  0xee, 0xd7, 0xf0, 0x2e, 0xef, 0xc4, 0x36, 0xee, 0x05, 0x44, 0xeb, 0xd0,
  0x64, 0x65, 0xf3, 0xcb, 0x4e, 0xed, 0x4d, 0xe7, 0xc9, 0xf9, 0xec, 0x06,
  0x0e, 0x0a, 0x04, 0x04, 0x8a, 0x7a, 0x61, 0x6e, 0xef, 0x03, 0xd5, 0x6c,
  0x2d, 0x61, 0x6c, 0x74, 0xef, 0xcf, 0x1b, 0x74, 0x2e, 0xe8, 0x03, 0xd6,
  0x8c, 0x6f, 0xf3, 0xd7, 0x6a, 0x6f, 0xe7, 0xcd, 0xc8, 0x69, 0xf6, 0xd4,
  0x8d, 0x65, 0x73, 0x6c, 0x61, 0x77, 0x69, 0x65, 0xe3, 0xd2, 0x12, 0x64,
  0x6c, 0x79, 0x67, 0x6f, 0x69, 0x6e, 0x67, 0x6e, 0x6f, 0x77, 0x68, 0x65,
  0xf2, 0xc0, 0x93, 0xeb, 0xcf, 0xbf, 0xe6, 0xd5, 0xa8, 0x65, 0x68, 0x72,
  0x69, 0x6e, 0xe7, 0xc0, 0x9d, 0xe4, 0xcd, 0x94, 0xe1, 0x03, 0xcb, 0xfc,
  0x76, 0x69, 0x73, 0xf4, 0xcb, 0xff, 0xae, 0x04, 0x06, 0xd5, 0x14, 0x74,
  0x65, 0x6c, 0xe5, 0xca, 0xc9, 0x6e, 0x6f, 0x72, 0xe4, 0xc8, 0x2a, 0xee,
  0x06, 0x05, 0x55, 0x01, 0xc2, 0x62, 0x72, 0x2e, 0xec, 0xc3, 0xdd, 0x70,
  0x70, 0x61, 0x72, 0x69, 0x62, 0xe1, 0xd4, 0x84, 0xed, 0x07, 0x0e, 0x54,
  0x6c, 0x3f, 0xc2, 0x99, 0x6f, 0x61, 0x74, 0x74, 0x61, 0x63, 0x68, 0x6d,
  0x65, 0x6e, 0x74, 0xf3, 0xd4, 0x06, 0xe4, 0xd5, 0xad, 0xec, 0x06, 0x10,
  0x40, 0x5b, 0xd4, 0x6d, 0xf5, 0x02, 0x84, 0x73, 0xe8, 0xd6, 0xfd, 0xe5,
  0x03, 0xd7, 0x2f, 0x62, 0x69, 0xf4, 0xcb, 0x85, 0xef, 0x04, 0x07, 0x26,
  0x89, 0x6f, 0x6d, 0x62, 0x65, 0xf2, 0xd7, 0x1f, 0xe7, 0x05, 0x11, 0x0a,
  0xd6, 0xfd, 0xf3, 0x03, 0x05, 0x83, 0x79, 0x74, 0xe5, 0xd5, 0xfc, 0xf0,
  0xca, 0xef, 0x69, 0x74, 0xe5, 0xd3, 0xc9, 0x64, 0x6e, 0x73, 0xae, 0x53,
  0xc4, 0x42, 0x2b, 0xc0, 0xbd, 0x2e, 0xe2, 0x55, 0x2c, 0xbb, 0x63, 0x6b,
  0x62, 0x75, 0x73, 0x74, 0xe5, 0xd5, 0x5d, 0x62, 0x2e, 0x63, 0x6f, 0x72,
  0x65, 0xae, 0x02, 0x88, 0x77, 0x69, 0x6e, 0x64, 0x6f, 0xf7, 0xd6, 0x87,
  0x75, 0x73, 0x67, 0x6f, 0x76, 0x63, 0x6c, 0x6f, 0x75, 0x64, 0x61, 0x70,
  0xe9, 0xd6, 0x79, 0x61, 0x63, 0xeb, 0x04, 0x06, 0xd6, 0xc2, 0x66, 0x72,
  0x69, 0xe4, 0xce, 0x62, 0x62, 0x61, 0x75, 0x64, 0x63, 0x64, 0xee, 0xd6,
  0x63, 0xea, 0x05, 0x04, 0x06, 0xd6, 0xa9, 0x75, 0xe7, 0xce, 0xd6, 0x65,
  0x72, 0x6b, 0xf2, 0xc7, 0x14, 0xae, 0xd1, 0x36, 0xe9, 0x11, 0x40, 0x59,
  0x10, 0x0f, 0x05, 0x22, 0x03, 0x08, 0x05, 0x21, 0x0d, 0x53, 0x21, 0x34,
  0xc2, 0x62, 0xfa, 0x04, 0x04, 0xd6, 0x8b, 0x65, 0xee, 0xcf, 0x27, 0xae,
  0x19, 0x03, 0x04, 0x03, 0x07, 0x06, 0x07, 0x06, 0x03, 0x03, 0x03, 0x03,
  0x03, 0x4d, 0x1d, 0x43, 0xa2, 0x40, 0x5e, 0x42, 0x18, 0x40, 0x56, 0xc2,
  0x45, 0xfa, 0xd3, 0xaf, 0x77, 0xe6, 0xd6, 0x37, 0xf5, 0xc2, 0xe1, 0xf4,
  0x53, 0xb4, 0x40, 0xaa, 0xc0, 0x74, 0xf0, 0x53, 0x8a, 0x17, 0xc1, 0x2a,
  0xee, 0x53, 0x1c, 0x40, 0xc3, 0xc0, 0xe6, 0xed, 0x51, 0xf4, 0x41, 0xb8,
  0x8d, 0xec, 0xd3, 0x74, 0xeb, 0xd3, 0xcf, 0xe7, 0xd3, 0x47, 0xe5, 0xd4,
  0x3b, 0xe2, 0xc9, 0xd9, 0xe1, 0xd3, 0x5e, 0xf4, 0x02, 0x85, 0x74, 0x65,
  0xf2, 0xd5, 0xfd, 0x62, 0x75, 0x63, 0x6b, 0x65, 0xf4, 0xd4, 0xf0, 0xf2,
  0x03, 0x03, 0x85, 0xeb, 0xd1, 0x10, 0x61, 0x74, 0xef, 0xd4, 0x20, 0xae,
  0xd2, 0x07, 0xef, 0x54, 0x85, 0xc1, 0x96, 0xee, 0x04, 0x18, 0xcd, 0x37,
  0xe8, 0x03, 0x05, 0x87, 0x74, 0x68, 0xf5, 0xc3, 0xa7, 0x70, 0x68, 0x75,
  0x6f, 0xe3, 0xcb, 0xb2, 0xe4, 0x03, 0xc3, 0x86, 0x75, 0xef, 0xcb, 0xa8,
  0xe7, 0x54, 0x2a, 0xc1, 0xcf, 0xeb, 0xd4, 0x45, 0xe8, 0x03, 0xc8, 0x1c,
  0x61, 0xf2, 0xd4, 0x75, 0x66, 0x75, 0xeb, 0xd3, 0xa6, 0xe5, 0x05, 0x04,
  0x07, 0xd3, 0xd4, 0x76, 0xe1, 0xcc, 0x89, 0x73, 0x7a, 0x63, 0x7a, 0xe1,
  0xc0, 0x87, 0xec, 0x03, 0x05, 0x83, 0x73, 0x6b, 0xef, 0xc0, 0xee, 0xec,
  0xcd, 0x95, 0x61, 0xf7, 0xc3, 0x83, 0xe2, 0x04, 0x03, 0xd3, 0x6a, 0xe1,
  0xd3, 0xbe, 0xae, 0x48, 0xa9, 0xcb, 0x7d, 0x61, 0xec, 0x02, 0x87, 0x79,
  0x73, 0x74, 0x6f, 0xeb, 0xd0, 0x13, 0x6f, 0x77, 0x69, 0x65, 0xfa, 0xc3,
  0x64, 0xe8, 0x04, 0x03, 0xd5, 0x9d, 0xfa, 0xd4, 0x09, 0x61, 0x72, 0xf4,
  0xd3, 0x20, 0xe7, 0x03, 0xd5, 0x94, 0xae, 0x4d, 0x8f, 0xc5, 0xa3, 0xe5,
  0x0e, 0x24, 0x11, 0x16, 0x07, 0x0c, 0x23, 0x05, 0x16, 0x08, 0x06, 0x27,
  0xd4, 0xaf, 0xf4, 0x05, 0x0c, 0x0b, 0xd5, 0x63, 0x74, 0x65, 0x72, 0x2d,
  0x74, 0x68, 0x61, 0x6e, 0x2e, 0xf4, 0xc9, 0xd6, 0x61, 0x2e, 0x77, 0x6d,
  0x63, 0x6c, 0x6f, 0x75, 0xe4, 0xd2, 0x25, 0xae, 0x03, 0xd3, 0xca, 0xe1,
  0xd3, 0xca, 0xf3, 0x02, 0x88, 0xf4, 0x03, 0xd5, 0x55, 0x62, 0xf5, 0xd2,
  0xad, 0x6b, 0x69, 0x64, 0xf9, 0xcf, 0xb2, 0xf2, 0x02, 0x89, 0xec, 0x03,
  0xd3, 0xce, 0x65, 0x76, 0xe1, 0xcc, 0xb5, 0xe7, 0x05, 0x42, 0x6e, 0xd0,
  0xee, 0x61, 0xed, 0xd2, 0xd4, 0x70, 0x70, 0x75, 0x2e, 0xef, 0xcd, 0x78,
  0xee, 0x02, 0x85, 0x74, 0x72, 0xe5, 0xca, 0xd6, 0x65, 0xf6, 0xcf, 0xe7,
  0xec, 0x05, 0x0c, 0x0d, 0xc0, 0x74, 0xec, 0x02, 0x83, 0xf5, 0xc7, 0x81,
  0x65, 0x76, 0x75, 0xe5, 0xd2, 0xea, 0x67, 0x69, 0x75, 0x6d, 0x63, 0x65,
  0x6e, 0x74, 0x72, 0x61, 0xec, 0xc5, 0x8c, 0x65, 0xed, 0xd3, 0x6b, 0x69,
  0x61, 0xf2, 0xcd, 0x21, 0x67, 0x65, 0xf4, 0x02, 0x8b, 0x63, 0x64, 0x6e,
  0x2e, 0x63, 0x6c, 0x6f, 0x75, 0xe4, 0xd4, 0xe8, 0x2e, 0x61, 0x70, 0xf0,
  0xd4, 0xe2, 0xe5, 0x03, 0xd3, 0x4c, 0x70, 0xae, 0xc7, 0xe6, 0x64, 0x7a,
  0x69, 0xee, 0xcf, 0x3d, 0xe1, 0x05, 0x04, 0x13, 0xc9, 0x2f, 0x75, 0xf4,
  0xd2, 0x28, 0xf2, 0x04, 0x06, 0xc1, 0x89, 0x62, 0x6c, 0x6f, 0xe7, 0xc9,
  0x26, 0x61, 0x6c, 0x76, 0x61, 0x68, 0xeb, 0xcb, 0x6b, 0x67, 0x6c, 0x65,
  0x62, 0x6f, 0x61, 0x72, 0xe4, 0xd3, 0x74, 0xae, 0xcc, 0xaa, 0xe4, 0x03,
  0xd4, 0xa8, 0x2e, 0xf3, 0xd2, 0xf7, 0xe3, 0x05, 0x53, 0x29, 0xc1, 0x74,
  0xae, 0xcb, 0x53, 0xe2, 0x07, 0x03, 0x52, 0x5d, 0x2b, 0xc2, 0x08, 0xf6,
  0xd2, 0xa3, 0x73, 0xae, 0xc3, 0xae, 0xe1, 0x14, 0x05, 0x05, 0x09, 0x40,
  0x41, 0x41, 0x06, 0x1a, 0x0c, 0x40, 0x4b, 0x04, 0x17, 0x0c, 0x07, 0x21,
  0x1d, 0xd2, 0x40, 0x79, 0x65, 0xf2, 0xd2, 0xff, 0x75, 0x68, 0xe1, 0xce,
  0x8a, 0xf4, 0x02, 0x83, 0xf3, 0xc1, 0x7a, 0xef, 0xc6, 0xad, 0xf3, 0x06,
  0x04, 0x11, 0x07, 0xd1, 0xdf, 0x6b, 0x65, 0xf4, 0x9d, 0xe9, 0x02, 0x86,
  0x6c, 0x69, 0x63, 0xe1, 0xca, 0x32, 0x63, 0x73, 0x65, 0x72, 0x76, 0xe5,
  0xc8, 0x46, 0x68, 0x6b, 0x69, 0x72, 0xe9, 0xd0, 0x27, 0xe5, 0x03, 0x05,
  0x8e, 0x62, 0x61, 0xec, 0xd1, 0x7c, 0x34, 0xb4, 0x03, 0xcd, 0x38, 0x2d,
  0x73, 0x61, 0x6e, 0x64, 0x62, 0xef, 0xc8, 0x2f, 0xae, 0x02, 0xa9, 0x65,
  0xe3, 0xd3, 0xf0, 0xf2, 0x0d, 0x08, 0x40, 0x8b, 0x19, 0x17, 0x0e, 0x06,
  0x06, 0x03, 0x13, 0xd3, 0x22, 0xf5, 0x03, 0xc6, 0x31, 0x65, 0xf2, 0xca,
  0x26, 0x73, 0xf9, 0x03, 0x16, 0x86, 0x6f, 0x6e, 0x6c, 0x69, 0x6e, 0x65,
  0xae, 0x03, 0x02, 0x84, 0xf3, 0xb4, 0x6d, 0xe5, 0xc0, 0x54, 0x63, 0xef,
  0x50, 0x33, 0xc2, 0xb1, 0x63, 0x65, 0x6e, 0xf4, 0xc8, 0x1a, 0xae, 0x10,
  0x16, 0x04, 0x06, 0x0a, 0x0e, 0x08, 0x03, 0x06, 0x0d, 0x43, 0x57, 0x4c,
  0x6c, 0xc3, 0x6b, 0xf3, 0x05, 0x07, 0x05, 0xca, 0x69, 0x75, 0x70, 0x70,
  0x6f, 0xf2, 0xd3, 0x7b, 0x74, 0x6f, 0xf2, 0xd3, 0x31, 0x68, 0xef, 0xd3,
  0x91, 0xf2, 0x53, 0x20, 0xb4, 0xf0, 0x02, 0xb2, 0xf2, 0xd3, 0x4d, 0xef,
  0x03, 0xd0, 0x79, 0x6e, 0x6c, 0x69, 0xee, 0xd3, 0x19, 0xed, 0x02, 0x84,
  0x6f, 0xe2, 0xd3, 0x1f, 0xe5, 0x03, 0xd3, 0x71, 0xee, 0xd2, 0xca, 0xe9,
  0x03, 0xd3, 0x2f, 0xee, 0x32, 0xd3, 0x37, 0xe7, 0xd2, 0xdd, 0x64, 0xe5,
  0x47, 0xfc, 0xcb, 0x65, 0xe3, 0x04, 0x05, 0xcf, 0xc4, 0x6c, 0x75, 0xe2,
  0xd3, 0x55, 0xe1, 0xd3, 0x52, 0xe2, 0xd0, 0x47, 0x72, 0x65, 0xec, 0x02,
  0x81, 0x6c, 0x2d, 0x6f, 0x66, 0x2d, 0x6b, 0x6e, 0x6f, 0x77, 0x6c, 0x65,
  0x64, 0x67, 0x65, 0x2e, 0x69, 0x6e, 0xe6, 0xd2, 0xfb, 0x6c, 0x65, 0x74,
  0x74, 0xe1, 0x02, 0x87, 0x74, 0x72, 0x61, 0x6e, 0xe9, 0xcb, 0x23, 0x2d,
  0x74, 0x72, 0x61, 0x6e, 0x69, 0xad, 0xcb, 0x1a, 0xe9, 0x03, 0xd0, 0xec,
  0x61, 0x2d, 0x76, 0x75, 0x6e, 0x67, 0x74, 0xe1, 0xc0, 0xd6, 0x67, 0x61,
  0x69, 0xee, 0xd0, 0x68, 0x65, 0x66, 0x6f, 0xef, 0xd1, 0x32, 0xe4, 0xcb,
  0x20, 0xe3, 0x02, 0x8b, 0x6c, 0x61, 0xf9, 0x03, 0xd0, 0x54, 0x63, 0x61,
  0xf2, 0xd0, 0x93, 0x65, 0x6c, 0xef, 0xce, 0x9b, 0xae, 0x50, 0xed, 0xc0,
  0x5e, 0xee, 0x03, 0x05, 0x8c, 0xeb, 0x51, 0xa1, 0xc1, 0x77, 0xe4, 0x04,
  0x03, 0xd3, 0x0c, 0xef, 0xc9, 0xc7, 0x61, 0xe9, 0xcb, 0xf8, 0x61, 0x6d,
  0xe5, 0xc9, 0xce, 0x6d, 0xe2, 0x02, 0x83, 0xec, 0xd1, 0x20, 0x69, 0x6e,
  0xe1, 0xd2, 0xc1, 0xec, 0x04, 0x19, 0x11, 0x92, 0xf3, 0x02, 0x83, 0xe6,
  0xce, 0x0a, 0x61, 0xee, 0x03, 0xd0, 0x85, 0x2d, 0x73, 0xf5, 0x02, 0x81,
  0x65, 0x64, 0x74, 0x69, 0x72, 0x6f, 0xec, 0xd0, 0x79, 0xec, 0x02, 0x88,
  0x6f, 0x6f, 0x6e, 0x69, 0x6e, 0xe7, 0xcf, 0x83, 0x61, 0x6e, 0x67, 0xe5,
  0xca, 0xef, 0xe5, 0x02, 0x85, 0x73, 0x74, 0xf2, 0xc3, 0x7c, 0x6e, 0x61,
  0x2d, 0x64, 0x65, 0x76, 0x69, 0xe3, 0xd1, 0x67, 0xe1, 0x03, 0xc9, 0x5e,
  0x73, 0x68, 0x6f, 0xf6, 0xd0, 0x65, 0x6a, 0x64, 0xe4, 0x95, 0xe9, 0x02,
  0x8d, 0x6e, 0x62, 0x72, 0x69, 0x64, 0x67, 0x65, 0x2d, 0x69, 0x73, 0xec,
  0xd0, 0x72, 0xe4, 0x03, 0xd1, 0x5f, 0xe1, 0xc4, 0xb7, 0x68, 0xe3, 0x02,
  0x81, 0x63, 0x61, 0x76, 0x75, 0x6f, 0xf4, 0xc5, 0xa1, 0x64, 0x61, 0x64,
  0x64, 0xea, 0xca, 0xb2, 0xe3, 0x04, 0x06, 0x06, 0x8d, 0x6e, 0x69, 0x6e,
  0xe8, 0xc8, 0x23, 0x6c, 0x69, 0x65, 0xf5, 0xc8, 0x1d, 0xeb, 0x02, 0x86,
  0x64, 0x72, 0x6f, 0xf0, 0xd2, 0x2e, 0x61, 0xee, 0xc8, 0x10, 0xe7, 0xc8,
  0x09, 0xe2, 0x02, 0x91, 0xf9, 0x04, 0x06, 0xd2, 0x4f, 0x6d, 0x69, 0x6c,
  0xeb, 0xd2, 0x19, 0x62, 0x6c, 0x75, 0xe5, 0xd2, 0x13, 0x69, 0x61, 0x2d,
  0x67, 0x6f, 0x72, 0xe1, 0xcc, 0xa7, 0xae, 0x4a, 0x35, 0x03, 0xc5, 0xa6,
  0xae, 0x03, 0xd0, 0x81, 0xe2, 0x50, 0xa1, 0xc1, 0x93, 0x2d, 0x64, 0x61,
  0x74, 0xe1, 0xd0, 0xef, 0xe1, 0x2e, 0x40, 0x72, 0x21, 0x05, 0x40, 0x5c,
  0x2a, 0x41, 0xcf, 0x40, 0xa6, 0x41, 0x27, 0x40, 0xe2, 0x0d, 0x41, 0x75,
  0x36, 0x41, 0x2c, 0x40, 0x9d, 0x40, 0xde, 0x40, 0xb8, 0x03, 0x41, 0xce,
  0x08, 0x40, 0x73, 0x40, 0x69, 0x40, 0x66, 0x40, 0x7d, 0x41, 0x22, 0x40,
  0xa2, 0x29, 0x89, 0xfa, 0x08, 0x40, 0x58, 0x07, 0x4a, 0x48, 0xc7, 0x4b,
  0xf5, 0x03, 0xc0, 0x4e, 0x72, 0xe5, 0x0a, 0x09, 0x04, 0x05, 0x0e, 0x10,
  0x51, 0x50, 0xc0, 0x62, 0x77, 0x65, 0x62, 0x73, 0x69, 0x74, 0x65, 0xf3,
  0xb5, 0x66, 0xe4, 0xd1, 0x7f, 0x65, 0x64, 0xe7, 0xcd, 0xea, 0x63, 0x6f,
  0x6e, 0x74, 0x61, 0x69, 0x6e, 0x65, 0x72, 0x2e, 0x69, 0xef, 0xd1, 0xc0,
  0x2e, 0x64, 0x61, 0x74, 0x61, 0x62, 0x72, 0x69, 0x63, 0x6b, 0x73, 0x61,
  0x70, 0xf0, 0xcd, 0x1e, 0xad, 0x02, 0x87, 0x6d, 0x6f, 0x62, 0x69, 0xec,
  0xcd, 0xc2, 0x61, 0x70, 0x69, 0xae, 0x4f, 0x80, 0xc1, 0xcd, 0x6d, 0x69,
  0x6e, 0xef, 0xce, 0x18, 0x69, 0x6d, 0x75, 0x74, 0xe8, 0xc4, 0x6a, 0x65,
  0x72, 0x62, 0x61, 0x69, 0x6a, 0x61, 0xee, 0xcf, 0x42, 0x79, 0xe1, 0x04,
  0x04, 0x08, 0x87, 0x73, 0xe5, 0xcb, 0xdd, 0x67, 0x61, 0x77, 0x61, 0x2e,
  0xeb, 0xcb, 0xd9, 0x62, 0x65, 0x2e, 0x6b, 0xf9, 0xc8, 0x7d, 0x2e, 0x6d,
  0x69, 0x79, 0x61, 0xfa, 0xc8, 0x28, 0xf8, 0x4f, 0x78, 0xc1, 0xef, 0xf7,
  0x06, 0x40, 0x49, 0x08, 0xd1, 0x0b, 0xf3, 0x06, 0x12, 0x0e, 0x0d, 0xd1,
  0x28, 0x67, 0x6c, 0x6f, 0x62, 0x61, 0x6c, 0x61, 0x63, 0x63, 0x65, 0x6c,
  0x65, 0x72, 0x61, 0x74, 0xef, 0xd0, 0x2f, 0x61, 0x70, 0xf0, 0x03, 0xd0,
  0x23, 0x72, 0x75, 0x6e, 0x6e, 0x65, 0xf2, 0xd1, 0x2f, 0x2e, 0x64, 0x61,
  0x74, 0x61, 0x62, 0x72, 0x69, 0x63, 0x6b, 0xf3, 0xc0, 0x77, 0x2d, 0x67,
  0x6f, 0x76, 0x2e, 0x64, 0x61, 0x74, 0x61, 0x62, 0x72, 0x69, 0x63, 0x6b,
  0x73, 0x61, 0x70, 0x70, 0xf3, 0xce, 0xf0, 0x64, 0x65, 0x76, 0x2e, 0x63,
  0xe1, 0xd1, 0x09, 0x61, 0xea, 0xcb, 0x4e, 0xf6, 0x03, 0x14, 0x8b, 0xef,
  0x02, 0x86, 0x75, 0x65, 0x73, 0xae, 0xc2, 0xe0, 0x63, 0x61, 0xf4, 0x03,
  0xc4, 0x59, 0xae, 0x4f, 0x1d, 0xc1, 0x18, 0xe5, 0x02, 0x83, 0xf2, 0xc3,
  0x07, 0x6c, 0x6c, 0xe9, 0xc3, 0x4f, 0xae, 0x03, 0xce, 0x7f, 0xf4, 0xcf,
  0x4b, 0xf5, 0x0d, 0x41, 0x29, 0x40, 0x53, 0x10, 0x04, 0x0e, 0x08, 0x10,
  0x06, 0xcf, 0x13, 0xf4, 0x02, 0x87, 0xef, 0x4b, 0x30, 0x42, 0xc3, 0xc2,
  0xd8, 0xe8, 0x05, 0x06, 0x15, 0xc0, 0xc6, 0x6f, 0xf2, 0x4d, 0x70, 0xc3,
  0x4d, 0x67, 0x65, 0x61, 0xf2, 0x02, 0x85, 0x61, 0x70, 0xf0, 0xcf, 0x96,
  0x2d, 0x73, 0x74, 0x61, 0x67, 0x69, 0x6e, 0xe7, 0xcf, 0x91, 0xae, 0x08,
  0x06, 0x05, 0x0b, 0x05, 0x20, 0xc0, 0x43, 0x75, 0x73, 0xad, 0x40, 0xc6,
  0x92, 0x73, 0x61, 0xad, 0xc0, 0xcc, 0xed, 0x02, 0x82, 0xf8, 0x89, 0x65,
  0xad, 0x40, 0x63, 0xc0, 0x42, 0x69, 0x6c, 0xad, 0xc0, 0x5c, 0x65, 0x75,
  0xad, 0x04, 0x04, 0x07, 0x85, 0x77, 0xe5, 0xc0, 0x89, 0x73, 0x6f, 0x75,
  0x74, 0xe8, 0xc0, 0xb4, 0x6e, 0x6f, 0xf2, 0xc0, 0x8a, 0x63, 0x65, 0x6e,
  0x74, 0x72, 0x61, 0xec, 0xc0, 0xa6, 0xe3, 0x02, 0xb2, 0x6f, 0x67, 0x6e,
  0x69, 0x74, 0x6f, 0x2d, 0x69, 0x64, 0x70, 0x2e, 0x65, 0x75, 0x73, 0x63,
  0x2d, 0x64, 0x65, 0x2d, 0x65, 0x61, 0x73, 0x74, 0x2d, 0x31, 0x2e, 0x6f,
  0x6e, 0x2e, 0x61, 0x6d, 0x61, 0x7a, 0x6f, 0x6e, 0x77, 0x65, 0x62, 0x73,
  0x65, 0x72, 0x76, 0x69, 0x63, 0x65, 0x73, 0x2e, 0xe5, 0xcf, 0x52, 0x61,
  0xad, 0x03, 0xc0, 0x5d, 0x63, 0x65, 0x6e, 0x74, 0x72, 0x61, 0xec, 0xc0,
  0x5d, 0xe1, 0x02, 0xb4, 0x70, 0xad, 0x03, 0x20, 0xb5, 0x73, 0x6f, 0x75,
  0x74, 0xe8, 0x03, 0xc0, 0x51, 0x65, 0x61, 0x73, 0x74, 0xad, 0x07, 0x03,
  0x03, 0x03, 0x10, 0x2f, 0x82, 0xb7, 0xc0, 0x4a, 0xb6, 0xc0, 0x47, 0xb5,
  0xc0, 0x44, 0xb4, 0xc0, 0x41, 0x6e, 0x6f, 0x72, 0x74, 0x68, 0x65, 0x61,
  0x73, 0x74, 0xad, 0x03, 0x2f, 0x82, 0xb3, 0xb1, 0x66, 0x2d, 0x73, 0x6f,
  0x75, 0x74, 0xe8, 0x9d, 0x2d, 0x66, 0x69, 0x70, 0x73, 0x2e, 0x75, 0x73,
  0xad, 0x03, 0x03, 0x8f, 0x77, 0xe5, 0x92, 0x67, 0x6f, 0x76, 0xad, 0x02,
  0x83, 0x77, 0xe5, 0x83, 0x65, 0x61, 0x73, 0x74, 0xad, 0x8a, 0x65, 0x61,
  0x73, 0x74, 0xad, 0x02, 0x82, 0xb2, 0x82, 0x31, 0x2e, 0x61, 0x6d, 0x61,
  0x7a, 0x6f, 0x6e, 0x63, 0x6f, 0x67, 0x6e, 0x69, 0x74, 0xef, 0xce, 0x93,
  0xf3, 0x03, 0x3e, 0x85, 0xf4, 0x02, 0xb8, 0xf2, 0x03, 0x03, 0x84, 0x69,
  0xe1, 0x91, 0x68, 0xe5, 0xc1, 0xb5, 0x61, 0x6c, 0x69, 0xe1, 0x03, 0x05,
  0x85, 0x73, 0x6f, 0x75, 0x74, 0x68, 0x65, 0x61, 0x73, 0xf4, 0x8b, 0x63,
  0x65, 0x6e, 0x74, 0x72, 0x61, 0xec, 0x02, 0x81, 0x32, 0x2d, 0x30, 0x31,
  0x2e, 0x61, 0x7a, 0x75, 0x72, 0x65, 0x77, 0x65, 0x62, 0x73, 0x69, 0x74,
  0xe5, 0xcf, 0x10, 0xe5, 0xc1, 0x7d, 0x70, 0x6f, 0xf3, 0xcd, 0x59, 0x2e,
  0x62, 0x61, 0x73, 0x6b, 0x65, 0x74, 0x62, 0x61, 0xec, 0xce, 0x76, 0xf2,
  0x04, 0x07, 0xcd, 0x69, 0x73, 0x6b, 0x6f, 0x67, 0x2d, 0x68, 0x6f, 0x6c,
  0xe1, 0xc7, 0x07, 0x6b, 0xf2, 0xc7, 0x73, 0x69, 0x75, 0x73, 0x65, 0x72,
  0x63, 0x6f, 0x6e, 0x74, 0x65, 0x6e, 0xf4, 0xcf, 0x2b, 0x67, 0x75, 0x73,
  0x74, 0x6f, 0xf7, 0xc9, 0x90, 0xe4, 0x02, 0x84, 0x6e, 0xe5, 0xc6, 0x61,
  0xe9, 0x05, 0x4d, 0x4d, 0xc1, 0xcf, 0xe2, 0xcc, 0xc9, 0x63, 0x74, 0x69,
  0xef, 0xcd, 0xa0, 0xae, 0x43, 0x99, 0xc3, 0x75, 0xf4, 0x0b, 0x07, 0x0b,
  0x03, 0x09, 0x3e, 0x09, 0x04, 0x25, 0xce, 0x74, 0x74, 0x6f, 0x72, 0x6e,
  0xe5, 0xcc, 0x57, 0x73, 0xf5, 0x02, 0x83, 0xed, 0xcc, 0xb5, 0x67, 0xe9,
  0xc9, 0x4e, 0xef, 0xcd, 0x59, 0xed, 0x03, 0xc9, 0x4e, 0x65, 0x74, 0xe1,
  0xcd, 0xd1, 0xec, 0x02, 0xa7, 0x61, 0x73, 0x73, 0x69, 0x61, 0x6e, 0xad,
  0x02, 0x8d, 0x69, 0x73, 0x6f, 0x6c, 0x61, 0x74, 0x65, 0x64, 0x2d, 0x33,
  0xf0, 0xce, 0xc5, 0x33, 0xf0, 0x03, 0xce, 0xbe, 0x2d, 0x75, 0x73, 0x2d,
  0x67, 0x6f, 0x76, 0x2d, 0x6d, 0xef, 0xc7, 0xbe, 0x2e, 0x6a, 0x65, 0x6c,
  0x61, 0x73, 0x74, 0x69, 0x63, 0x2e, 0x76, 0x70, 0x73, 0x2d, 0x68, 0x6f,
  0x73, 0xf4, 0xce, 0x50, 0xe8, 0x03, 0xc0, 0x9c, 0x6c, 0x65, 0xf4, 0xcc,
  0xb0, 0x61, 0xed, 0xc2, 0x2a, 0xae, 0x04, 0x14, 0xcc, 0x1f, 0x70, 0xec,
  0x02, 0x86, 0x79, 0x2e, 0x67, 0xe7, 0xce, 0x88, 0x61, 0x79, 0x69, 0x74,
  0x2e, 0x70, 0x6c, 0xf5, 0xca, 0x77, 0xe5, 0x03, 0xc6, 0x79, 0x6d, 0x66,
  0x2e, 0x63, 0x61, 0xed, 0xce, 0x40, 0x2d, 0x62, 0x61, 0x6e, 0x64, 0x2d,
  0x63, 0x61, 0x6d, 0xf0, 0xce, 0x12, 0xf3, 0x12, 0x05, 0x03, 0x40, 0x54,
  0x0b, 0x15, 0x03, 0x2d, 0x04, 0x03, 0x0e, 0x40, 0x48, 0x40, 0xc6, 0xcc,
  0x86, 0x75, 0x6b, 0xe5, 0xc7, 0x6a, 0xf4, 0xc4, 0x3f, 0xf3, 0x06, 0x04,
  0x2f, 0x05, 0x0d, 0x84, 0x75, 0xf2, 0xc1, 0xaa, 0xef, 0x02, 0x8a, 0x63,
  0x69, 0x61, 0xf4, 0x03, 0xca, 0xe8, 0xe5, 0xcb, 0x5f, 0xae, 0x0d, 0x03,
  0x05, 0x03, 0x03, 0x03, 0x1a, 0x45, 0xf8, 0x44, 0x0a, 0xc0, 0xc3, 0xee,
  0xcb, 0xf3, 0xed, 0x4b, 0x65, 0xc0, 0x8b, 0xe7, 0xcc, 0x39, 0xe6, 0xcc,
  0x87, 0xe4, 0xcb, 0x39, 0xe3, 0xcb, 0x9b, 0x6e, 0x2e, 0xec, 0xcb, 0x3b,
  0x65, 0x73, 0x73, 0x6d, 0x65, 0x6e, 0x74, 0x73, 0x2e, 0x63, 0xf8, 0xcd,
  0xce, 0x61, 0xe2, 0xc8, 0x6b, 0x2e, 0xeb, 0xcb, 0x3a, 0xee, 0x03, 0xc8,
  0xe1, 0xae, 0x03, 0xca, 0x68, 0xec, 0xc9, 0x92, 0xeb, 0x04, 0x05, 0x03,
  0x84, 0x76, 0x6f, 0xec, 0xc5, 0x25, 0xef, 0xc3, 0xd9, 0x69, 0xed, 0xcc,
  0x02, 0x65, 0xf2, 0xcb, 0xfe, 0xe9, 0xcb, 0xe9, 0xe8, 0x03, 0x05, 0x9d,
  0x6f, 0x72, 0xef, 0xcb, 0xd0, 0xe9, 0x04, 0x0b, 0xc8, 0x25, 0x79, 0x61,
  0xae, 0x03, 0xc8, 0x09, 0x66, 0x75, 0xeb, 0xc1, 0x54, 0x6b, 0x61, 0x67,
  0x61, 0x2e, 0x74, 0x6f, 0x63, 0x68, 0x69, 0xe7, 0xcb, 0x44, 0x67, 0x61,
  0x62, 0x61, 0xe4, 0xcb, 0x62, 0x65, 0xf2, 0xc4, 0xe5, 0xe4, 0xcb, 0xb5,
  0x63, 0x6f, 0x6c, 0xe9, 0x02, 0x81, 0x2d, 0x70, 0x69, 0x63, 0x65, 0xee,
  0xcb, 0x33, 0xe1, 0x04, 0x0c, 0x13, 0xa1, 0x6d, 0x69, 0x6e, 0x61, 0x6d,
  0x69, 0x2e, 0x68, 0x69, 0xf2, 0xc5, 0x98, 0xeb, 0x02, 0x86, 0x75, 0x63,
  0x68, 0xe9, 0xc6, 0x16, 0xe1, 0x02, 0x84, 0x77, 0xe1, 0xc6, 0x63, 0xae,
  0xc0, 0xfb, 0x68, 0xe9, 0x02, 0x85, 0x6b, 0x61, 0xf7, 0xcb, 0x28, 0xae,
  0x09, 0x06, 0x04, 0x44, 0x0d, 0x45, 0xc3, 0xc1, 0x48, 0x79, 0x61, 0x6d,
  0xe1, 0xc8, 0x53, 0x74, 0xef, 0xc5, 0xf3, 0x6d, 0xe9, 0xc7, 0xa6, 0xe7,
  0xc5, 0x76, 0xae, 0x03, 0xc7, 0x63, 0x73, 0x68, 0x2e, 0x63, 0xee, 0xcd,
  0x0e, 0xf2, 0x11, 0x11, 0x31, 0x07, 0x03, 0x08, 0x09, 0x1c, 0x0e, 0x1c,
  0x28, 0x43, 0xa1, 0x46, 0x6e, 0xc2, 0x55, 0xf6, 0x02, 0x84, 0x6f, 0xae,
  0xc8, 0xe2, 0x61, 0x6e, 0x65, 0x64, 0x67, 0x65, 0x2e, 0xe9, 0xcc, 0x63,
  0xf4, 0x05, 0x0d, 0x05, 0xcd, 0x06, 0x73, 0xae, 0x04, 0x03, 0xcb, 0x3a,
  0xf6, 0xcb, 0x62, 0x6e, 0xe6, 0xcd, 0x0d, 0xe5, 0x49, 0xe2, 0xc3, 0x28,
  0xae, 0x0a, 0x03, 0x03, 0x03, 0x48, 0xf8, 0x41, 0xc6, 0xc0, 0x9f, 0xf3,
  0xcb, 0x85, 0xf0, 0xcc, 0x18, 0xed, 0xca, 0x36, 0xe4, 0x4a, 0x12, 0xc1,
  0x10, 0xf1, 0x03, 0xcb, 0x53, 0xf4, 0xca, 0xb3, 0xee, 0xc5, 0x17, 0xed,
  0x03, 0xca, 0x39, 0x65, 0xee, 0xca, 0x92, 0x6b, 0x68, 0x61, 0x6e, 0x67,
  0x65, 0xec, 0xc4, 0xf0, 0xe9, 0x03, 0x03, 0x8d, 0x74, 0xe1, 0x91, 0x64,
  0xe1, 0x02, 0x84, 0x67, 0x61, 0x77, 0x61, 0x2e, 0x77, 0xe1, 0xc5, 0x5c,
  0x61, 0x6b, 0x65, 0x2e, 0x73, 0xe1, 0xc5, 0xcb, 0xe5, 0x04, 0x03, 0xca,
  0x49, 0xee, 0xc3, 0xed, 0x6d, 0x61, 0x72, 0xeb, 0xca, 0xcd, 0x63, 0xe8,
  0x02, 0x8d, 0xe9, 0x03, 0xcc, 0xa0, 0x74, 0x65, 0x63, 0x74, 0x65, 0x73,
  0xae, 0xc7, 0xb2, 0x65, 0x72, 0x2e, 0x72, 0x65, 0x70, 0x6c, 0x69, 0xf4,
  0xc0, 0xf1, 0xe1, 0x05, 0x03, 0x04, 0x0e, 0x8a, 0xef, 0xc3, 0x8a, 0x6d,
  0xe3, 0xca, 0xb2, 0x6b, 0x61, 0x77, 0x61, 0xae, 0x03, 0xc8, 0xbd, 0x73,
  0x61, 0x69, 0xf4, 0xc5, 0x12, 0x69, 0x2e, 0x73, 0x68, 0x69, 0x7a, 0x75,
  0xef, 0xca, 0x4e, 0xe2, 0xcc, 0x66, 0xae, 0x46, 0x7e, 0xc3, 0x84, 0xf1,
  0x05, 0x49, 0xf7, 0xc2, 0x62, 0x75, 0x61, 0x72, 0x65, 0xec, 0xca, 0x02,
  0xf0, 0x06, 0x40, 0x9f, 0x1a, 0x12, 0x96, 0xf0, 0x0a, 0x15, 0x05, 0x34,
  0x07, 0x07, 0x07, 0x24, 0xcb, 0xb9, 0x77, 0x72, 0x69, 0x74, 0x65, 0xae,
  0x04, 0x04, 0xc7, 0xea, 0x72, 0xf5, 0xc5, 0xef, 0x67, 0x6c, 0x6f, 0x62,
  0xe1, 0xcb, 0x4e, 0x75, 0x64, 0xef, 0xcb, 0xd0, 0xf3, 0x03, 0x18, 0x90,
  0xf0, 0x02, 0x82, 0xef, 0x91, 0x61, 0x63, 0xe5, 0x03, 0xca, 0x55, 0x75,
  0x73, 0x65, 0x72, 0x63, 0x6f, 0x6e, 0x74, 0x65, 0x6e, 0xf4, 0xca, 0xf7,
  0xae, 0x02, 0x86, 0x6c, 0x61, 0x69, 0xf2, 0xca, 0xc6, 0x66, 0x62, 0x73,
  0x62, 0xf8, 0xca, 0xe7, 0x2d, 0x31, 0x61, 0x6e, 0x64, 0xb1, 0xc8, 0x20,
  0xec, 0x03, 0xca, 0x3f, 0x69, 0xee, 0x8b, 0x65, 0x6e, 0x67, 0x69, 0xee,
  0xc3, 0x64, 0x63, 0x68, 0x69, 0x7a, 0xe9, 0xca, 0xca, 0xae, 0x04, 0x07,
  0xca, 0x3c, 0x72, 0x65, 0x6e, 0x64, 0xe5, 0xca, 0xbd, 0x6f, 0x73, 0xae,
  0x02, 0x84, 0x73, 0x74, 0x67, 0x2e, 0x66, 0x65, 0x64, 0x6f, 0x72, 0x61,
  0x70, 0x72, 0x6f, 0x6a, 0x65, 0x63, 0xf4, 0xc8, 0x7b, 0x2d, 0x69, 0x6f,
  0x6e, 0x6f, 0x73, 0x2e, 0x73, 0x70, 0x61, 0xe3, 0xcb, 0x14, 0xe9, 0x02,
  0x85, 0x67, 0x65, 0xe5, 0xca, 0x69, 0xae, 0x04, 0x08, 0xca, 0x02, 0x6c,
  0x70, 0x2e, 0x64, 0x65, 0xf6, 0xcb, 0x64, 0x67, 0x6f, 0xf6, 0xc7, 0xd1,
  0x61, 0xf2, 0x02, 0x87, 0x74, 0x6d, 0x65, 0x6e, 0xf4, 0xc8, 0xb1, 0x65,
  0x63, 0x69, 0x64, 0xe1, 0xc9, 0xec, 0xae, 0x06, 0x07, 0x43, 0x68, 0xc5,
  0xa9, 0x6e, 0x67, 0x72, 0x6f, 0xeb, 0xca, 0x37, 0x67, 0x6f, 0x76, 0xae,
  0x46, 0x24, 0xc3, 0xb5, 0xad, 0x03, 0x39, 0xaa, 0x73, 0x6f, 0x75, 0x74,
  0xe8, 0x02, 0x9d, 0x65, 0x61, 0x73, 0x74, 0xad, 0x07, 0x03, 0x05, 0x03,
  0x03, 0x2a, 0xa3, 0xb7, 0xc6, 0x92, 0x36, 0xae, 0x46, 0x92, 0x84, 0xb5,
  0xc0, 0x53, 0xb4, 0xc6, 0x87, 0xb3, 0xc0, 0x4d, 0xad, 0x02, 0x86, 0x32,
  0xae, 0x0c, 0x46, 0x79, 0x92, 0x31, 0xae, 0x06, 0x40, 0x40, 0x46, 0x39,
  0x92, 0xf2, 0x1b, 0xc6, 0x5a, 0x6e, 0x6f, 0x72, 0x74, 0xe8, 0x02, 0x8d,
  0x65, 0x61, 0x73, 0x74, 0xad, 0x03, 0x03, 0xa3, 0xb3, 0xc6, 0x5d, 0xb2,
  0xa3, 0x2d, 0x31, 0x2e, 0x72, 0x2e, 0x63, 0x6c, 0x6f, 0x75, 0x64, 0x2e,
  0x69, 0x6e, 0x74, 0x2e, 0x61, 0x70, 0x70, 0x6c, 0xe5, 0xcb, 0x01, 0x65,
  0x61, 0x73, 0x74, 0xad, 0x02, 0x84, 0x32, 0xae, 0xc6, 0x3e, 0x31, 0xae,
  0x05, 0x46, 0x35, 0x04, 0x92, 0x63, 0x73, 0x2e, 0x61, 0x6d, 0x61, 0x7a,
  0x6f, 0x6e, 0x6c, 0x69, 0x67, 0x68, 0x74, 0x73, 0x61, 0x69, 0xec, 0xca,
  0xd7, 0xef, 0x0a, 0x13, 0x0f, 0x03, 0x47, 0xef, 0x40, 0x5c, 0xc2, 0x62,
  0x73, 0xf4, 0x03, 0xc2, 0x23, 0xe1, 0x04, 0x01, 0xc8, 0x65, 0x2d, 0x76,
  0x61, 0x6c, 0x6c, 0x65, 0xf9, 0xc8, 0x5f, 0x6d, 0x6f, 0x72, 0x69, 0xae,
  0x03, 0xc8, 0xc2, 0x61, 0x6f, 0x6d, 0x6f, 0xf2, 0xc8, 0x44, 0xeb, 0xc7,
  0x2a, 0x67, 0xe1, 0x41, 0xbe, 0xc1, 0x38, 0xee, 0x0e, 0x10, 0x04, 0x0c,
  0x17, 0x04, 0x0e, 0x40, 0x5a, 0x05, 0x47, 0x11, 0xc0, 0x7d, 0x74, 0x61,
  0x67, 0x6f, 0x6e, 0x69, 0x73, 0x74, 0x2e, 0x63, 0x6c, 0x6f, 0x75, 0xe4,
  0xca, 0x55, 0x71, 0xf5, 0xc5, 0x87, 0x70, 0x61, 0x63, 0x68, 0x69, 0x2e,
  0x67, 0x69, 0x66, 0xf5, 0xc8, 0x84, 0xee, 0x02, 0x89, 0x61, 0x6b, 0x61,
  0x2e, 0x67, 0x75, 0xee, 0xc3, 0x64, 0x2d, 0x61, 0x72, 0x62, 0x6f, 0x72,
  0x2e, 0x6d, 0xe9, 0xc3, 0x18, 0x6a, 0xef, 0xc3, 0x77, 0xe7, 0x02, 0x84,
  0x72, 0xf9, 0xca, 0x20, 0x69, 0x61, 0x6e, 0x67, 0xae, 0xc7, 0x48, 0xe4,
  0x04, 0x3d, 0x0c, 0x84, 0xf2, 0x02, 0x84, 0x6f, 0xe9, 0xc7, 0xaf, 0x69,
  0xe1, 0x03, 0x06, 0x89, 0x74, 0x72, 0x61, 0x6e, 0xe9, 0x93, 0x62, 0x61,
  0x72, 0x6c, 0x65, 0x74, 0x74, 0xe1, 0x9c, 0xad, 0x02, 0x8f, 0x74, 0x72,
  0x61, 0x6e, 0x69, 0x2d, 0x62, 0x61, 0x72, 0x6c, 0x65, 0x74, 0xf4, 0xc1,
  0xea, 0x62, 0x61, 0x72, 0x6c, 0x65, 0x74, 0x74, 0x61, 0x2d, 0x74, 0x72,
  0x61, 0x6e, 0xe9, 0xc7, 0xad, 0xef, 0x02, 0x83, 0xf9, 0xc8, 0x2c, 0x2e,
  0x6e, 0x61, 0xf2, 0xc7, 0xe9, 0x65, 0xe2, 0xc1, 0xe8, 0x61, 0x73, 0x75,
  0x6f, 0x6c, 0xef, 0xc8, 0x1a, 0x63, 0x6f, 0xee, 0xc1, 0xbd, 0xe1, 0x03,
  0x0b, 0x8c, 0xee, 0x02, 0x83, 0xe9, 0xc8, 0x52, 0xae, 0x42, 0xcb, 0xc3,
  0x97, 0x6d, 0x69, 0x7a, 0x75, 0x2e, 0x69, 0x73, 0x68, 0x69, 0xeb, 0xc4,
  0x7a, 0x6c, 0x79, 0x74, 0x69, 0x63, 0xf3, 0x03, 0xc9, 0xcc, 0x2d, 0x67,
  0x61, 0x74, 0x65, 0x77, 0x61, 0x79, 0xae, 0x03, 0x0b, 0x92, 0x75, 0x73,
  0xad, 0x02, 0xab, 0x77, 0x65, 0x73, 0x74, 0xad, 0xad, 0x65, 0x75, 0xad,
  0x02, 0x85, 0x77, 0x65, 0x73, 0xf4, 0x95, 0x63, 0x65, 0x6e, 0x74, 0x72,
  0x61, 0xec, 0x8d, 0x61, 0x70, 0xad, 0x02, 0x89, 0x73, 0x6f, 0x75, 0x74,
  0xe8, 0x02, 0x87, 0xad, 0x8f, 0x6e, 0x6f, 0x72, 0x74, 0x68, 0x65, 0x61,
  0x73, 0x74, 0xad, 0x02, 0x82, 0xb2, 0x82, 0x31, 0x2e, 0x61, 0x6d, 0x61,
  0x7a, 0x6f, 0x6e, 0x61, 0xf7, 0xc8, 0x63, 0xed, 0x0c, 0x12, 0x07, 0x04,
  0x04, 0x0f, 0x04, 0x1c, 0x04, 0x35, 0xc8, 0xe5, 0xf3, 0x02, 0x85, 0x74,
  0x65, 0x72, 0xe4, 0xaa, 0x2e, 0x73, 0x63, 0x77, 0x2e, 0x73, 0x69, 0xf4,
  0xc8, 0xc4, 0x70, 0x6c, 0x69, 0x66, 0xf9, 0xc8, 0x33, 0x6f, 0xf4, 0xc7,
  0x76, 0x6c, 0xe9, 0xc7, 0x72, 0xe9, 0x02, 0x83, 0xe3, 0xc7, 0x5a, 0x2e,
  0x69, 0x62, 0x61, 0x72, 0x61, 0xeb, 0xc6, 0xd2, 0x66, 0xe1, 0xc6, 0x7b,
  0xe5, 0x02, 0x83, 0xf8, 0xc9, 0x36, 0x72, 0x69, 0x63, 0x61, 0xee, 0x02,
  0x87, 0x66, 0x61, 0x6d, 0x69, 0xec, 0xc6, 0x82, 0x65, 0x78, 0x70, 0x72,
  0x65, 0xf3, 0xc6, 0x48, 0x62, 0xf5, 0xc3, 0x55, 0xe1, 0x05, 0x11, 0x04,
  0x0e, 0x87, 0x7a, 0x6f, 0xee, 0x03, 0xc9, 0x0e, 0x6c, 0x69, 0x67, 0x68,
  0x74, 0x73, 0x61, 0x69, 0xec, 0xc7, 0xf0, 0x6d, 0xe9, 0xc1, 0x10, 0x6b,
  0x75, 0x73, 0x61, 0x2e, 0x6b, 0x75, 0x6d, 0x61, 0x6d, 0x6f, 0xf4, 0xc6,
  0xfc, 0x67, 0x61, 0x73, 0x61, 0xeb, 0xc3, 0x31, 0xae, 0x41, 0x8e, 0xc0,
  0x74, 0xae, 0x40, 0xda, 0x03, 0x46, 0x72, 0x9f, 0xec, 0x0f, 0x0a, 0x06,
  0x06, 0x1f, 0x13, 0x0d, 0x12, 0x20, 0x04, 0x11, 0x0d, 0x11, 0xc8, 0x14,
  0x77, 0x61, 0x79, 0x73, 0x64, 0x61, 0x74, 0xe1, 0xc8, 0x6e, 0x76, 0x64,
  0x61, 0xec, 0xc6, 0xe3, 0x75, 0x6d, 0x6e, 0xe9, 0xc7, 0x43, 0xf4, 0x05,
  0x0b, 0x09, 0xc0, 0xd0, 0xef, 0x02, 0x81, 0x2d, 0x61, 0x64, 0x69, 0x67,
  0xe5, 0xc6, 0x47, 0x65, 0x72, 0x76, 0x69, 0x73, 0x74, 0xe1, 0xc5, 0x60,
  0xae, 0x43, 0x67, 0xc0, 0xad, 0xf3, 0x02, 0x8d, 0xf4, 0x02, 0x83, 0xef,
  0xc5, 0xd1, 0x61, 0x68, 0x61, 0x75, 0xe7, 0xc6, 0xae, 0xe1, 0xc1, 0xc9,
  0x70, 0x31, 0x2e, 0x61, 0x65, 0x2e, 0x66, 0x6c, 0x6f, 0x77, 0xae, 0xc7,
  0xa3, 0xec, 0x04, 0x06, 0xc5, 0xc8, 0x73, 0x74, 0x61, 0xf4, 0xc6, 0xc1,
  0x66, 0x69, 0x6e, 0x61, 0xee, 0xc5, 0x8a, 0xe9, 0x03, 0x04, 0x8f, 0x70,
  0xe1, 0xc5, 0xbb, 0x62, 0x61, 0x62, 0xe1, 0x03, 0xc8, 0x58, 0x63, 0x6c,
  0x6f, 0x75, 0x64, 0xe3, 0xc7, 0x38, 0x61, 0x73, 0x65, 0x73, 0x31, 0x32,
  0xb1, 0xc7, 0x34, 0x67, 0xe1, 0xc3, 0x63, 0x65, 0xf3, 0x02, 0x84, 0x75,
  0xee, 0xc3, 0x5c, 0x73, 0x61, 0x6e, 0x64, 0x72, 0x69, 0xe1, 0xc5, 0xd2,
  0x63, 0x65, 0x73, 0x2e, 0x6e, 0x65, 0x74, 0x77, 0x6f, 0x72, 0xeb, 0xc8,
  0x23, 0xe1, 0x02, 0x86, 0x6e, 0x64, 0x2e, 0xe6, 0xc5, 0xa4, 0x68, 0x65,
  0x61, 0x64, 0x6a, 0xf5, 0xc6, 0x39, 0xae, 0x09, 0x03, 0x03, 0x42, 0x1f,
  0x43, 0x84, 0xc0, 0x91, 0xec, 0xc5, 0x37, 0xe7, 0xc5, 0x4f, 0x65, 0xf5,
  0xc4, 0xc2, 0xeb, 0x0b, 0x0a, 0x0a, 0x08, 0x03, 0x0a, 0x06, 0x22, 0x03,
  0xc0, 0x55, 0x75, 0x6e, 0x65, 0x2e, 0x6b, 0x61, 0x67, 0xef, 0xc0, 0xdf,
  0x74, 0x79, 0x75, 0x62, 0x69, 0x6e, 0x73, 0xeb, 0xc5, 0x99, 0x72, 0x65,
  0x68, 0x61, 0x6d, 0xee, 0xc5, 0xfd, 0xef, 0xc2, 0x1d, 0x6e, 0x6f, 0x6c,
  0x75, 0x6f, 0x6b, 0x74, 0xe1, 0xc5, 0xf0, 0x6b, 0x65, 0x73, 0xe8, 0xc5,
  0xc7, 0xe9, 0x04, 0x0b, 0x07, 0x86, 0x74, 0x61, 0xae, 0x03, 0xc5, 0xc5,
  0x61, 0x6b, 0xe9, 0xc2, 0xb3, 0x73, 0x68, 0x69, 0x6d, 0xe1, 0xc3, 0xf5,
  0x72, 0x75, 0x6e, 0xef, 0xc3, 0xef, 0x2e, 0x6b, 0xef, 0xc5, 0x35, 0xe4,
  0xc6, 0x2d, 0xe1, 0x06, 0x04, 0x2c, 0x0b, 0x0b, 0x84, 0x73, 0xe8, 0xc1,
  0xdc, 0x6d, 0x61, 0xe9, 0x07, 0x03, 0x09, 0x05, 0x07, 0xc7, 0x1b, 0x7a,
  0xe5, 0x8b, 0x6f, 0x72, 0x69, 0x67, 0x69, 0xee, 0x0f, 0xc7, 0x1b, 0x68,
  0xe4, 0x0a, 0xc7, 0x1b, 0x65, 0x64, 0x67, 0xe5, 0x03, 0xc7, 0x1b, 0x2d,
  0x73, 0x74, 0x61, 0x67, 0x69, 0x6e, 0xe7, 0xc7, 0x13, 0x69, 0x77, 0x61,
  0x2e, 0x6f, 0x6b, 0x61, 0x79, 0xe1, 0xc0, 0x56, 0x67, 0x69, 0x2e, 0x73,
  0x68, 0x69, 0x6d, 0x61, 0xee, 0xc1, 0xaa, 0x64, 0xee, 0xc6, 0xf8, 0x62,
  0xe9, 0xc5, 0x0b, 0xae, 0xc1, 0x65, 0xea, 0xc5, 0xb0, 0xe9, 0x11, 0x2c,
  0x11, 0x13, 0x41, 0x22, 0x05, 0x09, 0x0b, 0x0c, 0x04, 0x07, 0x43, 0x21,
  0x42, 0x6f, 0x81, 0x7a, 0xf5, 0x03, 0x0a, 0x8d, 0x77, 0x61, 0x6b, 0x61,
  0x6d, 0x61, 0x74, 0x73, 0xf5, 0x93, 0x6d, 0xe9, 0x02, 0x85, 0x73, 0x61,
  0x74, 0xef, 0x8a, 0x2e, 0x74, 0xef, 0x89, 0x62, 0x61, 0x6e, 0x67, 0x65,
  0x2e, 0x66, 0x75, 0x6b, 0x75, 0x73, 0x68, 0x69, 0xed, 0xc4, 0xef, 0x76,
  0x65, 0xee, 0x02, 0x87, 0x63, 0x6c, 0x6f, 0x75, 0xe4, 0xc6, 0xf5, 0x2e,
  0x61, 0xf0, 0xc6, 0xc2, 0xf3, 0x02, 0x89, 0x68, 0x6f, 0x2e, 0x73, 0x68,
  0x69, 0xe7, 0xc4, 0xd2, 0x61, 0x69, 0x2e, 0x61, 0xe9, 0xc4, 0x75, 0xf2,
  0x08, 0x0c, 0x05, 0x05, 0x40, 0xd7, 0x07, 0x84, 0xf4, 0x02, 0x86, 0x72,
  0x61, 0x66, 0xe6, 0xc2, 0x6c, 0xe5, 0xc4, 0x12, 0x70, 0x6f, 0xf2, 0xc0,
  0xe2, 0x6c, 0x69, 0xee, 0xc2, 0x53, 0xe6, 0x02, 0x85, 0x6f, 0x72, 0xe3,
  0xc5, 0x0f, 0x6c, 0x6f, 0x77, 0xae, 0x07, 0x0e, 0x05, 0x07, 0x05, 0x20,
  0xbf, 0x75, 0x73, 0xad, 0x02, 0x83, 0x77, 0xe5, 0x83, 0x65, 0x61, 0x73,
  0xf4, 0xc0, 0x8f, 0x73, 0x61, 0xad, 0xc0, 0x9e, 0x6d, 0x65, 0xad, 0x40,
  0x60, 0xc0, 0x40, 0x69, 0x6c, 0xad, 0xc0, 0x59, 0x65, 0x75, 0xad, 0x04,
  0x04, 0x07, 0x85, 0x77, 0xe5, 0xc0, 0x7d, 0x73, 0x6f, 0x75, 0x74, 0xe8,
  0xc0, 0x6c, 0x6e, 0x6f, 0xf2, 0xc0, 0x85, 0x63, 0x65, 0x6e, 0x74, 0x72,
  0x61, 0xec, 0xc0, 0x5e, 0xe3, 0x02, 0xad, 0x6e, 0x2d, 0x6e, 0x6f, 0x72,
  0x74, 0xe8, 0x02, 0x84, 0x77, 0x65, 0x73, 0x74, 0x2d, 0x31, 0x2e, 0x6f,
  0x6e, 0x2e, 0x61, 0x6d, 0x61, 0x7a, 0x6f, 0x6e, 0x77, 0x65, 0x62, 0x73,
  0x65, 0x72, 0x76, 0x69, 0x63, 0x65, 0x73, 0x2e, 0x63, 0x6f, 0x6d, 0x2e,
  0x63, 0xee, 0xc6, 0x40, 0x61, 0xad, 0x02, 0x83, 0x77, 0xe5, 0xbc, 0x63,
  0x65, 0x6e, 0x74, 0x72, 0x61, 0xec, 0xbe, 0xe1, 0x02, 0xb3, 0x70, 0xad,
  0x03, 0x18, 0x91, 0x73, 0x6f, 0x75, 0x74, 0xe8, 0x02, 0x8e, 0x65, 0x61,
  0x73, 0x74, 0xad, 0x05, 0x02, 0x12, 0x02, 0x8f, 0xb5, 0xa5, 0xb4, 0xa3,
  0xad, 0x11, 0x8f, 0x6e, 0x6f, 0x72, 0x74, 0x68, 0x65, 0x61, 0x73, 0x74,
  0xad, 0x03, 0x02, 0x8f, 0xb3, 0x91, 0xb2, 0x8f, 0x65, 0x61, 0x73, 0xf4,
  0x88, 0x66, 0x2d, 0x73, 0x6f, 0x75, 0x74, 0x68, 0x2d, 0x31, 0x2e, 0x6f,
  0x6e, 0x2e, 0xe1, 0xc1, 0xe3, 0x63, 0x72, 0x61, 0x66, 0xf4, 0xc2, 0x9b,
  0x62, 0xf5, 0xc3, 0x0c, 0xad, 0x02, 0x91, 0x74, 0x72, 0x61, 0x66, 0x66,
  0x69, 0x63, 0x2d, 0x63, 0x6f, 0x6e, 0x74, 0x72, 0x6f, 0xec, 0xc2, 0x83,
  0x73, 0x75, 0x72, 0x76, 0x65, 0x69, 0x6c, 0x6c, 0x61, 0x6e, 0xe3, 0xc1,
  0x50, 0x70, 0x2e, 0xe5, 0xc4, 0x0f, 0x6f, 0x69, 0x2e, 0x68, 0x79, 0x6f,
  0xe7, 0xc3, 0xbe, 0x6e, 0x61, 0x6e, 0x2e, 0x65, 0x68, 0x69, 0x6d, 0xe5,
  0xc3, 0xb4, 0x6b, 0x61, 0x77, 0x61, 0x2e, 0x6b, 0x61, 0x6e, 0x61, 0xe7,
  0xc0, 0x41, 0x64, 0xae, 0xc0, 0x50, 0x62, 0x65, 0x74, 0x73, 0xf5, 0xc3,
  0x94, 0xae, 0x08, 0x06, 0x03, 0x05, 0x40, 0x48, 0xc2, 0x29, 0x73, 0x74,
  0x75, 0xe4, 0xc4, 0x48, 0xeb, 0xc3, 0xed, 0xe9, 0x42, 0xe8, 0xc1, 0x21,
  0xe2, 0xc2, 0xe3, 0x68, 0xae, 0x03, 0xc3, 0xa2, 0xe3, 0xc3, 0xfc, 0xe7,
  0x09, 0x0c, 0x2e, 0x14, 0x07, 0x42, 0xae, 0xc2, 0x62, 0x75, 0x6e, 0x69,
  0x2e, 0x6f, 0x6b, 0x69, 0x6e, 0x61, 0xf7, 0xc3, 0x41, 0xf2, 0x05, 0x11,
  0x13, 0xc3, 0x99, 0xef, 0x02, 0x83, 0xee, 0xc3, 0x1a, 0xae, 0x02, 0x83,
  0xf0, 0xc2, 0x8b, 0xe2, 0x42, 0x94, 0xc0, 0xe3, 0xe9, 0x03, 0x06, 0x85,
  0x67, 0x65, 0x6e, 0xf4, 0xc2, 0xd7, 0x63, 0x2e, 0xfa, 0xc3, 0x46, 0x2e,
  0xea, 0xc3, 0x62, 0x61, 0xf2, 0xc3, 0xf6, 0xe5, 0x02, 0x8a, 0xee, 0x02,
  0x84, 0x74, 0xf3, 0xc1, 0xd6, 0xe3, 0xc2, 0x7a, 0x6d, 0x61, 0x74, 0x73,
  0xf5, 0xc1, 0x95, 0x64, 0x65, 0x6e, 0x65, 0xf3, 0xc3, 0x35, 0xe1, 0x03,
  0x02, 0x89, 0x6e, 0x6f, 0x2e, 0x6e, 0x69, 0x69, 0x67, 0x61, 0xf4, 0xc2,
  0xe9, 0x6b, 0x68, 0xe1, 0xc3, 0x89, 0xe6, 0x09, 0x0e, 0x06, 0x13, 0x03,
  0x42, 0x0a, 0xc2, 0xbe, 0x72, 0x69, 0x63, 0xe1, 0x03, 0xc4, 0xeb, 0xae,
  0x03, 0xc3, 0xd3, 0xe2, 0xc2, 0x34, 0x6a, 0x6f, 0x72, 0xe4, 0xc3, 0x03,
  0x66, 0x69, 0x6e, 0x69, 0x74, 0x79, 0x6c, 0x6f, 0x74, 0x74, 0x65, 0x72,
  0x79, 0x2e, 0x6f, 0x72, 0xe7, 0xc1, 0x0a, 0xae, 0xc2, 0xfe, 0x2d, 0x73,
  0x6f, 0x75, 0x74, 0x68, 0x2d, 0x31, 0xae, 0x03, 0x04, 0x92, 0x72, 0x64,
  0xf3, 0x9a, 0x65, 0x6c, 0x61, 0x73, 0x74, 0x69, 0x63, 0x62, 0x65, 0x61,
  0x6e, 0x73, 0x74, 0x61, 0x6c, 0xeb, 0xc3, 0x93, 0x61, 0x69, 0x72, 0x66,
  0x6c, 0x6f, 0x77, 0x2e, 0x61, 0x6d, 0x61, 0x7a, 0x6f, 0x6e, 0x61, 0x77,
  0xf3, 0xc4, 0x8d, 0xe5, 0x08, 0x04, 0x2b, 0x20, 0x05, 0x44, 0x35, 0x81,
  0x74, 0xee, 0xc2, 0x99, 0x72, 0xef, 0x07, 0x06, 0x07, 0x06, 0x07, 0xc4,
  0x63, 0x70, 0x6f, 0x72, 0xf4, 0xc3, 0xba, 0x64, 0x72, 0x6f, 0x6d, 0xe5,
  0xc1, 0x25, 0x63, 0x6c, 0x75, 0xe2, 0xc1, 0x1f, 0x62, 0x61, 0x74, 0x69,
  0xe3, 0xc1, 0x18, 0xae, 0x03, 0xc2, 0xe9, 0x6d, 0xf6, 0xc4, 0x5d, 0x6d,
  0xae, 0x04, 0x08, 0x05, 0x88, 0x72, 0x65, 0x76, 0x69, 0x65, 0xf7, 0xc3,
  0xab, 0x70, 0x61, 0xe7, 0xc3, 0xb0, 0x6e, 0x65, 0x74, 0x77, 0x6f, 0xf2,
  0xc3, 0xd5, 0x6c, 0x69, 0xf6, 0xc3, 0xa3, 0x6a, 0x72, 0xe9, 0xc2, 0x5a,
  0xae, 0x05, 0x40, 0xf1, 0xc1, 0x73, 0xeb, 0xc0, 0xf2, 0xe4, 0x0c, 0x0c,
  0x13, 0x0a, 0x28, 0x06, 0x0a, 0x0b, 0x40, 0xdc, 0xc2, 0xd8, 0x79, 0x67,
  0x65, 0x79, 0x61, 0xae, 0x03, 0xc1, 0xcf, 0xf2, 0xc3, 0x3b, 0xf6, 0x02,
  0x89, 0x69, 0x73, 0x6f, 0x72, 0x2e, 0x77, 0xf3, 0xc4, 0x06, 0xae, 0x03,
  0xc2, 0x6f, 0xed, 0xc1, 0x24, 0x75, 0x6c, 0xf4, 0x03, 0xc3, 0xfb, 0x2e,
  0xe8, 0xc1, 0xf1, 0x6f, 0x62, 0xe5, 0x02, 0x96, 0x69, 0xef, 0x02, 0x89,
  0x72, 0x75, 0x6e, 0x74, 0x69, 0x6d, 0xe5, 0xc3, 0x8f, 0x2d, 0x73, 0x74,
  0x61, 0x74, 0x69, 0xe3, 0xc3, 0x86, 0x61, 0x65, 0x6d, 0x63, 0x6c, 0x6f,
  0x75, 0x64, 0xae, 0x42, 0xbf, 0xc0, 0xbd, 0x6d, 0xae, 0x41, 0x99, 0xc0,
  0x9f, 0x69, 0x6d, 0x6f, 0x2e, 0x63, 0x6f, 0x2e, 0xf5, 0xc3, 0x54, 0x61,
  0x63, 0x68, 0x69, 0x2e, 0x74, 0x6f, 0x6b, 0xf9, 0xc1, 0xbf, 0xae, 0x41,
  0xbe, 0xa9, 0xe3, 0x0a, 0x1f, 0x0a, 0x40, 0x48, 0x10, 0x41, 0x55, 0xc1,
  0xcf, 0xf4, 0x03, 0x03, 0x8e, 0xef, 0xc2, 0x0c, 0x69, 0x76, 0x65, 0x74,
  0x72, 0x61, 0x69, 0x6c, 0x2e, 0x62, 0x69, 0xfa, 0xc3, 0x5d, 0xae, 0x02,
  0x84, 0x65, 0x64, 0x75, 0x2e, 0xe1, 0xc2, 0x53, 0x68, 0x69, 0x2e, 0x6e,
  0x61, 0x67, 0x61, 0xee, 0xc1, 0x87, 0xe3, 0x04, 0x03, 0x0b, 0xa1, 0xf4,
  0xc1, 0x9f, 0x6f, 0x75, 0x6e, 0x74, 0x61, 0x6e, 0xf4, 0x40, 0x95, 0xc2,
  0xd8, 0x69, 0x64, 0x65, 0x6e, 0x74, 0xad, 0x02, 0x87, 0x70, 0x72, 0x65,
  0x76, 0x65, 0xee, 0x8a, 0x69, 0x6e, 0x76, 0x65, 0x73, 0x74, 0x69, 0x67,
  0x61, 0x74, 0x69, 0x6f, 0x6e, 0x2e, 0x61, 0xe5, 0xc1, 0x75, 0xe5, 0x02,
  0x8b, 0x73, 0x73, 0x63, 0x61, 0x6d, 0x2e, 0x6f, 0x72, 0xe7, 0xc3, 0x07,
  0x6e, 0x74, 0x75, 0xf2, 0xc1, 0x87, 0xe1, 0x03, 0xc1, 0x59, 0x64, 0x65,
  0xed, 0x03, 0xc0, 0x84, 0x69, 0x61, 0x2e, 0xe2, 0xc1, 0x57, 0xae, 0x14,
  0x06, 0x03, 0x04, 0x06, 0x04, 0x05, 0x06, 0x04, 0x0d, 0x10, 0x04, 0x0d,
  0x08, 0x04, 0x03, 0x0e, 0x0b, 0xc0, 0x9e, 0xfa, 0x40, 0x4d, 0x28, 0xc0,
  0xaa, 0xf6, 0xc1, 0x93, 0xf5, 0x30, 0xc2, 0xd4, 0xf4, 0x02, 0xa0, 0xe8,
  0xc2, 0xfe, 0xf3, 0x1c, 0xc1, 0x30, 0xf2, 0x1f, 0x3f, 0xc1, 0xbe, 0xf0,
  0x1d, 0x40, 0xe6, 0xc0, 0x5b, 0xee, 0x0d, 0xc0, 0x65, 0xed, 0x09, 0x21,
  0x25, 0x40, 0xaa, 0x40, 0x40, 0xc0, 0x7a, 0xfa, 0xc2, 0xde, 0xec, 0x03,
  0x03, 0x83, 0xf3, 0xc2, 0xd7, 0xeb, 0xc2, 0xd4, 0x65, 0x67, 0x2e, 0xe2,
  0xc2, 0x11, 0xeb, 0x41, 0x1c, 0x9b, 0xe9, 0x06, 0x03, 0x28, 0x41, 0x02,
  0x9f, 0xed, 0xc2, 0xc0, 0xec, 0xc2, 0xbd, 0xe7, 0x03, 0xc1, 0x42, 0x6f,
  0xf6, 0xc1, 0x1f, 0x66, 0xea, 0xc2, 0xb1, 0xe5, 0xc2, 0xad, 0xe3, 0x05,
  0x03, 0x29, 0xc1, 0x05, 0xf9, 0xc2, 0xa5, 0xf2, 0x40, 0xd8, 0xc1, 0xca,
  0xe2, 0x04, 0x03, 0xc0, 0xe7, 0xf7, 0xc2, 0x98, 0xe4, 0xc2, 0x95, 0xe1,
  0x40, 0x8a, 0xc0, 0x59, 0xe2, 0x0c, 0x16, 0x0d, 0x0c, 0x03, 0x0a, 0x0f,
  0x06, 0x18, 0x05, 0x0e, 0x92, 0xf5, 0x02, 0x87, 0x64, 0x68, 0x61, 0x62,
  0xe9, 0xc2, 0x79, 0x2e, 0x79, 0x61, 0x6d, 0x61, 0x67, 0x75, 0x63, 0x68,
  0xe9, 0xc0, 0x77, 0xf2, 0x04, 0x04, 0xc1, 0x46, 0x75, 0x7a, 0x7a, 0x6f,
  0x2e, 0xe9, 0xc0, 0x58, 0xef, 0x02, 0x85, 0x67, 0x61, 0xe4, 0xc0, 0x89,
  0x2e, 0xf0, 0xc0, 0x65, 0xec, 0xc0, 0xa2, 0x6b, 0x68, 0x61, 0x7a, 0x69,
  0x61, 0x2e, 0xf3, 0xc1, 0x6c, 0xe9, 0x02, 0x84, 0x72, 0xe1, 0xc0, 0x41,
  0x6b, 0x6f, 0x2e, 0x63, 0x68, 0x69, 0xe2, 0x9d, 0x67, 0x2e, 0x65, 0xe3,
  0xc2, 0x32, 0xe5, 0x02, 0x8c, 0x72, 0x64, 0x65, 0x65, 0x6e, 0x2e, 0x77,
  0x61, 0x2e, 0xf5, 0xc1, 0x7f, 0x6e, 0x6f, 0x2e, 0x6f, 0x73, 0x61, 0x6b,
  0xe1, 0xa3, 0xe3, 0x40, 0x81, 0xc1, 0x96, 0xe2, 0x04, 0x04, 0xc2, 0x0a,
  0x76, 0xe9, 0xc0, 0x5d, 0x6f, 0x74, 0xf4, 0xc2, 0x07, 0x61, 0x73, 0x68,
  0x69, 0x72, 0x69, 0x2e, 0x68, 0x6f, 0x6b, 0x6b, 0x61, 0x69, 0x64, 0x6f,
  0x2e, 0xea, 0x8f, 0x2e, 0xe3, 0x02, 0xa4, 0xe1, 0xc1, 0xee, 0xe1, 0x03,
  0x0d, 0x88, 0xf2, 0x02, 0x83, 0xf0, 0xc1, 0xe4, 0x62, 0x6f, 0x72, 0x74,
  0x65, 0xae, 0x8c, 0xe1, 0x03, 0xc1, 0xd7, 0x2e, 0x70, 0xf2, 0x85, 0xae,
  0x02, 0x84, 0x6e, 0xef, 0xc1, 0xce, 0x63, 0x72, 0x6d, 0x2e, 0x64, 0x65,
  0xf6, 0xc1, 0xc1, 0x32, 0x68, 0x6f, 0x73, 0x74, 0x65, 0xe4, 0xc0, 0xa7,
  0xae, 0x04, 0x09, 0xc1, 0xaa, 0xf3, 0x02, 0x83, 0x73, 0xec, 0x88, 0xe5,
  0xc1, 0xae, 0x70, 0x72, 0x6f, 0x64, 0x2e, 0x66, 0x61, 0x73, 0x74, 0x6c,
  0xf9, 0xc1, 0x49, 0xb9, 0x03, 0xc1, 0x98, 0x67, 0x75, 0x61, 0x63, 0x75,
  0x2e, 0x62, 0xf2, 0xc1, 0x93, 0xb8, 0xc1, 0x8d, 0xb7, 0xc1, 0x22, 0xb6,
  0x05, 0x03, 0x0a, 0xc1, 0x0d, 0xb4, 0xc0, 0x76, 0x31, 0x31, 0x2e, 0xf4,
  0xc1, 0x0e, 0xb5, 0x03, 0xc1, 0x0d, 0x67, 0x2e, 0x69, 0xee, 0xc1, 0x74,
  0xb4, 0x03, 0x03, 0x86, 0xf5, 0xc0, 0x58, 0x6c, 0x69, 0x6d, 0xe1, 0xc0,
  0x6e, 0xae, 0x03, 0xc1, 0x5f, 0xe1, 0x40, 0xfa, 0x91, 0xb3, 0x04, 0x09,
  0xc0, 0xe4, 0x75, 0x74, 0x69, 0x6c, 0x69, 0x74, 0x69, 0xe5, 0xb6, 0xb2,
  0xc0, 0x40, 0xb2, 0x05, 0x04, 0x10, 0xc0, 0xc7, 0x69, 0xf8, 0xc0, 0x4b,
  0xb0, 0x02, 0x86, 0x33, 0x38, 0x2e, 0xe9, 0xc0, 0xcb, 0x30, 0x30, 0x2e,
  0x68, 0xf5, 0xc1, 0x34, 0x2d, 0xe4, 0xc0, 0xf8, 0xb1, 0x08, 0x05, 0x08,
  0x09, 0x05, 0x0c, 0xc0, 0x93, 0x6b, 0x61, 0x70, 0xf0, 0x8c, 0x63, 0x6f,
  0x6f, 0x6c, 0x64, 0x6e, 0xf3, 0x84, 0x38, 0x30, 0x72, 0x2e, 0x63, 0x6f,
  0xed, 0xc0, 0xdc, 0x36, 0x2d, 0xe2, 0xc0, 0x8c, 0x33, 0x33, 0x37, 0x2e,
  0x70, 0x69, 0x63, 0x74, 0x75, 0xf2, 0xc0, 0x5b, 0xb2, 0x02, 0x86, 0x68,
  0x70, 0xae, 0x20, 0x0d, 0x82, 0xb3, 0x06, 0x28, 0x0c, 0x0d, 0x16, 0x8d,
  0x77, 0x65, 0x62, 0xf3, 0x02, 0x96, 0x69, 0x74, 0x65, 0xae, 0x04, 0x04,
  0x04, 0x84, 0x6e, 0xec, 0xc0, 0xa9, 0x6c, 0xf5, 0xc0, 0xa5, 0x63, 0xe8,
  0xc0, 0xa1, 0xe2, 0xb9, 0x65, 0x69, 0x74, 0x65, 0xae, 0x02, 0x82, 0xe4,
  0xb0, 0xe1, 0xc0, 0x73, 0x73, 0x69, 0x74, 0x65, 0x77, 0x65, 0x62, 0x2e,
  0x66, 0xf2, 0xc0, 0x87, 0x70, 0x61, 0x67, 0x69, 0x6e, 0x61, 0x77, 0x65,
  0x62, 0x2e, 0xf0, 0xc0, 0x5a, 0x6d, 0xe9, 0x02, 0x88, 0x77, 0x65, 0x62,
  0x2e, 0x65, 0xf3, 0xc0, 0x6e, 0x6e, 0x73, 0x69, 0x64, 0x61, 0x2e, 0x73,
  0xe5, 0xc0, 0x64, 0x6b, 0x6f, 0x74, 0x69, 0x73, 0x69, 0x76, 0x75, 0x2e,
  0x66, 0xe9, 0xc0, 0x57, 0xe8, 0x02, 0x8a, 0x6f, 0x6d, 0x65, 0x70, 0x61,
  0x67, 0x65, 0x2e, 0xe9, 0xa9, 0x6a, 0x65, 0x6d, 0x6d, 0x65, 0x73, 0x69,
  0x64, 0x65, 0xae, 0x02, 0x83, 0x6e, 0xef, 0xba, 0x64, 0xeb, 0xb7, 0xae,
  0x03, 0xc0, 0x65, 0x61, 0x7a, 0x75, 0x72, 0x65, 0x73, 0x74, 0x61, 0x74,
  0x69, 0x63, 0x61, 0x70, 0x70, 0x73, 0x2e, 0x6e, 0x65, 0xf4, 0x9f, 0xb0,
  0x07, 0x02, 0x02, 0x03, 0x0a, 0x06, 0xb1, 0xf4, 0x84, 0xea, 0x82, 0x67,
  0xb0, 0x8d, 0xe5, 0x02, 0x83, 0x6d, 0xed, 0xb7, 0x2e, 0x76, 0xe3, 0xb7,
  0x61, 0x6d, 0x2e, 0x6a, 0x70, 0x88, 0x30, 0x31, 0x2e, 0x74, 0x65, 0x73,
  0x74, 0x2e, 0x63, 0x6f, 0x64, 0x65, 0x2d, 0x62, 0x75, 0x69, 0x6c, 0x64,
  0x65, 0x72, 0x2d, 0x73, 0x74, 0x67, 0x2e, 0x70, 0x6c, 0x61, 0x74, 0x66,
  0x6f, 0x72, 0x6d, 0x2e, 0x73, 0x61, 0x6c, 0x65, 0x73, 0x66, 0x6f, 0x72,
  0x63, 0x65, 0x2e, 0x63, 0x6f, 0x6d, 0x8a, 0x2e, 0x62, 0x67, 0x84,
};
